,發票日期,消費明細_數量,消費明細_單價,消費明細_金額,store_clean,item_clean,label,user_id,price_bucket,label_id
0,2025-09-01,1.0,115.0,115.0,福康事業,法式特餐,飲食,0,LOW,0
1,2025-09-01,1.0,95.0,95.0,一之軒食品南西分店,生吐司,飲食,0,LOW,0
2,2025-09-02,1.0,990.0,990.0,新光三越百貨台北信義,咖啡廳coffee shops & tea salons,飲食,0,HIGH,0
3,2025-09-02,1.0,80.0,80.0,新光三越百貨台北信義,小吃food court,飲食,0,LOW,0
4,2025-09-03,1.0,35.0,35.0,統一超商台北市第148,桂格100%燕麥(顆粒微甜)290ml,飲食,0,VERY_LOW,0
5,2025-09-03,1.0,100.0,100.0,博客停車場開發政大場,parkingfee,交通,0,LOW,1
6,2025-09-05,1.0,1287.0,1287.0,太平洋崇光百貨敦化,開飯川食堂,飲食,0,HIGH,0
7,2025-09-05,1.0,35.0,35.0,統一超商台北市第七四一,桂格100%燕麥(顆粒微甜)290ml,飲食,0,VERY_LOW,0
8,2025-09-06,1.0,57.0,57.0,國立臺灣大學生物資源暨農學院附設農業試驗場,豆乳原味奶酪,飲食,0,LOW,0
9,2025-09-07,1.0,35.0,35.0,和德昌台北指南,冰綠茶-小,飲食,0,VERY_LOW,0
10,2025-09-07,1.0,68.0,68.0,和德昌台北指南,b10_四重麥香雞,飲食,0,LOW,0
11,2025-09-08,1.0,35.0,35.0,統一超商台北市第七四一,桂格100%燕麥(顆粒微甜)290ml,飲食,0,VERY_LOW,0
12,2025-09-08,1.0,55.0,55.0,統一超商台北市第七四一,ladears 開心果可麗露,飲食,0,LOW,0
13,2025-09-08,1.0,15.0,15.0,統一超商台北市第七四一,紅牌速纖纖維飲料tp330,飲食,0,VERY_LOW,0
14,2025-09-08,1.0,88.0,88.0,魚王四口,g餓遊戲,娛樂,0,LOW,3
15,2025-09-08,1.0,40.0,40.0,魚王四口,四季春茶(冰),飲食,0,VERY_LOW,0
16,2025-09-10,1.0,57.0,57.0,國立臺灣大學生物資源暨農學院附設農業試驗場,豆乳原味奶酪,飲食,0,LOW,0
17,2025-09-11,1.0,49.0,49.0,統一超商台北市第148,ab原味優酪乳517ml(瓶),飲食,0,VERY_LOW,0
18,2025-09-11,1.0,110.0,99.0,傑洛國際台大店,嫩切雞肉堡6吋,飲食,0,LOW,0
19,2025-09-12,1.0,60.0,60.0,龍鱗餐飲,叉燒飯,飲食,0,LOW,0
20,2025-09-12,1.0,350.0,350.0,龍鱗餐飲,豚骨魚介肉盛,飲食,0,MID,0
21,2025-09-12,1.0,350.0,350.0,龍鱗餐飲,松露雞白湯,飲食,0,MID,0
22,2025-09-12,1.0,669.0,669.0,琨夏精品服飾,商品一批,購物,0,HIGH,2
23,2025-09-12,1.0,163.0,163.0,穀果國際曉鹿鳴樓(台大店),鹽味舒肥雞poke-加購免洗餐盒2元,飲食,0,MID,0
24,2025-09-13,1.0,150.0,150.0,睿鼎數位,cremia 北海道冰淇淋之神生日快樂冰淇淋(口味任選),飲食,0,MID,0
25,2025-09-14,2.0,300.0,600.0,高氏柴胡,豬腳能量碗,飲食,0,HIGH,0
26,2025-09-14,1.0,246.5,246.5,台灣屈臣氏個人用品商店政大,solone天生好手極細三角眉筆ex04深霧灰,購物,0,MID,2
27,2025-09-14,1.0,189.0,189.0,台灣屈臣氏個人用品商店政大,rr粉底液粉撲五角型30p-845522,購物,0,MID,2
28,2025-09-14,1.0,67.0,67.0,和德昌台北指南,a01_大薯+1多1,飲食,0,LOW,0
29,2025-09-14,1.0,140.0,140.0,高氏柴胡,140元套餐,飲食,0,LOW,0
30,2025-09-15,1.0,55.0,55.0,福康事業,鮮蛋沙拉可頌,飲食,0,LOW,0
31,2025-09-17,1.0,129.0,116.0,傑洛國際台大店,義大利牛肉丸堡6吋,飲食,0,LOW,0
32,2025-09-17,1.0,110.0,99.0,傑洛國際台大店,嫩切雞肉堡6吋,飲食,0,LOW,0
33,2025-09-19,1.0,65.0,65.0,統一超商台北市第一一八六,極饗-真飽經典麻醬涼麵,飲食,0,LOW,0
34,2025-09-19,1.0,28.0,28.0,統一超商台北市第一一八六,ab原味優酪乳206ml(瓶),飲食,0,VERY_LOW,0
35,2025-09-20,4.0,20.0,80.0,統一超商台北市第九三三,多喝水pet700,飲食,0,LOW,0
36,2025-09-20,1.0,45.0,45.0,品都串燒,培根麻糬,飲食,0,VERY_LOW,0
37,2025-09-20,1.0,30.0,30.0,品都串燒,櫛瓜,飲食,0,VERY_LOW,0
38,2025-09-20,1.0,30.0,30.0,品都串燒,香菇,飲食,0,VERY_LOW,0
39,2025-09-20,1.0,30.0,30.0,品都串燒,豆皮,飲食,0,VERY_LOW,0
40,2025-09-20,1.0,45.0,45.0,品都串燒,孜然羊肉串,飲食,0,VERY_LOW,0
41,2025-09-20,1.0,40.0,40.0,品都串燒,多汁雞肉捲,飲食,0,VERY_LOW,0
42,2025-09-20,2.0,30.0,60.0,品都串燒,豆皮,飲食,0,LOW,0
43,2025-09-20,3.0,30.0,90.0,品都串燒,櫛瓜,飲食,0,LOW,0
44,2025-09-20,1.0,30.0,30.0,品都串燒,香菇,飲食,0,VERY_LOW,0
45,2025-09-20,1.0,45.0,45.0,品都串燒,特選牛肉串,飲食,0,VERY_LOW,0
46,2025-09-20,1.0,30.0,30.0,品都串燒,櫛瓜,飲食,0,VERY_LOW,0
47,2025-09-20,1.0,30.0,30.0,品都串燒,豆皮,飲食,0,VERY_LOW,0
48,2025-09-20,1.0,45.0,45.0,品都串燒,孜然羊肉串,飲食,0,VERY_LOW,0
49,2025-09-20,1.0,30.0,30.0,品都串燒,杏鮑菇,飲食,0,VERY_LOW,0
50,2025-09-20,2.0,40.0,80.0,品都串燒,雞腿肉串,飲食,0,LOW,0
51,2025-09-21,1.0,268.0,268.0,台灣三井不動產南港,中式料理,飲食,0,MID,0
52,2025-09-22,1.0,49.0,49.0,統一超商台北市第七四一,ab原味優酪乳517ml(瓶),飲食,0,VERY_LOW,0
53,2025-09-22,1.0,35.0,35.0,統一超商台北市第七四一,卡辣姆久平切洋芋片勁辣唐辛35元,飲食,0,VERY_LOW,0
54,2025-09-22,1.0,30.0,30.0,統一超商台北市第七四一,晨光葡萄土司,飲食,0,VERY_LOW,0
55,2025-09-23,1.0,35.0,35.0,統一超商台北市第七四一,卡辣姆久平切洋芋片勁辣唐辛35元,飲食,0,VERY_LOW,0
56,2025-09-23,1.0,100.0,100.0,悠旅生活事業松仁門市部,起司牛肉可頌,飲食,0,LOW,0
57,2025-09-23,1.0,35.0,35.0,統一超商台北市第七四一,桂格100%燕麥(顆粒微甜)290ml,飲食,0,VERY_LOW,0
58,2025-09-23,1.0,69.0,69.0,統一超商台北市第七四一,粥天子-廣式皮蛋瘦肉煲粥,飲食,0,LOW,0
59,2025-09-24,1.0,35.0,35.0,和德昌台北台大門市部,冰綠茶-小,飲食,0,VERY_LOW,0
60,2025-09-24,1.0,110.0,99.0,傑洛國際台大店,嫩切雞肉堡6吋,飲食,0,LOW,0
61,2025-09-24,1.0,68.0,68.0,和德昌台北台大門市部,b10_四重麥香雞,飲食,0,LOW,0
62,2025-09-25,1.0,28.0,28.0,統一超商台北市第五十四門市,ab原味優酪乳206ml(瓶),飲食,0,VERY_LOW,0
63,2025-09-25,1.0,45.0,45.0,統一超商台北市第五十四門市,(a)御料小館香辣炸雞球,飲食,0,VERY_LOW,0
64,2025-09-25,1.0,35.0,35.0,統一超商台北市第五十四門市,卡辣姆久平切洋芋片勁辣唐辛35元,飲食,0,VERY_LOW,0
65,2025-09-26,1.0,113.0,113.0,穀果國際曉鹿鳴樓(台大店),無蛋白質poke-加購免洗餐盒2元,飲食,0,LOW,0
66,2025-09-26,1.0,35.0,35.0,美德耐台大卓越商場,桂格100%燕麥(顆粒微甜)290ml,飲食,0,VERY_LOW,0
67,2025-09-26,1.0,45.0,45.0,美德耐台大卓越商場,(a)金莎3粒裝,飲食,0,VERY_LOW,0
68,2025-09-26,1.0,25.0,25.0,全家便利商店台大二活門市部,一配蜂蜜牛奶球,飲食,0,VERY_LOW,0
69,2025-09-26,1.0,42.0,42.0,全家便利商店台大二活門市部,光泉杯裝全脂鮮乳,飲食,0,VERY_LOW,0
70,2025-09-27,1.0,2.0,2.0,寶雅國際信義松壽,代收(售)-台北市購物兩用袋(中),購物,0,VERY_LOW,2
71,2025-09-27,1.0,32.0,32.0,寶雅國際信義松壽,老中醫天然仙楂70g,飲食,0,VERY_LOW,0
72,2025-09-27,1.0,199.0,199.0,寶雅國際信義松壽,meko好簡單免膠單株睫毛36簇-太陽花款,購物,0,MID,2
73,2025-09-27,1.0,139.0,139.0,寶雅國際信義松壽,蘇菲彈力貼身超薄基本14片4入日用23cm,購物,0,LOW,2
74,2025-09-27,1.0,990.0,990.0,極品國際餐飲信義營業所,餐飲費,飲食,0,HIGH,0
75,2025-09-27,1.0,80.0,80.0,新光三越百貨台北信義,小吃food court,飲食,0,LOW,0
76,2025-09-28,1.0,30.0,30.0,統一超商台北市第七四一,福樂自然零藍莓優酪,飲食,0,VERY_LOW,0
77,2025-09-28,1.0,45.0,45.0,統一超商台北市第七四一,(a)御料小館香辣炸雞球,飲食,0,VERY_LOW,0
78,2025-09-28,1.0,25.0,25.0,統一超商台北市第七四一,來一客杯麵京燉肉骨風味,飲食,0,VERY_LOW,0
79,2025-09-28,1.0,79.0,79.0,統一超商台北市第七四一,ab原味優酪乳902ml(瓶),飲食,0,LOW,0
80,2025-09-29,1.0,12.0,12.0,學成國際,劃位-+ 加價,教育,0,VERY_LOW,4
81,2025-09-29,1.0,349.0,349.0,台灣吉豚屋餐飲館前,ei壽喜牛里肌豬排鍋定食,飲食,0,MID,0
82,2025-09-29,1.0,189.0,189.0,台灣吉豚屋餐飲館前,ei吉豚豬排丼 (梅),飲食,0,MID,0
83,2025-09-29,1.0,250.0,250.0,長揚停車館前站,票號2025092916046243,交通,0,MID,1
84,2025-10-01,1.0,35.0,35.0,和德昌台北公館,冰綠茶-小,飲食,0,VERY_LOW,0
85,2025-10-01,1.0,68.0,68.0,和德昌台北公館,b10_四重麥香雞,飲食,0,LOW,0
86,2025-10-01,1.0,25.0,25.0,傑洛國際台大店,餅乾1片,飲食,0,VERY_LOW,0
87,2025-10-01,1.0,110.0,110.0,傑洛國際台大店,嫩切雞肉堡6吋,飲食,0,LOW,0
88,2025-10-03,1.0,35.0,35.0,統一超商台北市第七四一,(a)多力多滋超濃起司味玉米片,飲食,0,VERY_LOW,0
89,2025-10-03,1.0,25.0,25.0,統一超商台北市第七四一,(a)來一客杯麵鮮蝦魚板風味,飲食,0,VERY_LOW,0
90,2025-10-03,1.0,36.0,36.0,美德耐台大卓越商場,林聰明-雞肉飯飯糰,飲食,0,VERY_LOW,0
91,2025-10-03,1.0,45.0,45.0,美德耐台大卓越商場,(a)御料小館香辣炸雞球,飲食,0,VERY_LOW,0
92,2025-10-03,1.0,28.0,28.0,全家便利商店台大二活門市部,ab優酪乳原味,飲食,0,VERY_LOW,0
93,2025-10-03,1.0,45.0,45.0,全家便利商店台大二活門市部,金莎三粒入,飲食,0,VERY_LOW,0
94,2025-10-03,1.0,30.0,30.0,美德耐台大卓越商場,福樂自然零藍莓優酪,飲食,0,VERY_LOW,0
95,2025-10-04,1.0,65.0,65.0,微風場站開發,餐飲,飲食,0,LOW,0
96,2025-10-13,1.0,30.0,30.0,正好停臺北車站東區地下停車場,parking fee,交通,0,VERY_LOW,1
97,2025-10-14,1.0,109.0,109.0,和德昌台北公館,餐-十塊雞,飲食,0,LOW,0
98,2025-10-14,1.0,43.0,43.0,和德昌台北公館,配-經典大薯,飲食,0,VERY_LOW,0
99,2025-10-14,1.0,45.0,45.0,和德昌台北公館,玉米湯-小,飲食,0,VERY_LOW,0
100,2025-10-15,1.0,110.0,99.0,傑洛國際台大店,嫩切雞肉堡6吋,飲食,0,LOW,0
101,2025-10-15,1.0,25.0,25.0,傑洛國際台大店,餅乾1片,飲食,0,VERY_LOW,0
102,2025-10-15,1.0,33.0,33.0,國立臺灣大學生物資源暨農學院附設農業試驗場,(臺大)小鮮乳,飲食,0,VERY_LOW,0
103,2025-10-16,1.0,268.0,268.0,台灣三井不動產南港,中式料理,飲食,0,MID,0
104,2025-10-16,1.0,70.0,70.0,日商樂比亞台灣lalaport南港店,耕豆漿布丁燒 (蛋奶素)150g,飲食,0,LOW,0
105,2025-10-17,1.0,28.0,28.0,美德耐台大卓越商場,ab原味優酪乳206ml(瓶),飲食,0,VERY_LOW,0
106,2025-10-17,1.0,35.0,35.0,美德耐台大卓越商場,御料小館蔥抓餅,飲食,0,VERY_LOW,0
107,2025-10-17,1.0,35.0,35.0,美德耐台大卓越商場,統一蛋糕屋典藏蜂蜜,飲食,0,VERY_LOW,0
108,2025-10-18,1.0,69.0,69.0,統一超商台北市第七四一,粥天子-廣式皮蛋瘦肉煲粥,飲食,0,LOW,0
109,2025-10-18,1.0,30.0,30.0,統一超商台北市第七四一,福樂自然零藍莓優酪,飲食,0,VERY_LOW,0
110,2025-10-18,1.0,18.0,18.0,統一超商台北市第七四一,金蘋果蘋果牛奶乳飲品175ml,飲食,0,VERY_LOW,0
111,2025-10-18,2.0,35.0,70.0,統一超商台北市第七四一,拉麵道日式豚骨風味,飲食,0,LOW,0
112,2025-10-18,1.0,45.0,45.0,統一超商台北市第七四一,(a)御料小館香辣炸雞球,飲食,0,VERY_LOW,0
113,2025-10-19,1.0,35.0,35.0,太隆商行,可樂餅,飲食,0,VERY_LOW,0
114,2025-10-19,1.0,40.0,40.0,太隆商行,各種蔬菜餅,飲食,0,VERY_LOW,0
115,2025-10-19,1.0,135.0,135.0,太隆商行,豆皮烏龍麵,飲食,0,LOW,0
116,2025-10-20,1.0,29.0,29.0,笑笑笑國際台北公館,南寶透明裝飾貼4 size,教育,0,VERY_LOW,4
117,2025-10-20,1.0,12.0,12.0,笑笑笑國際台北公館,藝舍黑田桑小卡,教育,0,VERY_LOW,4
118,2025-10-20,1.0,12.0,12.0,笑笑笑國際台北公館,藝舍黑田桑小卡,教育,0,VERY_LOW,4
119,2025-10-20,1.0,12.0,12.0,笑笑笑國際台北公館,藝舍黑田桑小卡,教育,0,VERY_LOW,4
120,2025-10-22,1.0,25.0,25.0,傑洛國際台大店,餅乾1片,飲食,0,VERY_LOW,0
121,2025-10-22,1.0,110.0,99.0,傑洛國際台大店,嫩切雞肉堡6吋,飲食,0,LOW,0
122,2025-10-23,1.0,154.0,154.0,新加坡商海底撈事業台灣第二,撈派巴沙魚片(半),飲食,0,MID,0
123,2025-10-23,1.0,49.0,49.0,新加坡商海底撈事業台灣第二,凍豆腐(半),飲食,0,VERY_LOW,0
124,2025-10-23,1.0,50.0,50.0,新加坡商海底撈事業台灣第二,自選小料,飲食,0,LOW,0
125,2025-10-23,1.0,88.0,88.0,新加坡商海底撈事業台灣第二,撈派撈麵,飲食,0,LOW,0
126,2025-10-23,1.0,249.0,249.0,新加坡商海底撈事業台灣第二,美國特選肥牛(半),飲食,0,MID,0
127,2025-10-23,1.0,249.0,249.0,新加坡商海底撈事業台灣第二,招牌蝦滑(半),飲食,0,MID,0
128,2025-10-23,1.0,84.0,84.0,新加坡商海底撈事業台灣第二,紅糖滋粑(半),飲食,0,LOW,0
129,2025-10-23,1.0,189.0,189.0,新加坡商海底撈事業台灣第二,豬肚雞火鍋,飲食,0,MID,0
130,2025-10-23,1.0,95.0,95.0,新加坡商海底撈事業台灣第二,娃娃菜(半),飲食,0,LOW,0
131,2025-10-23,1.0,99.0,99.0,新加坡商海底撈事業台灣第二,水蓮菜(半),飲食,0,LOW,0
132,2025-10-23,1.0,159.0,159.0,新加坡商海底撈事業台灣第二,三鮮火鍋(海鮮風味),飲食,0,MID,0
133,2025-10-23,1.0,50.0,50.0,新加坡商海底撈事業台灣第二,日本越光米,飲食,0,LOW,0
134,2025-10-23,1.0,79.0,79.0,新加坡商海底撈事業台灣第二,響鈴卷(半),飲食,0,LOW,0
135,2025-10-23,1.0,69.0,69.0,新加坡商海底撈事業台灣第二,千張豆皮(半),飲食,0,LOW,0
136,2025-10-24,1.0,200.0,200.0,台灣三井不動產南港,中式料理,飲食,0,MID,0
137,2025-10-26,1.0,79.0,79.0,統一超商台北市第七四一,ab原味優酪乳902ml(瓶),飲食,0,LOW,0
138,2025-10-26,2.0,40.0,80.0,統一超商台北市第七四一,(a)義美葡萄qq巧克力球,飲食,0,LOW,0
139,2025-10-26,1.0,28.0,28.0,統一超商台北市第七四一,ab原味優酪乳206ml(瓶),飲食,0,VERY_LOW,0
140,2025-10-26,1.0,30.0,30.0,統一超商台北市第七四一,台灣香蕉重量分享包(2入),飲食,0,VERY_LOW,0
141,2025-10-26,1.0,69.0,69.0,統一超商台北市第七四一,粥天子-廣式皮蛋瘦肉煲粥,飲食,0,LOW,0
142,2025-10-26,1.0,35.0,35.0,統一超商台北市第七四一,(a)多力多滋超濃起司味玉米片,飲食,0,VERY_LOW,0
143,2025-10-27,1.0,110.0,99.0,傑洛國際台大店,嫩切雞肉堡6吋,飲食,0,LOW,0
144,2025-10-27,2.0,25.0,50.0,傑洛國際台大店,餅乾1片,飲食,0,LOW,0
145,2025-10-27,1.0,45.0,45.0,統一超商台北市第七四一,(a)御料小館香辣炸雞球,飲食,0,VERY_LOW,0
146,2025-10-29,1.0,98.0,98.0,慵懶國際餐飲,例湯+飲料98元套餐,飲食,0,LOW,0
147,2025-10-29,1.0,268.0,268.0,慵懶國際餐飲,島嶼咖哩雞肉燉飯 chicken & vegetables risotto with red curry cream sauce,飲食,0,MID,0
148,2025-10-29,1.0,10.0,10.0,慵懶國際餐飲,薯球(肯)(活動),飲食,0,VERY_LOW,0
149,2025-10-29,1.0,278.0,278.0,慵懶國際餐飲,香蒜白酒蛤蠣麵 clams spaghetti with white wine & garlic oil,飲食,0,MID,0
150,2025-10-30,1.0,30.0,30.0,萊爾富國際第四七二六營業處,新-哆啦a夢小蛋糕,飲食,0,VERY_LOW,0
151,2025-10-30,1.0,35.0,35.0,萊爾富國際第四七二六營業處,桂格顆粒豆漿燕麥,飲食,0,VERY_LOW,0
152,2025-10-30,1.0,250.0,250.0,大飲信義門市,烏龍,飲食,0,MID,0
153,2025-10-31,1.0,36.0,36.0,統一超商台北市第七四一,林聰明-雞肉飯飯糰,飲食,0,VERY_LOW,0
154,2025-10-31,1.0,30.0,30.0,統一超商台北市第七四一,台灣香蕉重量分享包(2入),飲食,0,VERY_LOW,0
155,2025-11-02,1.0,35.0,35.0,統一超商台北市第七四一,桂格100%燕麥(顆粒微甜)290ml,飲食,0,VERY_LOW,0
156,2025-11-02,1.0,49.0,49.0,統一超商台北市第七四一,韓國農心辛香菇杯麵,飲食,0,VERY_LOW,0
157,2025-11-02,1.0,25.0,25.0,統一超商台北市第七四一,(區)現蒸地瓜25元,飲食,0,VERY_LOW,0
158,2025-11-02,1.0,35.0,35.0,統一超商台北市第七四一,卡辣姆久平切洋芋片勁辣唐辛35元,飲食,0,VERY_LOW,0
159,2025-11-02,1.0,30.0,30.0,統一超商台北市第七四一,福樂自然零藍莓優酪,飲食,0,VERY_LOW,0
160,2025-11-02,1.0,45.0,45.0,統一超商台北市第七四一,(a)御料小館香辣炸雞球,飲食,0,VERY_LOW,0
161,2025-11-02,1.0,25.0,25.0,統一超商台北市第七四一,來一客杯麵京燉肉骨風味,飲食,0,VERY_LOW,0
162,2025-11-03,1.0,110.0,99.0,傑洛國際台大店,嫩切雞肉堡6吋,飲食,0,LOW,0
163,2025-11-03,1.0,25.0,25.0,全家便利商店台大二活門市部,一配蜂蜜牛奶球,飲食,0,VERY_LOW,0
164,2025-11-03,1.0,28.0,28.0,全家便利商店台大二活門市部,ab優酪乳原味,飲食,0,VERY_LOW,0
165,2025-11-03,1.0,35.0,35.0,全家便利商店台大二活門市部,星二配雞肉飯飯糰,飲食,0,VERY_LOW,0
166,2025-11-03,1.0,25.0,25.0,傑洛國際台大店,餅乾1片,飲食,0,VERY_LOW,0
167,2025-11-04,1.0,299.0,299.0,台灣屈臣氏個人用品商店政大,活沛多游離型葉黃素30粒,醫療健康,0,MID,5
168,2025-11-04,2.0,54.5,109.0,台灣屈臣氏個人用品商店政大,屈臣氏棉花棒200支3入柴犬工房,購物,0,LOW,2
169,2025-11-05,1.0,35.0,35.0,全家便利商店台大二活門市部,桂格顆粒燕麥飲,飲食,0,VERY_LOW,0
170,2025-11-05,1.0,35.0,35.0,全家便利商店台大二活門市部,星一配雞肉飯飯糰,飲食,0,VERY_LOW,0
171,2025-11-05,1.0,30.0,30.0,全家便利商店台大二活門市部,一配哆啦a夢小蛋糕,飲食,0,VERY_LOW,0
172,2025-11-05,1.0,92.0,92.0,來佳商行,7號餐(台大店),飲食,0,LOW,0
173,2025-11-07,1.0,58.0,58.0,統一超商台北市第七四一,瑞穗鮮乳土司,飲食,0,LOW,0
174,2025-11-07,1.0,69.0,69.0,統一超商台北市第七四一,粥天子-廣式皮蛋瘦肉煲粥,飲食,0,LOW,0
175,2025-11-07,1.0,36.0,36.0,美德耐台大卓越商場,林聰明-雞肉飯飯糰,飲食,0,VERY_LOW,0
176,2025-11-07,1.0,45.0,45.0,統一超商台北市第七四一,(a)金莎3粒裝,飲食,0,VERY_LOW,0
177,2025-11-07,1.0,20.0,20.0,美德耐台大卓越商場,台灣上等蕉(裸賣),飲食,0,VERY_LOW,0
178,2025-11-07,1.0,28.0,28.0,美德耐台大卓越商場,ab原味優酪乳206ml(瓶),飲食,0,VERY_LOW,0
179,2025-11-07,1.0,45.0,45.0,美德耐台大卓越商場,(a)御料小館香辣炸雞球,飲食,0,VERY_LOW,0
180,2025-11-08,1.0,198.0,198.0,新光三越百貨台北信義二館,小吃food court,飲食,0,MID,0
181,2025-11-08,1.0,3.0,3.0,台灣優衣庫att4fun信義店,shopping bag,購物,0,VERY_LOW,2
182,2025-11-08,1.0,990.0,990.0,台灣優衣庫att4fun信義店,w 柔軟舒膚針織短版開襟外套(長袖),購物,0,HIGH,2
183,2025-11-08,1.0,790.0,790.0,台灣優衣庫att4fun信義店,w 法蘭絨寬版襯衫(長袖),購物,0,HIGH,2
184,2025-11-09,1.0,30.0,30.0,全家便利商店台北市第六一九,自然零藍莓優酪,飲食,0,VERY_LOW,0
185,2025-11-09,1.0,380.0,380.0,誠品生活新店,try 日本語n3達陣 從日檢文法展開全方位學習 (附m,教育,0,MID,4
186,2025-11-09,1.0,350.0,350.0,誠品生活新店,新日檢完勝500題n3 文字語彙文法,教育,0,MID,4
187,2025-11-10,1.0,45.0,45.0,詠觀國際,馬鈴薯沙拉(熟),飲食,0,VERY_LOW,0
188,2025-11-10,1.0,110.0,110.0,詠觀國際,清爽沙拉飯,飲食,0,LOW,0
189,2025-11-12,1.0,142.9,150.0,精誠資訊,商品電子兌換憑證165元星享飲料券,飲食,0,MID,0
190,2025-11-12,1.0,50.0,50.0,統一超商台北市第四三四,(a)北海鱈魚香絲(大),飲食,0,LOW,0
191,2025-11-12,1.0,25.0,25.0,統一超商台北市第四三四,來一客杯麵京燉肉骨風味,飲食,0,VERY_LOW,0
192,2025-11-13,1.0,110.0,99.0,傑洛國際台大店,嫩切雞肉堡6吋,飲食,0,LOW,0
193,2025-11-13,1.0,25.0,25.0,傑洛國際台大店,餅乾1片,飲食,0,VERY_LOW,0
194,2025-11-14,1.0,55.0,55.0,和德昌台北公館,玉米湯-大,飲食,0,LOW,0
195,2025-11-14,1.0,109.0,109.0,和德昌台北公館,餐-十塊雞,飲食,0,LOW,0
196,2025-11-14,1.0,25.0,25.0,傑洛國際台大店,餅乾1片,飲食,0,VERY_LOW,0
197,2025-11-14,1.0,110.0,99.0,傑洛國際台大店,嫩切雞肉堡6吋,飲食,0,LOW,0
198,2025-11-14,1.0,43.0,43.0,和德昌台北公館,配-經典大薯,飲食,0,VERY_LOW,0
199,2025-11-15,1.0,142.9,150.0,精誠資訊,商品電子兌換憑證165元星享飲料券,飲食,0,MID,0
200,2025-11-15,1.0,85.0,85.0,八川商行,青檸甘蔗蕎麥綠寶,飲食,0,LOW,0
201,2025-11-15,1.0,65.0,65.0,八川商行,輕烏龍鮮奶,飲食,0,LOW,0
202,2025-11-16,1.0,36.0,36.0,統一超商台北市第七四一,林聰明-雞肉飯飯糰,飲食,0,VERY_LOW,0
203,2025-11-16,1.0,45.0,45.0,統一超商台北市第七四一,(a)御料小館香辣炸雞球,飲食,0,VERY_LOW,0
204,2025-11-16,1.0,10.0,10.0,統一超商台北市第七四一,(a)科學麵原味,飲食,0,VERY_LOW,0
205,2025-11-16,1.0,35.0,35.0,統一超商台北市第七四一,卡辣姆久平切洋芋片勁辣唐辛35元,飲食,0,VERY_LOW,0
206,2025-11-16,1.0,49.0,49.0,統一超商台北市第七四一,ab原味優酪乳517ml(瓶),飲食,0,VERY_LOW,0
207,2025-11-16,2.0,50.0,100.0,統一超商台北市第七四一,(a)北海鱈魚香絲(大),飲食,0,LOW,0
208,2025-11-16,1.0,25.0,25.0,統一超商台北市第七四一,來一客杯麵京燉肉骨風味,飲食,0,VERY_LOW,0
209,2025-11-17,1.0,25.0,25.0,傑洛國際台大店,餅乾1片,飲食,0,VERY_LOW,0
210,2025-11-17,1.0,110.0,99.0,傑洛國際台大店,嫩切雞肉堡6吋,飲食,0,LOW,0
211,2025-11-18,1.0,32.0,32.0,寶雅國際台北南西,老中醫天然仙楂70g,飲食,0,VERY_LOW,0
212,2025-11-18,1.0,15.0,15.0,統一超商台北市第七四一,a4彩色160g列印web,飲食,0,VERY_LOW,0
213,2025-11-19,1.0,25.0,25.0,傑洛國際台大店,餅乾1片,飲食,0,VERY_LOW,0
214,2025-11-19,1.0,110.0,99.0,傑洛國際台大店,嫩切雞肉堡6吋,飲食,0,LOW,0
215,2025-11-19,1.0,32.0,32.0,笑笑笑國際台北公館,四季螺旋蠟燭中藍,教育,0,VERY_LOW,4
216,2025-11-19,1.0,45.0,45.0,統一超商台北市第七四一,(a)御料小館香辣炸雞球,飲食,0,VERY_LOW,0
217,2025-11-19,1.0,45.0,45.0,笑笑笑國際台北公館,晴天快樂派對帽3,教育,0,VERY_LOW,4
218,2025-11-19,1.0,21.0,21.0,笑笑笑國際台北公館,藝舍黑田桑生日卡,教育,0,VERY_LOW,4
219,2025-11-19,1.0,109.0,109.0,笑笑笑國際台北公館,立得清酒精擦濕巾90抽,購物,0,LOW,2
220,2025-11-20,1.0,1880.0,1880.0,金鍋玉葉餐飲,壽日本國產牛羽下套餐,飲食,0,VERY_HIGH,0
221,2025-11-20,1.0,280.0,280.0,百亨堂文創,松露野菇牛肝菌燉飯,飲食,0,MID,0
222,2025-11-20,1.0,290.0,290.0,百亨堂文創,香辣鮮蝦義大利麵,飲食,0,MID,0
223,2025-11-20,1.0,160.0,160.0,百亨堂文創,冰蜜桃蘋果茶 iced apple & peach,飲食,0,MID,0
224,2025-11-20,1.0,2380.0,2380.0,金鍋玉葉餐飲,壽日本和牛a5紐約客套餐,飲食,0,VERY_HIGH,0
225,2025-11-20,1.0,120.0,120.0,金鍋玉葉餐飲,生豆皮1份,飲食,0,LOW,0
226,2025-11-20,1.0,80.0,80.0,金鍋玉葉餐飲,綠茶冰,飲食,0,LOW,0
227,2025-11-20,1.0,170.0,170.0,百亨堂文創,蘋果香蕉奶昔 apple banana shake,飲食,0,MID,0
228,2025-11-20,1.0,100.0,100.0,金鍋玉葉餐飲,黑糖仙草汁,飲食,0,LOW,0
229,2025-11-20,1.0,60.0,60.0,金鍋玉葉餐飲,加北海道七星米飯,飲食,0,LOW,0
230,2025-11-20,1.0,462.0,462.0,金鍋玉葉餐飲,服務費,飲食,0,MID,0
231,2025-11-26,1.0,28.0,28.0,統一超商台北市第四三四,ab原味優酪乳206ml(瓶),飲食,0,VERY_LOW,0
232,2025-11-26,1.0,45.0,45.0,統一超商台北市第四三四,(a)御料小館香辣炸雞球,飲食,0,VERY_LOW,0
233,2025-11-28,1.0,109.0,109.0,和德昌台北公館,餐-十塊雞,飲食,0,LOW,0
234,2025-11-28,1.0,43.0,43.0,和德昌台北公館,配-經典大薯,飲食,0,VERY_LOW,0
235,2025-11-28,1.0,55.0,55.0,和德昌台北公館,玉米湯-大,飲食,0,LOW,0
236,2025-11-29,1.0,45.0,45.0,統一超商台北市第七四一,(a)御料小館香辣炸雞球,飲食,0,VERY_LOW,0
237,2025-11-29,1.0,28.0,28.0,統一超商台北市第七四一,ab原味優酪乳206ml(瓶),飲食,0,VERY_LOW,0
238,2025-11-29,1.0,59.0,59.0,統一超商台北市第七四一,粥天子-廣式皮蛋瘦肉煲粥,飲食,0,LOW,0
239,2025-11-30,1.0,80.0,80.0,新光三越百貨台北信義,小吃food court,飲食,0,LOW,0
240,2025-11-30,1.0,129.0,129.0,新光三越百貨台北信義二館,小吃food court,飲食,0,LOW,0
241,2025-11-30,1.0,32.0,32.0,寶雅國際信義松壽,老中醫天然仙楂70g,飲食,0,VERY_LOW,0
242,2025-12-01,1.0,25.0,25.0,傑洛國際台大店,餅乾1片,飲食,0,VERY_LOW,0
243,2025-12-01,1.0,110.0,99.0,傑洛國際台大店,嫩切雞肉堡6吋,飲食,0,LOW,0
244,2025-12-02,22.0,3.0,66.0,統一超商台北市第七四一,a4黑白影印,教育,0,LOW,4
245,2025-12-02,1.0,35.0,35.0,統一超商台北市第七四一,卡辣姆久平切洋芋片勁辣唐辛35元,飲食,0,VERY_LOW,0
246,2025-12-02,1.0,45.0,45.0,統一超商台北市第七四一,(a)御料小館香辣炸雞球,飲食,0,VERY_LOW,0
247,2025-12-02,1.0,30.0,30.0,統一超商台北市第七四一,福樂自然零藍莓優酪,飲食,0,VERY_LOW,0
248,2025-12-02,1.0,49.0,49.0,統一超商台北市第七四一,ab原味優酪乳517ml(瓶),飲食,0,VERY_LOW,0
249,2025-12-02,1.0,30.0,30.0,統一超商台北市第七四一,台灣香蕉重量分享包(2入),飲食,0,VERY_LOW,0
250,2025-12-03,1.0,90.0,90.0,國立臺灣大學臨時停車場,清潔維護費,交通,0,LOW,1
251,2025-12-04,1.0,200.0,200.0,台灣三井不動產南港,中式料理,飲食,0,MID,0
252,2025-12-04,1.0,690.0,690.0,台灣極優服飾lalaport南港店,女裝側百褶褲裙,購物,0,HIGH,2
253,2025-12-04,1.0,690.0,690.0,台灣極優服飾lalaport南港店,女裝一片式百褶中長裙,購物,0,HIGH,2
254,2025-12-05,1.0,110.0,99.0,傑洛國際台大店,嫩切雞肉堡6吋,飲食,0,LOW,0
255,2025-12-05,1.0,25.0,25.0,傑洛國際台大店,餅乾1片,飲食,0,VERY_LOW,0
256,2025-12-05,1.0,24.0,24.0,笑笑笑國際台北公館,文明mk-3001雙頭水性美工筆銘黃,教育,0,VERY_LOW,4
257,2025-12-05,1.0,24.0,24.0,笑笑笑國際台北公館,文明mk-3001雙頭水性美工筆紅,教育,0,VERY_LOW,4
258,2025-12-05,1.0,43.0,43.0,和德昌台北公館,配-經典大薯,飲食,0,VERY_LOW,0
259,2025-12-05,1.0,13.0,13.0,笑笑笑國際台北公館,飛龍861平頭黑,教育,0,VERY_LOW,4
260,2025-12-05,1.0,109.0,109.0,和德昌台北公館,餐-十塊雞,飲食,0,LOW,0
261,2025-12-05,1.0,55.0,55.0,和德昌台北公館,玉米湯-大,飲食,0,LOW,0
262,2025-12-05,1.0,24.0,24.0,笑笑笑國際台北公館,文明mk-3001雙頭水性美工筆柑,教育,0,VERY_LOW,4
263,2025-12-09,1.0,45.0,45.0,統一超商台北市第七四一,(a)御料小館香辣炸雞球,飲食,0,VERY_LOW,0
264,2025-12-09,1.0,25.0,25.0,統一超商台北市第七四一,來一客杯麵京燉肉骨風味,飲食,0,VERY_LOW,0
265,2025-12-09,1.0,28.0,28.0,統一超商台北市第七四一,ab原味優酪乳206ml(瓶),飲食,0,VERY_LOW,0
266,2025-12-09,1.0,20.0,20.0,統一超商台北市第七四一,台灣上等蕉(裸賣),飲食,0,VERY_LOW,0
267,2025-12-09,1.0,18.0,18.0,統一超商台北市第七四一,黃金魚蛋,飲食,0,VERY_LOW,0
268,2025-12-09,2.0,15.0,30.0,統一超商台北市第七四一,白蘿蔔,飲食,0,VERY_LOW,0
269,2025-12-09,1.0,49.0,49.0,統一超商台北市第七四一,ab原味優酪乳517ml(瓶),飲食,0,VERY_LOW,0
270,2025-12-09,1.0,25.0,25.0,統一超商台北市第七四一,(a)來一客杯麵鮮蝦魚板風味,飲食,0,VERY_LOW,0
271,2025-12-10,12.0,3.0,36.0,統一超商台北市第七四一,a4黑白列印ibon,教育,0,VERY_LOW,4
272,2025-12-10,1.0,110.0,99.0,傑洛國際台大店,嫩切雞肉堡6吋,飲食,0,LOW,0
273,2025-12-10,1.0,25.0,25.0,傑洛國際台大店,餅乾1片,飲食,0,VERY_LOW,0
274,2025-12-10,14.0,3.0,42.0,統一超商台北市第七四一,a4黑白列印ibon,教育,0,VERY_LOW,4
275,2025-12-10,32.0,3.0,96.0,統一超商台北市第七四一,a4黑白列印ibon,教育,0,LOW,4
276,2025-12-10,1.0,56.0,56.0,寶雅國際台北公館,蘇菲彈力貼身超薄潔翼18片日用23cm,購物,0,LOW,2
277,2025-12-10,1.0,39.0,39.0,寶雅國際台北公館,蘇菲超熟睡彈力貼身衛生棉8片35cm,購物,0,VERY_LOW,2
278,2025-12-10,1.0,78.0,78.0,寶雅國際台北公館,蘇菲彈力貼身極薄01潔翼18片日用23cm,購物,0,LOW,2
279,2025-12-10,1.0,2.0,2.0,寶雅國際台北公館,代收(售)-台北市購物兩用袋(中),購物,0,VERY_LOW,2
280,2025-12-10,18.0,3.0,54.0,統一超商台北市第七四一,a4黑白列印ibon,教育,0,LOW,4
281,2025-12-12,1.0,25.0,25.0,傑洛國際台大店,餅乾1片,飲食,0,VERY_LOW,0
282,2025-12-12,1.0,110.0,99.0,傑洛國際台大店,嫩切雞肉堡6吋,飲食,0,LOW,0
283,2025-12-14,1.0,45.0,45.0,統一超商台北市第七四一,(a)御料小館香辣炸雞球,飲食,0,VERY_LOW,0
284,2025-12-14,1.0,35.0,35.0,統一超商台北市第七四一,卡辣姆久平切洋芋片勁辣唐辛35元,飲食,0,VERY_LOW,0
285,2025-12-14,1.0,59.0,59.0,統一超商台北市第七四一,粥天子-廣式皮蛋瘦肉煲粥,飲食,0,LOW,0
286,2025-12-14,1.0,30.0,30.0,統一超商台北市第七四一,(區)現蒸地瓜30元,飲食,0,VERY_LOW,0
287,2025-12-15,1.0,110.0,99.0,傑洛國際台大店,嫩切雞肉堡6吋,飲食,0,LOW,0
288,2025-12-15,1.0,25.0,25.0,傑洛國際台大店,餅乾1片,飲食,0,VERY_LOW,0
289,2025-12-16,1.0,45.0,45.0,統一超商台北市第七四一,(a)御料小館香辣炸雞球,飲食,0,VERY_LOW,0
290,2025-12-16,1.0,35.0,35.0,統一超商台北市第七四一,拉麵道日式豚骨風味,飲食,0,VERY_LOW,0
291,2025-12-16,1.0,36.0,36.0,統一超商台北市第七四一,林聰明-雞肉飯飯糰,飲食,0,VERY_LOW,0
292,2025-12-16,1.0,49.0,49.0,統一超商台北市第七四一,韓國農心辛香菇杯麵,飲食,0,VERY_LOW,0
293,2025-12-16,1.0,30.0,30.0,統一超商台北市第七四一,晨光葡萄土司,飲食,0,VERY_LOW,0
294,2025-12-16,1.0,160.0,160.0,國立臺灣大學臨時停車場,清潔維護費,交通,0,MID,1
295,2025-12-17,1.0,25.0,25.0,傑洛國際台大店,餅乾1片,飲食,0,VERY_LOW,0
296,2025-12-17,14.0,3.0,42.0,統一超商台北市第七四一,a4黑白列印ibon,教育,0,VERY_LOW,4
297,2025-12-17,1.0,3.0,3.0,台灣極優服飾lalaport南港店,shopping bag,購物,0,VERY_LOW,2
298,2025-12-17,1.0,690.0,690.0,台灣極優服飾lalaport南港店,puff蓬鬆柔軟圓領針織開襟(菱格紋),購物,0,HIGH,2
299,2025-12-17,1.0,228.0,228.0,台灣三井不動產南港,五色石鍋拌飯,飲食,0,MID,0
300,2025-12-17,1.0,110.0,99.0,傑洛國際台大店,嫩切雞肉堡6吋,飲食,0,LOW,0
301,2025-12-17,46.0,3.0,138.0,統一超商台北市第七四一,a4黑白列印ibon,教育,0,LOW,4
302,2025-12-18,1.0,161.0,161.0,新加坡商宜睿智慧台灣,麥當勞勁辣鷄腿堡+薯條(小)+四塊麥克鷄塊+可樂(中) 好禮即享券,飲食,0,MID,0
303,2025-12-18,1.0,902.0,902.0,威秀影城新店,餐飲,飲食,0,HIGH,0
304,2025-12-20,1.0,49.0,49.0,統一超商台北市第七四一,ab原味優酪乳517ml(瓶),飲食,0,VERY_LOW,0
305,2025-12-20,1.0,50.0,50.0,統一超商台北市第七四一,(a)北海鱈魚香絲(大),飲食,0,LOW,0
306,2025-12-20,1.0,45.0,45.0,統一超商台北市第七四一,(a)御料小館香辣炸雞球,飲食,0,VERY_LOW,0
307,2025-12-21,1.0,60.0,60.0,國雲公寓大廈管理維護中安場,停車費,交通,0,LOW,1
308,2025-12-22,1.0,110.0,99.0,傑洛國際台大店,嫩切雞肉堡6吋,飲食,0,LOW,0
309,2025-12-22,1.0,25.0,25.0,傑洛國際台大店,餅乾1片,飲食,0,VERY_LOW,0
310,2025-12-22,1.0,55.0,55.0,和德昌台北公館,玉米湯-大,飲食,0,LOW,0
311,2025-12-22,1.0,43.0,43.0,和德昌台北公館,配-經典大薯,飲食,0,VERY_LOW,0
312,2025-12-22,1.0,109.0,109.0,和德昌台北公館,餐-咖哩10塊雞,飲食,0,LOW,0
313,2025-12-23,1.0,99.0,99.0,寶雅國際台北南西,高露潔纖柔備長炭牙刷3入,醫療健康,0,LOW,5
314,2025-12-23,1.0,142.9,150.0,精誠資訊,商品電子兌換憑證165元星享飲料券,飲食,0,MID,0
315,2025-12-23,1.0,70.0,70.0,沐亞,蜜桃烏龍(小心果核),飲食,0,LOW,0
316,2025-12-24,1.0,49.0,49.0,統一超商台北市第七四一,ab原味優酪乳517ml(瓶),飲食,0,VERY_LOW,0
317,2025-12-24,1.0,25.0,25.0,統一超商台北市第七四一,統一麵包快樂牛奶球,飲食,0,VERY_LOW,0
318,2025-12-26,1.0,25.0,25.0,統一超商台北市第七四一,統一麵包快樂牛奶球,飲食,0,VERY_LOW,0
319,2025-12-26,1.0,35.0,35.0,統一超商台北市第七四一,卡辣姆久平切洋芋片勁辣唐辛35元,飲食,0,VERY_LOW,0
320,2025-12-27,1.0,159.0,159.0,主富服裝信義二店,2051101301,購物,0,MID,2
321,2025-12-27,1.0,310.0,310.0,香港商一蘭台灣,拉麵,飲食,0,MID,0
322,2025-12-27,1.0,310.0,310.0,香港商一蘭台灣,拉麵,飲食,0,MID,0
323,2025-12-27,1.0,60.0,60.0,香港商一蘭台灣,白飯,飲食,0,LOW,0
324,2025-12-27,1.0,32.0,32.0,寶雅國際信義松壽,老中醫天然仙楂70g,飲食,0,VERY_LOW,0
325,2025-12-27,1.0,145.0,145.0,香港商一蘭台灣,燉煮叉燒肉,飲食,0,LOW,0
326,2025-12-28,1.0,825.0,825.0,微風場站開發,餐飲,飲食,0,HIGH,0
327,2025-12-28,1.0,69.0,69.0,萊爾富國際第四三四三,高露潔護齦牙刷,醫療健康,0,LOW,5
328,2025-12-28,3.0,120.0,360.0,威秀影城新竹南門,優惠單人套餐,飲食,0,MID,0
329,2025-12-29,1.0,25.0,25.0,傑洛國際台大店,餅乾1片,飲食,0,VERY_LOW,0
330,2025-12-29,1.0,110.0,99.0,傑洛國際台大店,嫩切雞肉堡6吋,飲食,0,LOW,0
331,2025-12-31,1.0,25.0,25.0,統一超商台北市第七四一,雪花嘉義方塊酥,飲食,0,VERY_LOW,0
332,2025-12-31,1.0,49.0,49.0,統一超商台北市第七四一,健達巧克力含牛奶內餡(4入),飲食,0,VERY_LOW,0
333,2025-12-31,1.0,50.0,50.0,統一超商台北市第七四一,(a)北海鱈魚香絲(大),飲食,0,LOW,0
334,2025-12-31,1.0,35.0,35.0,統一超商台北市第七四一,比菲多減糖綠茶350ml,飲食,0,VERY_LOW,0
335,2025-12-31,1.0,45.0,45.0,統一超商台北市第七四一,(a)御料小館香辣炸雞球,飲食,0,VERY_LOW,0
336,2025-12-31,1.0,35.0,35.0,統一超商台北市第七四一,阜杭原味豆漿,飲食,0,VERY_LOW,0
337,2026-01-07,1.0,68.0,68.0,和德昌竹山大明,餐-六塊雞,飲食,0,LOW,0
338,2026-01-07,1.0,55.0,55.0,和德昌竹山大明,玉米湯-大,飲食,0,LOW,0
339,2026-01-07,1.0,10.0,10.0,和德昌竹山大明,d小薯,飲食,0,VERY_LOW,0
340,2026-01-07,1.0,27.0,27.0,和德昌竹山大明,配-經典中薯,飲食,0,VERY_LOW,0
341,2026-01-13,1.0,15.0,15.0,統一超商台北市第一0三二,統一麵包愛心牛奶球,飲食,0,VERY_LOW,0
342,2026-01-13,1.0,35.0,35.0,統一超商台北市第一0三二,桂格100%燕麥(顆粒微甜)290ml,飲食,0,VERY_LOW,0
343,2026-01-13,1.0,45.0,45.0,統一超商台北市第七四一,(a)御料小館香辣炸雞球,飲食,0,VERY_LOW,0
344,2026-01-13,1.0,70.0,70.0,沐亞,蜜桃烏龍(小心果核),飲食,0,LOW,0
345,2026-01-14,1.0,210.0,210.0,昇恒昌桃園二期,a5牛肉湯麵套餐,飲食,0,MID,0
346,2026-01-14,2.0,89.0,178.0,統一超商台北市第七四一,biory 女用日拋免洗內褲3入-l,購物,0,MID,2
347,2026-01-21,1.0,28.0,28.0,微風場站開發,美妝雜貨-松本清,購物,0,VERY_LOW,2
348,2026-01-22,1.0,152.4,160.0,精誠資訊,商品電子兌換憑證星巴克175元星享飲料券,飲食,0,MID,0
349,2026-01-22,1.0,152.4,160.0,精誠資訊,商品電子兌換憑證星巴克175元星享飲料券,飲食,0,MID,0
350,2026-01-23,1.0,59.0,59.0,統一超商台北市第七四一,粥天子-廣式皮蛋瘦肉煲粥,飲食,0,LOW,0
351,2026-01-23,1.0,45.0,45.0,統一超商台北市第七四一,(a)御料小館香辣炸雞球,飲食,0,VERY_LOW,0
352,2026-01-23,1.0,79.0,79.0,統一超商台北市第七四一,ab原味優酪乳902ml(瓶),飲食,0,LOW,0
353,2026-01-25,1.0,30.0,30.0,統一超商台北市第七四一,福樂自然零藍莓優酪,飲食,0,VERY_LOW,0
354,2026-01-25,1.0,25.0,25.0,統一超商台北市第七四一,來一客杯麵京燉肉骨風味,飲食,0,VERY_LOW,0
355,2026-01-25,2.0,25.0,50.0,統一超商台北市第七四一,(a)來一客杯麵鮮蝦魚板風味,飲食,0,LOW,0
356,2026-01-25,1.0,30.0,30.0,統一超商台北市第七四一,台灣香蕉重量分享包(2入),飲食,0,VERY_LOW,0
357,2026-01-25,1.0,45.0,45.0,統一超商台北市第七四一,(a)御料小館香辣炸雞球,飲食,0,VERY_LOW,0
358,2026-01-25,2.0,36.0,72.0,統一超商台北市第七四一,林聰明-雞肉飯飯糰,飲食,0,LOW,0
359,2026-01-26,1.0,990.0,990.0,美商蘋果亞洲台灣信義a13店,mw2r3za/a,購物,0,HIGH,2
360,2026-01-27,1.0,25.0,25.0,傑洛國際台大店,餅乾1片,飲食,0,VERY_LOW,0
361,2026-01-27,1.0,110.0,99.0,傑洛國際台大店,嫩切雞肉堡6吋,飲食,0,LOW,0
362,2026-01-28,1.0,32.0,32.0,寶雅國際台北南西,老中醫天然仙楂70g,飲食,0,VERY_LOW,0
363,2026-01-29,1.0,32.0,32.0,寶雅國際台北南西,老中醫天然仙楂70g,飲食,0,VERY_LOW,0
364,2026-01-29,1.0,50.0,50.0,誠品生活南西,尚品捲髮奶奶甜甜圈 甜甜圈 正價品,教育,0,LOW,4
365,2026-02-01,1.0,40.0,40.0,國立臺灣大學臨時停車場,停車場清潔維護費,交通,0,VERY_LOW,1
366,2026-02-02,2.0,32.0,64.0,寶雅國際信義松壽,老中醫天然仙楂70g,飲食,0,LOW,0
367,2026-02-04,1.0,28.0,28.0,統一超商台北市第七四一,ab原味優酪乳206ml(瓶),飲食,0,VERY_LOW,0
368,2026-02-04,1.0,45.0,45.0,統一超商台北市第七四一,(a)御料小館香辣炸雞球,飲食,0,VERY_LOW,0
369,2026-02-04,1.0,35.0,35.0,統一超商台北市第七四一,卡辣姆久平切洋芋片勁辣唐辛35元,飲食,0,VERY_LOW,0
370,2026-02-04,1.0,152.4,160.0,精誠資訊,商品電子兌換憑證星巴克175元星享飲料券,飲食,0,MID,0
371,2026-02-04,1.0,280.0,280.0,丁崔兄弟,唐揚雞咖哩飯,飲食,0,MID,0
372,2026-02-04,1.0,250.0,250.0,丁崔兄弟,lasagna,飲食,0,MID,0
373,2026-02-04,1.0,180.0,180.0,丁崔兄弟,抹茶牛奶(i),飲食,0,MID,0
374,2026-02-04,1.0,170.0,170.0,丁崔兄弟,拿鐵(i),飲食,0,MID,0
375,2026-02-05,1.0,60.0,60.0,傑洛國際台大店,餅乾3片,飲食,0,LOW,0
376,2026-02-05,1.0,110.0,99.0,傑洛國際台大店,嫩切雞肉堡6吋,飲食,0,LOW,0
377,2026-02-06,1.0,160.0,160.0,好泰商行,打拋豬豬-不辣,飲食,0,MID,0
378,2026-02-07,1.0,28.0,28.0,統一超商台北市第七四一,ab原味優酪乳206ml(瓶),飲食,0,VERY_LOW,0
379,2026-02-07,1.0,25.0,25.0,統一超商台北市第七四一,統一麵包快樂牛奶球,飲食,0,VERY_LOW,0
380,2026-02-07,1.0,2325.0,2325.0,鼎王國際餐飲無老台北永康,餐飲,飲食,0,VERY_HIGH,0
381,2026-02-07,1.0,2860.0,2860.0,誠品生活南西,每天穿什麼mini matters 服飾 正價品,購物,0,VERY_HIGH,2
382,2026-02-08,1.0,45.0,45.0,聯發國際餐飲事業樂己中山南西店,三窨十五茉,飲食,0,VERY_LOW,0
383,2026-02-12,1.0,110.0,110.0,微風場站開發,餐飲,飲食,0,LOW,0
384,2026-02-16,1.0,15.0,15.0,統一超商南投縣第一一一,4x6專用紙-15元授權,教育,0,VERY_LOW,4
385,2026-02-16,4.0,15.0,60.0,統一超商南投縣第一一一,4x6專用紙-15元授權,教育,0,LOW,4
386,2026-02-21,1.0,30.0,30.0,東引快刀手企業社,蘿蔔,飲食,0,VERY_LOW,0
387,2026-02-21,1.0,65.0,65.0,東引快刀手企業社,招牌(小),飲食,0,LOW,0
388,2026-02-21,2.0,20.0,40.0,東引快刀手企業社,豆干,飲食,0,VERY_LOW,0
389,2026-02-21,1.0,15.0,15.0,東引快刀手企業社,滷蛋,飲食,0,VERY_LOW,0
390,2026-02-21,1.0,55.0,55.0,東引快刀手企業社,豬油麵(小),飲食,0,LOW,0
391,2026-02-21,1.0,55.0,55.0,東引快刀手企業社,豬耳朵,飲食,0,LOW,0
392,2026-02-21,1.0,40.0,40.0,東引快刀手企業社,嘴邊肉(半),飲食,0,VERY_LOW,0
393,2026-02-21,1.0,30.0,30.0,東引快刀手企業社,蘿蔔,飲食,0,VERY_LOW,0
394,2026-02-21,1.0,65.0,65.0,東引快刀手企業社,雙醬麵(小),飲食,0,LOW,0
395,2026-02-21,1.0,75.0,75.0,東引快刀手企業社,餛飩麵(小),飲食,0,LOW,0
396,2026-02-21,1.0,35.0,35.0,東引快刀手企業社,魯肉飯(小),飲食,0,VERY_LOW,0
397,2026-02-21,1.0,45.0,45.0,東引快刀手企業社,燙青菜時蔬,飲食,0,VERY_LOW,0
398,2026-02-21,1.0,70.0,70.0,東引快刀手企業社,蘿蔔牛肉清湯,飲食,0,LOW,0
399,2026-02-21,1.0,20.0,20.0,東引快刀手企業社,豆干,飲食,0,VERY_LOW,0
400,2026-02-22,1.0,60.0,60.0,國立臺灣大學臨時停車場,停車費,交通,0,LOW,1
401,2026-02-23,1.0,35.0,35.0,和德昌台北公館,冰綠茶-小,飲食,0,VERY_LOW,0
402,2026-02-23,1.0,68.0,68.0,和德昌台北公館,b12_四重麥香雞,飲食,0,LOW,0
403,2026-02-23,4.0,230.0,920.0,寶島光學科技寶島汀州路,藥水,醫療健康,0,HIGH,5
404,2026-02-23,2.0,1000.0,2000.0,寶島光學科技寶島汀州路,隱形,醫療健康,0,VERY_HIGH,5
405,2026-02-24,1.0,110.0,99.0,傑洛國際台大店,嫩切雞肉堡6吋,飲食,0,LOW,0
406,2026-02-24,1.0,60.0,60.0,傑洛國際台大店,餅乾3片,飲食,0,LOW,0
407,2026-02-25,2.0,49.0,98.0,統一超商台北市第七四一,韓國農心辛香菇杯麵,飲食,0,LOW,0
408,2026-02-25,1.0,1474.0,1474.0,台北金融大樓,餐食,飲食,0,HIGH,0
409,2026-02-26,1.0,45.0,45.0,統一超商台北市第七四一,(a)御料小館香辣炸雞球,飲食,0,VERY_LOW,0
410,2026-02-26,1.0,35.0,35.0,統一超商台北市第七四一,卡辣姆久平切洋芋片勁辣唐辛35元,飲食,0,VERY_LOW,0
411,2026-02-26,1.0,49.0,49.0,統一超商台北市第七四一,ab原味優酪乳517ml(瓶),飲食,0,VERY_LOW,0
412,2026-02-27,1.0,25.0,25.0,統一超商台北市第七四一,(區)現蒸地瓜25元,飲食,0,VERY_LOW,0
413,2026-02-27,1.0,59.0,59.0,統一超商台北市第七四一,粥天子-廣式皮蛋瘦肉煲粥,飲食,0,LOW,0
414,2026-02-27,1.0,25.0,25.0,統一超商台北市第七四一,來一客杯麵肉燥菠菜風味,飲食,0,VERY_LOW,0
415,2026-02-27,2.0,35.0,70.0,統一超商台北市第七四一,卡辣姆久平切洋芋片勁辣唐辛35元,飲食,0,LOW,0
416,2026-02-28,1.0,70.0,70.0,沐亞,蜜桃烏龍(小心果核),飲食,0,LOW,0
417,2026-02-28,1.0,400.0,400.0,金興發南西,hangyodon寶藏夜市系列微盒max,購物,0,MID,2
418,2026-02-28,1.0,19.0,15.0,金興發南西,早午餐兄弟純水濕紙巾_吐司款100抽,購物,0,VERY_LOW,2
419,2026-02-28,2.0,32.0,64.0,寶雅國際台北南西,老中醫天然仙楂70g,飲食,0,LOW,0
420,2026-02-28,1.0,366.0,366.0,寶雅國際台北南西,凱婷怪獸級持色唇膏3g-19,購物,0,MID,2
421,2026-03-01,2.0,25.0,50.0,傑洛國際台大店,餅乾1片,飲食,0,LOW,0
422,2026-03-01,1.0,125.0,113.0,傑洛國際台大店,鮮嫩雞柳堡6吋,飲食,0,LOW,0
423,2026-03-02,1.0,45.0,45.0,統一超商台北市第七四一,(a)御料小館香辣炸雞球,飲食,0,VERY_LOW,0
424,2026-03-02,1.0,25.0,25.0,統一超商台北市第七四一,(區)現蒸地瓜25元,飲食,0,VERY_LOW,0
425,2026-03-02,1.0,59.0,59.0,統一超商台北市第七四一,粥天子-廣式皮蛋瘦肉煲粥,飲食,0,LOW,0
426,2026-03-02,1.0,30.0,30.0,統一超商台北市第七四一,台灣香蕉重量分享包(2入),飲食,0,VERY_LOW,0
427,2026-03-03,1.0,110.0,99.0,傑洛國際台大店,嫩切雞肉堡6吋,飲食,0,LOW,0
428,2026-03-03,1.0,49.0,49.0,笑笑笑國際台北公館,15k赤牛皮公文信封50張,教育,0,VERY_LOW,4
429,2026-03-03,2.0,25.0,50.0,傑洛國際台大店,餅乾1片,飲食,0,LOW,0
430,2026-03-04,1.0,35.0,35.0,統一超商台北市第七四一,桂格100%燕麥(顆粒微甜)290ml,飲食,0,VERY_LOW,0
431,2026-03-04,1.0,3.0,3.0,統一超商台北市第七四一,a4黑白列印ibon,教育,0,VERY_LOW,4
432,2026-03-04,1.0,35.0,35.0,統一超商台北市第七四一,(區)現蒸地瓜35元,飲食,0,VERY_LOW,0
433,2026-03-04,1.0,10.0,10.0,統一超商台北市第七四一,茶葉蛋,飲食,0,VERY_LOW,0
434,2026-03-04,1.0,18.0,18.0,優食台灣,服務費和其他費用,飲食,0,VERY_LOW,0
435,2026-03-04,1.0,35.0,35.0,優食台灣,外送費,飲食,0,VERY_LOW,0
436,2026-03-04,1.0,185.0,185.0,小螺波餐飲公館店,uber經典招牌螺蛳粉-小辣,交通,0,MID,1
437,2026-03-06,1.0,25.0,25.0,傑洛國際台大店,餅乾1片,飲食,0,VERY_LOW,0
438,2026-03-06,1.0,110.0,99.0,傑洛國際台大店,嫩切雞肉堡6吋,飲食,0,LOW,0
439,2026-03-07,1.0,110.0,99.0,傑洛國際台大店,嫩切雞肉堡6吋,飲食,0,LOW,0
440,2026-03-07,1.0,60.0,60.0,傑洛國際台大店,餅乾3片,飲食,0,LOW,0
441,2026-03-07,1.0,39.0,39.0,寶雅國際台北公館,潔霜s浴廁清潔劑650g,購物,0,VERY_LOW,2
442,2026-03-07,1.0,99.0,99.0,寶雅國際台北公館,清秀佳人-三角免洗褲5入-l,購物,0,LOW,2
443,2026-03-07,1.0,2.0,2.0,寶雅國際台北公館,代收(售)-台北市購物兩用袋(中),購物,0,VERY_LOW,2
444,2026-03-07,1.0,65.0,65.0,寶雅國際台北公館,良澔仙楂梅160g,飲食,0,LOW,0
445,2026-03-09,1.0,24.0,24.0,笑笑笑國際台北公館,亞柏25mm黑色長尾夾225,教育,0,VERY_LOW,4
446,2026-03-09,1.0,30.0,30.0,統一超商台北市第七四一,(區)現蒸地瓜30元,飲食,0,VERY_LOW,0
447,2026-03-10,1.0,60.0,60.0,傑洛國際台大店,餅乾3片,飲食,0,LOW,0
448,2026-03-10,1.0,3.0,3.0,統一超商台北市第七四一,a4黑白列印ibon,教育,0,VERY_LOW,4
449,2026-03-10,1.0,110.0,99.0,傑洛國際台大店,嫩切雞肉堡6吋,飲食,0,LOW,0
450,2026-03-11,1.0,68.0,68.0,和德昌台北公館,b12_四重麥香雞,飲食,0,LOW,0
451,2026-03-11,1.0,35.0,35.0,和德昌台北公館,冰綠茶-小,飲食,0,VERY_LOW,0
452,2026-03-12,2.0,35.0,70.0,統一超商台北市第七四一,卡辣姆久平切洋芋片勁辣唐辛35元,飲食,0,LOW,0
453,2026-03-12,1.0,25.0,25.0,統一超商台北市第七四一,(區)現蒸地瓜25元,飲食,0,VERY_LOW,0
454,2026-03-12,1.0,20.0,20.0,統一超商台北市第七四一,台灣上等蕉(裸賣),飲食,0,VERY_LOW,0
455,2026-03-12,1.0,59.0,59.0,統一超商台北市第七四一,粥天子-廣式皮蛋瘦肉煲粥,飲食,0,LOW,0
456,2026-03-12,1.0,45.0,45.0,統一超商台北市第七四一,(a)御料小館香辣炸雞球,飲食,0,VERY_LOW,0
457,2026-03-12,2.0,35.0,70.0,統一超商台北市第七四一,桂格100%燕麥(顆粒微甜)290ml,飲食,0,LOW,0
458,2026-03-13,1.0,60.0,60.0,傑洛國際台大店,餅乾3片,飲食,0,LOW,0
459,2026-03-14,1.0,187.0,187.0,師園食品,餐費,飲食,0,MID,0
460,2026-03-14,1.0,55.0,55.0,優食台灣,外送費,飲食,0,LOW,0
461,2026-03-14,1.0,15.0,15.0,優食台灣,服務費和其他費用,飲食,0,VERY_LOW,0
462,2026-03-16,2.0,35.0,70.0,統一超商台北市第七四一,桂格100%燕麥(顆粒微甜)290ml,飲食,0,LOW,0
463,2026-03-16,1.0,49.0,49.0,統一超商台北市第七四一,韓國農心辛香菇杯麵,飲食,0,VERY_LOW,0
464,2026-03-16,1.0,25.0,25.0,統一超商台北市第七四一,來一客杯麵京燉肉骨風味,飲食,0,VERY_LOW,0
465,2026-03-16,2.0,35.0,70.0,統一超商台北市第七四一,卡辣姆久厚切洋芋片勁辣唐辛35元,飲食,0,LOW,0
466,2026-03-16,1.0,65.0,80.0,昭元咖啡館,義式磚壓-火腿起士,飲食,0,LOW,0
467,2026-03-16,1.0,30.0,30.0,統一超商台北市第332,晨光葡萄土司,飲食,0,VERY_LOW,0
468,2026-03-16,1.0,45.0,45.0,統一超商台北市第七四一,(a)御料小館香辣炸雞球,飲食,0,VERY_LOW,0
469,2026-03-16,1.0,80.0,80.0,昭元咖啡館,hf焙茶鮮奶冰沙-中冰,飲食,0,LOW,0
470,2026-03-17,1.0,105.0,105.0,寶雅國際台北公館,立得清酒精擦溼巾90抽,購物,0,LOW,2
471,2026-03-17,1.0,139.0,139.0,寶雅國際台北公館,蘇菲彈力貼身超薄潔翼12片4入日用23cm,購物,0,LOW,2
472,2026-03-17,1.0,25.0,25.0,傑洛國際台大店,餅乾1片,飲食,0,VERY_LOW,0
473,2026-03-17,1.0,35.0,35.0,傑洛國際台大店,嫩煎蛋一片,飲食,0,VERY_LOW,0
474,2026-03-17,1.0,125.0,113.0,傑洛國際台大店,鮮嫩雞柳堡6吋,飲食,0,LOW,0
475,2026-03-17,1.0,95.0,95.0,陌生人商行,野生藍莓優格(m),飲食,0,LOW,0
476,2026-03-18,1.0,60.0,60.0,傑洛國際台大店,餅乾3片,飲食,0,LOW,0
477,2026-03-18,1.0,110.0,99.0,傑洛國際台大店,嫩切雞肉堡6吋,飲食,0,LOW,0
478,2026-03-20,1.0,30.0,30.0,全家便利商店台大二活門市部,一配哆啦a夢小蛋糕,飲食,0,VERY_LOW,0
479,2026-03-20,1.0,28.0,28.0,全家便利商店台大二活門市部,ab優酪乳原味,飲食,0,VERY_LOW,0
480,2026-03-20,1.0,1000.0,1000.0,凡可企業社,任選四盒1000元(hellocik免膠睫毛 - 眨眼下睫毛ˊ 3/5左右出貨x2,購物,0,HIGH,2
481,2026-03-21,1.0,820.0,820.0,魔法部,項鍊cliff,購物,0,HIGH,2
482,2026-03-21,1.0,780.0,780.0,魔法部,項鍊cipher,購物,0,HIGH,2
483,2026-03-21,1.0,20.0,20.0,東引快刀手企業社,豆干,飲食,0,VERY_LOW,0
484,2026-03-21,1.0,15.0,15.0,東引快刀手企業社,海帶,飲食,0,VERY_LOW,0
485,2026-03-21,1.0,90.0,90.0,東引快刀手企業社,餛飩牛肉湯麵(小),飲食,0,LOW,0
486,2026-03-21,1.0,1447.0,1447.0,誠品生活南西,每天穿什麼mini matters 服飾 正價品,購物,0,HIGH,2
487,2026-03-21,2.0,35.0,70.0,統一超商台北市第七四一,桂格100%燕麥(顆粒微甜)290ml,飲食,0,LOW,0
488,2026-03-21,1.0,45.0,45.0,東引快刀手企業社,燙青菜時蔬,飲食,0,VERY_LOW,0
489,2026-03-22,1.0,35.0,35.0,和德昌台北公館,冰綠茶-小,飲食,0,VERY_LOW,0
490,2026-03-22,1.0,68.0,68.0,和德昌台北公館,b12_四重麥香雞,飲食,0,LOW,0
491,2026-03-23,1.0,25.0,25.0,統一超商台北市第七四一,(區)現蒸地瓜25元,飲食,0,VERY_LOW,0
492,2026-03-23,1.0,20.0,20.0,統一超商台北市第七四一,台灣上等蕉(裸賣),飲食,0,VERY_LOW,0
493,2026-03-23,1.0,59.0,59.0,統一超商台北市第七四一,粥天子-廣式皮蛋瘦肉煲粥,飲食,0,LOW,0
494,2026-03-23,3.0,12.0,36.0,統一超商台北市第七四一,統一布丁--雞蛋口味,飲食,0,VERY_LOW,0
495,2026-03-24,1.0,110.0,99.0,傑洛國際台大店,嫩切雞肉堡6吋,飲食,0,LOW,0
496,2026-03-24,1.0,60.0,60.0,傑洛國際台大店,餅乾3片,飲食,0,LOW,0
497,2026-03-24,1.0,13.0,13.0,全家便利商店台大二活門市部,茶葉蛋(銷售用),飲食,0,VERY_LOW,0
498,2026-03-24,1.0,18.0,18.0,全家便利商店台大二活門市部,金蘋果調味乳蘋果風味,飲食,0,VERY_LOW,0
499,2026-03-25,1.0,30.0,30.0,全家便利商店台大二活門市部,蕃薯(30元),飲食,0,VERY_LOW,0
500,2026-03-25,1.0,13.0,13.0,全家便利商店台大二活門市部,茶葉蛋(銷售用),飲食,0,VERY_LOW,0
501,2026-03-26,1.0,16.0,16.0,優食台灣,服務費和其他費用,飲食,0,VERY_LOW,0
502,2026-03-26,1.0,25.0,25.0,優食台灣,外送費,飲食,0,VERY_LOW,0
503,2026-03-27,1.0,110.0,99.0,傑洛國際台大店,嫩切雞肉堡6吋,飲食,0,LOW,0
504,2026-03-27,1.0,60.0,60.0,傑洛國際台大店,餅乾3片,飲食,0,LOW,0
505,2026-03-27,1.0,45.0,45.0,統一超商台北市第七四一,(a)御料小館香辣炸雞球,飲食,0,VERY_LOW,0
506,2026-03-27,2.0,35.0,70.0,統一超商台北市第七四一,卡辣姆久平切洋芋片勁辣唐辛35元,飲食,0,LOW,0
507,2026-03-27,1.0,600.0,600.0,忠欣,toeic 證書,教育,0,HIGH,4
508,2026-03-27,1.0,25.0,25.0,統一超商台北市第七四一,來一客杯麵京燉肉骨風味,飲食,0,VERY_LOW,0
509,2026-03-27,1.0,20.0,20.0,統一超商台北市第七四一,台灣上等蕉(裸賣),飲食,0,VERY_LOW,0
510,2026-03-27,1.0,3.0,3.0,美德耐台大卓越商場,a4黑白列印ibon,教育,0,VERY_LOW,4
511,2026-03-27,1.0,49.0,49.0,統一超商台北市第七四一,韓國農心辛香菇杯麵,飲食,0,VERY_LOW,0
512,2026-03-28,1.0,13.0,13.0,優食台灣,服務費和其他費用,飲食,0,VERY_LOW,0
513,2026-03-28,1.0,55.0,55.0,優食台灣,外送費,飲食,0,LOW,0
514,2026-03-29,1.0,55.0,55.0,優食台灣,外送費,飲食,0,LOW,0
515,2026-03-29,1.0,18.0,18.0,優食台灣,服務費和其他費用,飲食,0,VERY_LOW,0
516,2026-03-30,1.0,59.0,59.0,統一超商台北市第七四一,粥天子-廣式皮蛋瘦肉煲粥,飲食,0,LOW,0
517,2026-03-30,1.0,45.0,45.0,統一超商台北市第七四一,(a)御料小館椒鹽鹽酥雞,飲食,0,VERY_LOW,0
518,2026-03-31,1.0,21.0,21.0,笑笑笑國際台北公館,大菱定頁32k筆記本,教育,0,VERY_LOW,4
519,2026-03-31,1.0,25.0,25.0,傑洛國際台大店,餅乾1片,飲食,0,VERY_LOW,0
520,2026-03-31,1.0,110.0,99.0,傑洛國際台大店,嫩切雞肉堡6吋,飲食,0,LOW,0
521,2026-04-01,1.0,45.0,45.0,統一超商台北市第七四一,(a)御料小館香辣炸雞球,飲食,0,VERY_LOW,0
522,2026-04-01,1.0,35.0,35.0,統一超商台北市第七四一,桂格100%燕麥(顆粒微甜)290ml,飲食,0,VERY_LOW,0
523,2026-04-01,1.0,35.0,35.0,統一超商台北市第七四一,(區)現蒸地瓜35元,飲食,0,VERY_LOW,0
524,2026-04-07,1.0,35.0,35.0,全家便利商店台大二活門市部,桂格顆粒燕麥飲,飲食,0,VERY_LOW,0
525,2026-04-07,1.0,13.0,13.0,全家便利商店台大二活門市部,茶葉蛋(銷售用),飲食,0,VERY_LOW,0
526,2026-04-07,1.0,35.0,35.0,全家便利商店台大二活門市部,桂格顆粒燕麥飲,飲食,0,VERY_LOW,0
527,2026-04-07,1.0,25.0,25.0,傑洛國際台大店,餅乾1片,飲食,0,VERY_LOW,0
528,2026-04-07,1.0,110.0,99.0,傑洛國際台大店,嫩切雞肉堡6吋,飲食,0,LOW,0
529,2026-04-08,1.0,40.0,40.0,統一超商台北市第七四一,(區)現蒸地瓜40元,飲食,0,VERY_LOW,0
530,2026-04-09,1.0,17.0,17.0,優食台灣,服務費和其他費用,飲食,0,VERY_LOW,0
531,2026-04-09,1.0,55.0,55.0,優食台灣,外送費,飲食,0,LOW,0
532,2026-04-10,1.0,110.0,99.0,傑洛國際台大店,嫩切雞肉堡6吋,飲食,0,LOW,0
533,2026-04-10,1.0,60.0,60.0,傑洛國際台大店,餅乾3片,飲食,0,LOW,0
534,2026-04-11,1.0,10.0,10.0,優食台灣,外送費,飲食,0,VERY_LOW,0
535,2026-04-11,1.0,15.0,15.0,優食台灣,服務費和其他費用,飲食,0,VERY_LOW,0
536,2026-04-11,1.0,75.0,75.0,萬隆小吃店,粗-招牌乾麵p,飲食,0,LOW,0
537,2026-04-11,1.0,11.0,11.0,優食台灣,服務費和其他費用,飲食,0,VERY_LOW,0
538,2026-04-11,1.0,15.0,15.0,優食台灣,外送費,飲食,0,VERY_LOW,0
539,2026-04-11,1.0,27.0,27.0,萬隆小吃店,白豆漿p,飲食,0,VERY_LOW,0
540,2026-04-12,1.0,35.0,35.0,統一超商台北市第七四一,卡辣姆久平切洋芋片勁辣唐辛35元,飲食,0,VERY_LOW,0
541,2026-04-12,1.0,45.0,45.0,統一超商台北市第七四一,(a)御料小館香辣炸雞球,飲食,0,VERY_LOW,0
542,2026-04-12,2.0,35.0,70.0,統一超商台北市第七四一,拉麵道日式豚骨風味,飲食,0,LOW,0
543,2026-04-14,1.0,116.0,116.0,悠旅生活事業台北市第六,經典咖啡松露生巧,飲食,0,LOW,0
544,2026-04-14,1.0,154.0,154.0,悠旅生活事業台北市第六,冰蘋果青茶大,飲食,0,MID,0
545,2026-04-14,1.0,110.0,99.0,傑洛國際台大店,嫩切雞肉堡6吋,飲食,0,LOW,0
546,2026-04-14,1.0,90.0,90.0,東引快刀手企業社,餛飩牛肉湯麵(小),飲食,0,LOW,0
547,2026-04-14,1.0,30.0,30.0,東引快刀手企業社,蘿蔔,飲食,0,VERY_LOW,0
548,2026-04-14,1.0,20.0,20.0,東引快刀手企業社,豆干,飲食,0,VERY_LOW,0
549,2026-04-15,1.0,13.0,13.0,全家便利商店台大二活門市部,茶葉蛋(銷售用),飲食,0,VERY_LOW,0
550,2026-04-15,1.0,28.0,28.0,全家便利商店台大二活門市部,ab優酪乳原味,飲食,0,VERY_LOW,0
551,2026-04-16,1.0,17.0,17.0,優食台灣,服務費和其他費用,飲食,0,VERY_LOW,0
552,2026-04-16,1.0,55.0,55.0,優食台灣,外送費,飲食,0,LOW,0
553,2026-04-17,1.0,45.0,45.0,統一超商台北市第七四一,(a)御料小館香辣炸雞球,飲食,0,VERY_LOW,0
554,2026-04-17,1.0,35.0,35.0,統一超商台北市第七四一,桂格100%燕麥(顆粒微甜)290ml,飲食,0,VERY_LOW,0
555,2026-04-17,1.0,30.0,30.0,統一超商台北市第七四一,晨光葡萄土司,飲食,0,VERY_LOW,0
556,2026-04-18,1.0,16.0,16.0,優食台灣,服務費和其他費用,飲食,0,VERY_LOW,0
557,2026-04-18,1.0,55.0,55.0,優食台灣,外送費,飲食,0,LOW,0
558,2026-04-20,1.0,10.0,10.0,優食台灣,外送費,飲食,0,VERY_LOW,0
559,2026-04-20,1.0,10.0,10.0,優食台灣,服務費和其他費用,飲食,0,VERY_LOW,0
560,2026-04-20,1.0,25.0,25.0,統一超商台北市第七四一,統一麵包快樂牛奶球,飲食,0,VERY_LOW,0
561,2026-04-20,1.0,27.0,27.0,萬隆小吃店,白豆漿p,飲食,0,VERY_LOW,0
562,2026-04-20,1.0,45.0,45.0,統一超商台北市第七四一,(a)御料小館香辣炸雞球,飲食,0,VERY_LOW,0
563,2026-04-20,1.0,30.0,30.0,統一超商台北市第七四一,台灣香蕉重量分享包(2入),飲食,0,VERY_LOW,0
564,2026-04-20,1.0,75.0,75.0,萬隆小吃店,粗-招牌乾麵p,飲食,0,LOW,0
565,2026-04-20,1.0,36.0,36.0,統一超商台北市第七四一,林聰明-雞肉飯飯糰,飲食,0,VERY_LOW,0
566,2026-04-21,2.0,35.0,70.0,全家便利商店台大二活門市部,桂格顆粒燕麥飲,飲食,0,LOW,0
567,2026-04-21,1.0,110.0,99.0,傑洛國際台大店,嫩切雞肉堡6吋,飲食,0,LOW,0
568,2026-04-22,1.0,20.0,20.0,統一超商台北市第七四一,台灣上等蕉(裸賣),飲食,0,VERY_LOW,0
569,2026-04-22,1.0,25.0,25.0,統一超商台北市第七四一,統一麵包快樂牛奶球,飲食,0,VERY_LOW,0
570,2026-04-22,1.0,13.0,13.0,優食台灣,服務費和其他費用,飲食,0,VERY_LOW,0
571,2026-04-22,1.0,55.0,55.0,優食台灣,外送費,飲食,0,LOW,0
572,2026-04-22,1.0,25.0,25.0,統一超商台北市第七四一,來一客杯麵京燉肉骨風味,飲食,0,VERY_LOW,0
573,2026-04-23,1.0,36.0,36.0,統一超商台北市第七四一,林聰明-雞肉飯飯糰,飲食,0,VERY_LOW,0
574,2026-04-23,1.0,25.0,25.0,統一超商台北市第七四一,(區)現蒸地瓜25元,飲食,0,VERY_LOW,0
575,2026-04-23,1.0,45.0,45.0,統一超商台北市第七四一,(a)御料小館香辣炸雞球,飲食,0,VERY_LOW,0
576,2026-04-23,1.0,49.0,49.0,統一超商台北市第七四一,韓國農心辛香菇杯麵,飲食,0,VERY_LOW,0
577,2026-04-23,1.0,35.0,35.0,統一超商台北市第七四一,卡辣姆久平切洋芋片勁辣唐辛35元,飲食,0,VERY_LOW,0
578,2026-04-24,1.0,585.0,585.0,趣趣好食,鹹酥雞套餐-rextor,飲食,0,HIGH,0
579,2026-04-24,1.0,69.0,69.0,寶雅國際台北公館,kesho乾濕兩用粉撲海綿12入-pb03房形,購物,0,LOW,2
580,2026-04-24,1.0,38.0,38.0,寶雅國際台北公館,泰國皇家牛奶片 25g,飲食,0,VERY_LOW,0
581,2026-04-24,1.0,120.0,120.0,趣趣好食,冷泡茶,飲食,0,LOW,0
582,2026-04-24,2.0,100.0,200.0,趣趣好食,pink salt lemonade檸檬茶,飲食,0,MID,0
583,2026-04-25,1.0,10.0,10.0,統一超商台北市第七四一,茶葉蛋,飲食,0,VERY_LOW,0
584,2026-04-25,1.0,30.0,30.0,統一超商台北市第七四一,晨光葡萄土司,飲食,0,VERY_LOW,0
585,2026-04-25,2.0,35.0,70.0,統一超商台北市第七四一,卡辣姆久平切洋芋片勁辣唐辛35元,飲食,0,LOW,0
586,2026-04-25,1.0,45.0,45.0,統一超商台北市第七四一,(a)御料小館香辣炸雞球,飲食,0,VERY_LOW,0
587,2026-04-26,1.0,80.0,80.0,新光三越百貨台北信義,小吃food court,飲食,0,LOW,0
588,2026-04-26,1.0,75.0,75.0,百春飲料店,甜品,飲食,0,LOW,0
589,2026-04-28,1.0,110.0,99.0,傑洛國際台大店,嫩切雞肉堡6吋,飲食,0,LOW,0
590,2026-04-28,1.0,60.0,60.0,傑洛國際台大店,餅乾3片,飲食,0,LOW,0
591,2026-04-28,1.0,219.0,230.0,精誠資訊,商品電子兌換憑證星巴克保佑 福吉平安組合,飲食,0,MID,0
592,2026-04-30,1.0,166.7,175.0,精誠資訊,商品電子兌換憑證星巴克你最可愛組合,飲食,0,MID,0
593,2026-05-02,1.0,32.0,32.0,寶雅國際秀泰文心,老中醫天然仙楂70g,娛樂,0,VERY_LOW,3
594,2026-05-05,1.0,28.0,28.0,全家便利商店台大二活門市部,鮮乳坊起司銀絲卷,飲食,0,VERY_LOW,0
595,2026-05-05,1.0,35.0,35.0,全家便利商店台大二活門市部,一配經典蜂蜜蛋糕,飲食,0,VERY_LOW,0
596,2026-05-05,1.0,30.0,30.0,全家便利商店台大二活門市部,自然零藍莓優酪,飲食,0,VERY_LOW,0
597,2026-05-05,1.0,25.0,25.0,傑洛國際台大店,餅乾1片,飲食,0,VERY_LOW,0
598,2026-05-05,1.0,110.0,99.0,傑洛國際台大店,嫩切雞肉堡6吋,飲食,0,LOW,0
599,2026-05-06,1.0,17.0,17.0,優食台灣,服務費和其他費用,飲食,0,VERY_LOW,0
600,2026-05-06,1.0,55.0,55.0,優食台灣,外送費,飲食,0,LOW,0
601,2026-05-06,1.0,247.0,247.0,寶雅國際台北公館,solone天生好手極細三角眉筆15g-ex04,購物,0,MID,2
602,2026-05-06,1.0,32.0,32.0,寶雅國際台北公館,老中醫天然仙楂70g,飲食,0,VERY_LOW,0
603,2026-05-07,1.0,90.0,90.0,東引快刀手企業社,餛飩牛肉湯麵(小),飲食,0,LOW,0
604,2026-05-07,1.0,30.0,30.0,東引快刀手企業社,蘿蔔,飲食,0,VERY_LOW,0
605,2026-05-07,1.0,20.0,20.0,東引快刀手企業社,豆干,飲食,0,VERY_LOW,0
606,2026-05-08,2.0,15.0,30.0,統一超商台北市第七四一,a4彩色160g列印ibon,教育,0,VERY_LOW,4
607,2026-05-08,1.0,60.0,60.0,傑洛國際台大店,餅乾3片,飲食,0,LOW,0
608,2026-05-08,1.0,110.0,99.0,傑洛國際台大店,嫩切雞肉堡6吋,飲食,0,LOW,0
609,2026-05-09,2.0,42.0,84.0,統一多拿滋小巨蛋門市部,濃醇豆香波堤250318,飲食,0,LOW,0
610,2026-05-09,1.0,600.0,600.0,誠品生活站前忠孝,台灣客美多珈琲 餐飲 正價品,飲食,0,HIGH,0
611,2026-05-10,1.0,38.0,38.0,和德昌台北公館,冰紅茶-中,飲食,0,VERY_LOW,0
612,2026-05-10,1.0,109.0,109.0,和德昌台北公館,餐-十塊雞,飲食,0,LOW,0
613,2026-05-10,1.0,43.0,43.0,和德昌台北公館,配-經典大薯,飲食,0,VERY_LOW,0
614,2026-05-10,1.0,238.1,250.0,精誠資訊,商品電子兌換憑證星巴克你是最特別的人組合,飲食,0,MID,0
615,2026-05-10,1.0,20.0,20.0,萊爾富國際第3088,uni water550水,飲食,0,VERY_LOW,0
616,2026-05-10,1.0,52.0,52.0,全家便利商店台北市第六三四,富士蘋果(截切-袋),飲食,0,LOW,0
617,2026-05-10,2.0,99.0,198.0,統一超商台北市第一0三四,蘇菲清新涼感薄荷日用23cm9片,飲食,0,MID,0
618,2026-05-11,1.0,35.0,35.0,統一超商台北市第七四一,卡辣姆久平切洋芋片勁辣唐辛35元,飲食,0,VERY_LOW,0
619,2026-05-11,1.0,59.0,59.0,統一超商台北市第七四一,粥天子-廣式皮蛋瘦肉煲粥,飲食,0,LOW,0
620,2026-05-11,1.0,45.0,45.0,統一超商台北市第七四一,(a)御料小館香辣炸雞球,飲食,0,VERY_LOW,0
621,2026-05-11,1.0,110.0,99.0,傑洛國際台大店,嫩切雞肉堡6吋,飲食,0,LOW,0
622,2026-05-12,1.0,30.0,30.0,全家便利商店台大二活門市部,大高麗菜包,飲食,0,VERY_LOW,0
623,2026-05-12,2.0,28.0,56.0,全家便利商店台大二活門市部,ab優酪乳原味,飲食,0,LOW,0
624,2026-05-13,1.0,110.0,99.0,傑洛國際台大店,嫩切雞肉堡6吋,飲食,0,LOW,0
625,2026-05-13,1.0,25.0,25.0,傑洛國際台大店,餅乾1片,飲食,0,VERY_LOW,0
626,2026-05-13,1.0,25.0,25.0,全家便利商店台大二活門市部,一配蜂蜜牛奶球,飲食,0,VERY_LOW,0
627,2026-05-14,1.0,15.0,15.0,優食台灣,服務費和其他費用,飲食,0,VERY_LOW,0
628,2026-05-14,1.0,55.0,55.0,優食台灣,外送費,飲食,0,LOW,0
629,2026-05-15,1.0,28.0,28.0,全家便利商店台大二活門市部,鮮乳坊起司銀絲卷,飲食,0,VERY_LOW,0
630,2026-05-15,1.0,35.0,35.0,全家便利商店台大二活門市部,桂格顆粒燕麥飲,飲食,0,VERY_LOW,0
631,2026-05-15,1.0,383.0,383.0,寶雅國際台北公館,im meme我愛魔皮柔焦蜜粉10g,購物,0,MID,2
632,2026-05-15,1.0,15.0,15.0,優食台灣,服務費和其他費用,飲食,0,VERY_LOW,0
633,2026-05-15,1.0,30.0,30.0,優食台灣,外送費,飲食,0,VERY_LOW,0
634,2026-05-16,1.0,45.0,45.0,統一超商台北市第七四一,(a)御料小館香辣炸雞球,飲食,0,VERY_LOW,0
635,2026-05-16,1.0,35.0,35.0,統一超商台北市第七四一,卡辣姆久平切洋芋片勁辣唐辛35元,飲食,0,VERY_LOW,0
636,2026-05-16,1.0,30.0,30.0,統一超商台北市第七四一,台灣香蕉重量分享包(2入),飲食,0,VERY_LOW,0
637,2026-05-16,1.0,36.0,36.0,統一超商台北市第七四一,林聰明-雞肉飯飯糰,飲食,0,VERY_LOW,0
638,2026-05-17,1.0,49.0,49.0,統一超商台北市第七四一,韓國農心辛香菇杯麵,飲食,0,VERY_LOW,0
639,2026-05-17,1.0,45.0,45.0,統一超商台北市第七四一,(a)御料小館香辣炸雞球,飲食,0,VERY_LOW,0
640,2026-05-17,2.0,50.0,100.0,統一超商台北市第七四一,(a)北海鱈魚香絲(大),飲食,0,LOW,0
641,2026-05-17,2.0,30.0,60.0,統一超商台北市第七四一,福樂自然零藍莓優酪,飲食,0,LOW,0
642,2026-05-17,1.0,59.0,59.0,統一超商台北市第七四一,(區)粥天子-田園雞蓉玉米粥,飲食,0,LOW,0
643,2026-05-18,1.0,15.0,15.0,優食台灣,服務費和其他費用,飲食,0,VERY_LOW,0
644,2026-05-18,1.0,20.0,20.0,優食台灣,外送費,飲食,0,VERY_LOW,0
645,2026-05-19,1.0,110.0,99.0,傑洛國際台大店,嫩切雞肉堡6吋,飲食,0,LOW,0
646,2026-05-19,2.0,28.0,56.0,全家便利商店台大二活門市部,ab優酪乳原味,飲食,0,LOW,0
647,2026-05-20,1.0,49.0,49.0,統一超商台北市第七四一,ab原味優酪乳517ml(瓶),飲食,0,VERY_LOW,0
648,2026-05-21,1.0,15.0,15.0,優食台灣,服務費和其他費用,飲食,0,VERY_LOW,0
649,2026-05-21,1.0,35.0,35.0,全家便利商店台大二活門市部,桂格顆粒燕麥飲,飲食,0,VERY_LOW,0
650,2026-05-21,1.0,10.0,10.0,優食台灣,外送費,飲食,0,VERY_LOW,0
651,2026-05-22,1.0,300.0,300.0,韓星國際廣場,泡菜煎餅 김치전 kimchi pancake,飲食,0,MID,0
652,2026-05-22,1.0,150.0,150.0,韓星國際廣場,服務費,飲食,0,MID,0
653,2026-05-22,1.0,1199.0,1199.0,韓星國際廣場,豬肉拼盤 돼지모둠 pork combo 2人套餐五花肉 삼겹살 pork belly+松阪肉항정살pork jowl+梅花목살boston butt+海鮮大醬鍋(附飯) 된장찌개 soybean paste soup+韓式起司蒸雞蛋 치즈폭탄계란찜 cheese steamed eggs,飲食,0,HIGH,0
654,2026-05-22,1.0,22.0,22.0,全家便利商店台大二活門市部,金蘋果調味乳蘋果風味,飲食,0,VERY_LOW,0
655,2026-05-22,1.0,18.0,18.0,全家便利商店台大二活門市部,芝麻包,飲食,0,VERY_LOW,0
656,2026-05-22,1.0,30.0,30.0,全家便利商店台大二活門市部,大高麗菜包,飲食,0,VERY_LOW,0
657,2026-05-23,1.0,43.0,43.0,和德昌台北公館,配-經典大薯,飲食,0,VERY_LOW,0
658,2026-05-23,1.0,43.0,43.0,和德昌台北公館,冰綠茶-中,飲食,0,VERY_LOW,0
659,2026-05-23,1.0,78.0,78.0,和德昌台北公館,餐-勁辣雞腿,飲食,0,LOW,0
660,2026-05-23,1.0,160.0,160.0,瑤池企業社,黑糖牛奶-ice,飲食,0,MID,0
661,2026-05-23,1.0,160.0,160.0,瑤池企業社,水餃10粒-辣,飲食,0,MID,0
662,2026-05-24,1.0,25.0,25.0,優食台灣,外送費,飲食,0,VERY_LOW,0
663,2026-05-24,1.0,16.0,16.0,優食台灣,服務費和其他費用,飲食,0,VERY_LOW,0
664,2026-05-24,1.0,25.0,25.0,統一超商台北市第七四一,來一客杯麵京燉肉骨風味,飲食,0,VERY_LOW,0
665,2026-05-24,1.0,59.0,59.0,統一超商台北市第七四一,粥天子-廣式皮蛋瘦肉煲粥,飲食,0,LOW,0
666,2026-05-24,1.0,45.0,45.0,統一超商台北市第七四一,(a)御料小館香辣炸雞球,飲食,0,VERY_LOW,0
667,2026-05-24,2.0,35.0,70.0,統一超商台北市第七四一,卡辣姆久平切洋芋片勁辣唐辛35元,飲食,0,LOW,0
668,2026-05-24,1.0,10.0,10.0,統一超商台北市第七四一,茶葉蛋,飲食,0,VERY_LOW,0
669,2026-05-24,1.0,49.0,49.0,統一超商台北市第七四一,韓國農心辛香菇杯麵,飲食,0,VERY_LOW,0
670,2026-05-25,1.0,15.0,15.0,優食台灣,服務費和其他費用,飲食,0,VERY_LOW,0
671,2026-05-25,1.0,15.0,15.0,優食台灣,外送費,飲食,0,VERY_LOW,0
672,2026-05-26,1.0,29.0,29.0,笑笑笑國際台北公館,三菱sxn155溜溜筆黑,教育,0,VERY_LOW,4
673,2026-05-26,1.0,25.0,25.0,傑洛國際台大店,餅乾1片,飲食,0,VERY_LOW,0
674,2026-05-26,1.0,26.0,26.0,笑笑笑國際台北公館,飛龍c205鉛芯hb,教育,0,VERY_LOW,4
675,2026-05-26,1.0,275.0,275.0,飛捷影印數位印刷,影印費,教育,0,MID,4
676,2026-05-26,1.0,39.0,39.0,笑笑笑國際台北公館,3m細滑牙線棒散裝36支入,醫療健康,0,VERY_LOW,5
677,2026-05-26,2.0,28.0,56.0,全家便利商店台大二活門市部,ab優酪乳原味,飲食,0,LOW,0
678,2026-05-26,1.0,35.0,35.0,笑笑笑國際台北公館,丰荷3d日系醫用成人口罩10入氣質白,醫療健康,0,VERY_LOW,5
679,2026-05-26,1.0,110.0,99.0,傑洛國際台大店,嫩切雞肉堡6吋,飲食,0,LOW,0
680,2025-09-01,1.0,60.0,60.0,全家便利商店台大二活門市部,特大冰美式,飲食,1,LOW,0
681,2025-09-01,1.0,35.0,35.0,全家便利商店台大二活門市部,星一配雞肉飯飯糰,飲食,1,VERY_LOW,0
682,2025-09-01,1.0,59.0,59.0,美德耐台大卓越商場,路易莎咖啡餐點類,飲食,1,LOW,0
683,2025-09-01,1.0,350.0,350.0,冠樺生活,熟食,飲食,1,MID,0
684,2025-09-01,1.0,35.0,35.0,正好停樹林車站停車場,parking fee,交通,1,VERY_LOW,1
685,2025-09-02,1.0,40.0,40.0,冠樺生活,熟食,飲食,1,VERY_LOW,0
686,2025-09-02,1.0,100.0,100.0,長佳機電工程大安運動中心暨和平籃球館營業所,桌球場,娛樂,1,LOW,3
687,2025-09-02,1.0,35.0,35.0,正好停樹林車站停車場,parking fee,交通,1,VERY_LOW,1
688,2025-09-02,1.0,135.0,135.0,作燴餐飲科技,珍大雞排 - 炙燒火烤雞腿(b),飲食,1,LOW,0
689,2025-09-02,1.0,42.0,42.0,統一聖娜多堡市站門市部,金塊香蒜-小單位,飲食,1,VERY_LOW,0
690,2025-09-02,1.0,60.0,60.0,統一聖娜多堡市站門市部,16oz(冰)特選美式咖啡,飲食,1,LOW,0
691,2025-09-02,1.0,45.0,45.0,作燴餐飲科技,大茗內湖店 - 玉露青茶(l),飲食,1,VERY_LOW,0
692,2025-09-03,1.0,35.0,35.0,正好停樹林車站停車場,parking fee,交通,1,VERY_LOW,1
693,2025-09-03,1.0,40.0,40.0,冠樺生活,熟食,飲食,1,VERY_LOW,0
694,2025-09-03,1.0,130.0,130.0,揚秦國際企業北市台視,茄汁原塊嫩雞義大利麵,飲食,1,LOW,0
695,2025-09-03,1.0,35.0,35.0,全家便利商店台大二活門市部,一配菠蘿麵包,飲食,1,VERY_LOW,0
696,2025-09-03,1.0,40.0,40.0,揚秦國際企業北市台視,黃金脆薯,飲食,1,VERY_LOW,0
697,2025-09-03,1.0,30.0,30.0,揚秦國際企業北市台視,奶茶(l)(冰),飲食,1,VERY_LOW,0
698,2025-09-03,1.0,2.0,2.0,全家便利商店台大二活門市部,咖啡專用不織布提袋(1杯袋),飲食,1,VERY_LOW,0
699,2025-09-03,1.0,60.0,60.0,全家便利商店台大二活門市部,特大冰美式,飲食,1,LOW,0
700,2025-09-03,1.0,35.0,35.0,揚秦國際企業北市台視,蘿蔔糕,飲食,1,VERY_LOW,0
701,2025-09-04,1.0,35.0,35.0,正好停樹林車站停車場,parking fee,交通,1,VERY_LOW,1
702,2025-09-04,1.0,125.0,125.0,作燴餐飲科技,珍大雞排 - 珍大雞排飯(f),飲食,1,LOW,0
703,2025-09-04,1.0,45.0,45.0,作燴餐飲科技,teatop延吉 - 招牌高山青(l),飲食,1,VERY_LOW,0
704,2025-09-04,1.0,60.0,60.0,統一聖娜多堡市站門市部,16oz(冰)特選美式咖啡,飲食,1,LOW,0
705,2025-09-04,1.0,42.0,42.0,統一聖娜多堡市站門市部,金塊香蒜-小單位,飲食,1,VERY_LOW,0
706,2025-09-05,1.0,105.0,95.0,傑洛國際台大店,火腿堡6吋,飲食,1,LOW,0
707,2025-09-05,1.0,143.0,143.0,統一超商,冰/熱 美式咖啡(大),飲食,1,LOW,0
708,2025-09-05,1.0,40.0,40.0,冠樺生活,熟食,飲食,1,VERY_LOW,0
709,2025-09-05,1.0,41.0,41.0,美德耐台大卓越商場,路易莎咖啡餐點類,飲食,1,VERY_LOW,0
710,2025-09-05,1.0,25.0,25.0,全家便利商店台大二活門市部,飲冰室茶集綠奶茶,飲食,1,VERY_LOW,0
711,2025-09-06,1.0,40.0,40.0,歐特儀市民廣場地下停車場,停車費,交通,1,VERY_LOW,1
712,2025-09-06,1.0,5990.0,5990.0,富邦媒體科技,whirlpool 惠而浦一級能效10公升節能除濕機wdee101w(貨物稅減免900),購物,1,VERY_HIGH,2
713,2025-09-06,1.0,489.0,489.0,遠東百貨板橋新站,超市餐飲其他,飲食,1,MID,0
714,2025-09-06,1.0,50.0,50.0,源湧商行,金萱雙q,飲食,1,LOW,0
715,2025-09-07,1.0,50.0,50.0,頂尖運動行銷樹林營業所,體適能-全票,娛樂,1,LOW,3
716,2025-09-07,1.0,100.0,100.0,長佳機電工程大安運動中心暨和平籃球館營業所,桌球場,娛樂,1,LOW,3
717,2025-09-08,1.0,40.0,40.0,冠樺生活,熟食,飲食,1,VERY_LOW,0
718,2025-09-08,1.0,65.0,65.0,美德耐台大卓越商場,特選美式冰咖啡(大),飲食,1,LOW,0
719,2025-09-08,1.0,20.0,20.0,美德耐台大卓越商場,台灣上等蕉(裸賣),飲食,1,VERY_LOW,0
720,2025-09-08,1.0,35.0,35.0,正好停樹林車站停車場,parking fee,交通,1,VERY_LOW,1
721,2025-09-09,1.0,170.0,170.0,九南商行,黑蒜豚骨拉麵,飲食,1,MID,0
722,2025-09-09,2.0,25.0,50.0,統一超商新北市第一四三五,午后時光-重乳奶茶tp330,飲食,1,LOW,0
723,2025-09-09,1.0,45.0,45.0,作燴餐飲科技,大茗通化 - 玉露青茶(l),飲食,1,VERY_LOW,0
724,2025-09-09,1.0,60.0,60.0,統一聖娜多堡市站門市部,16oz(冰)特選美式咖啡,飲食,1,LOW,0
725,2025-09-09,1.0,39.0,39.0,統一聖娜多堡市站門市部,極選厚菠蘿,飲食,1,VERY_LOW,0
726,2025-09-09,1.0,150.0,150.0,九南商行,韓式泡菜拉麵,飲食,1,MID,0
727,2025-09-09,1.0,35.0,35.0,正好停樹林車站停車場,parking fee,交通,1,VERY_LOW,1
728,2025-09-09,1.0,100.0,100.0,長佳機電工程大安運動中心暨和平籃球館營業所,桌球場,娛樂,1,LOW,3
729,2025-09-09,1.0,30.0,30.0,九南商行,糖心蛋(兩片),飲食,1,VERY_LOW,0
730,2025-09-09,1.0,15.0,15.0,九南商行,配料,飲食,1,VERY_LOW,0
731,2025-09-10,1.0,35.0,35.0,正好停樹林車站停車場,parking fee,交通,1,VERY_LOW,1
732,2025-09-10,1.0,128.0,128.0,傑洛國際台大店,照燒雞肉堡6吋,飲食,1,LOW,0
733,2025-09-10,1.0,65.0,65.0,美德耐台大卓越商場,特選美式冰咖啡(大),飲食,1,LOW,0
734,2025-09-10,2.0,29.0,58.0,美德耐台大卓越商場,舒潔淨99抗菌濕巾10抽,購物,1,LOW,2
735,2025-09-10,1.0,39.0,39.0,美德耐台大卓越商場,石安牧場溏心蛋飯糰(圓),飲食,1,VERY_LOW,0
736,2025-09-10,1.0,65.0,65.0,美德耐台大卓越商場,特選美式冰咖啡(大),飲食,1,LOW,0
737,2025-09-11,1.0,35.0,35.0,正好停樹林車站停車場,parking fee,交通,1,VERY_LOW,1
738,2025-09-11,1.0,42.0,42.0,統一聖娜多堡市站門市部,金塊香蒜-小單位,飲食,1,VERY_LOW,0
739,2025-09-11,1.0,60.0,60.0,統一聖娜多堡市站門市部,16oz(冰)特選美式咖啡,飲食,1,LOW,0
740,2025-09-11,1.0,40.0,40.0,作燴餐飲科技,五桐號南港 - 一把青茶(l),飲食,1,VERY_LOW,0
741,2025-09-11,1.0,40.0,40.0,冠樺生活,熟食,飲食,1,VERY_LOW,0
742,2025-09-12,1.0,40.0,40.0,冠樺生活,熟食,飲食,1,VERY_LOW,0
743,2025-09-12,1.0,29.0,29.0,國立臺灣大學生物資源暨農學院附設農業試驗場,三明治冰淇淋,飲食,1,VERY_LOW,0
744,2025-09-12,1.0,45.0,45.0,陌生人商行,芽香綠金萱,飲食,1,VERY_LOW,0
745,2025-09-13,1.0,25.0,25.0,全家便利商店新北市第六五四門市部,馬究極味付蛋,飲食,1,VERY_LOW,0
746,2025-09-13,1.0,20.0,20.0,全家便利商店新北市第六五四門市部,大貢丸,飲食,1,VERY_LOW,0
747,2025-09-13,1.0,364.0,364.0,遠東百貨板橋新站,超市餐飲其他,飲食,1,MID,0
748,2025-09-13,1.0,50.0,50.0,星翔飲料店,大1四季春珍波椰,飲食,1,LOW,0
749,2025-09-13,1.0,100.0,100.0,長佳機電工程大安運動中心暨和平籃球館營業所,桌球場,娛樂,1,LOW,3
750,2025-09-13,3.83,28.9,111.0,福懋興業福懋樹林加油站,95無鉛,交通,1,LOW,1
751,2025-09-13,1.0,40.0,40.0,大仟飲料店,柔香青金萱(l),飲食,1,VERY_LOW,0
752,2025-09-13,1.0,160.0,160.0,貓啡因商行,原味波士頓,飲食,1,MID,0
753,2025-09-13,1.0,160.0,160.0,貓啡因商行,原味波士頓,飲食,1,MID,0
754,2025-09-13,1.0,90.0,90.0,貓啡因商行,紅茶,飲食,1,LOW,0
755,2025-09-13,1.0,130.0,130.0,貓啡因商行,奶茶,飲食,1,LOW,0
756,2025-09-13,1.0,30.0,30.0,正好停捷運府中站,parking fee,交通,1,VERY_LOW,1
757,2025-09-14,1.0,50.0,50.0,頂尖運動行銷樹林營業所,體適能-全票,娛樂,1,LOW,3
758,2025-09-14,1.0,35.0,35.0,恆木茶行,油切蕎麥茶,飲食,1,VERY_LOW,0
759,2025-09-15,1.0,40.0,40.0,冠樺生活,熟食,飲食,1,VERY_LOW,0
760,2025-09-15,1.0,35.0,35.0,正好停樹林車站停車場,parking fee,交通,1,VERY_LOW,1
761,2025-09-15,1.0,50.0,50.0,士禾茶坊,金萱雙q,飲食,1,LOW,0
762,2025-09-15,1.0,30.0,30.0,國立臺灣大學生物資源暨農學院附設農業試驗場,三明治冰淇淋,飲食,1,VERY_LOW,0
763,2025-09-15,1.0,45.0,45.0,全家便利商店台大二活門市部,大冰美式,飲食,1,VERY_LOW,0
764,2025-09-15,1.0,315.0,315.0,我是實業開發和平,i am pasta 和平店的訂購商品,飲食,1,MID,0
765,2025-09-15,1.0,32.0,32.0,全家便利商店台大二活門市部,星-二配板巧克力夾心土司,飲食,1,VERY_LOW,0
766,2025-09-16,1.0,465.0,465.0,冠樺生活,餐廳,飲食,1,MID,0
767,2025-09-16,1.0,60.0,60.0,統一聖娜多堡市站門市部,16oz(冰)特選美式咖啡,飲食,1,LOW,0
768,2025-09-16,1.0,40.0,40.0,冠樺生活,熟食,飲食,1,VERY_LOW,0
769,2025-09-16,1.0,35.0,35.0,正好停樹林車站停車場,parking fee,交通,1,VERY_LOW,1
770,2025-09-16,1.0,42.0,42.0,統一聖娜多堡市站門市部,金塊香蒜-小單位,飲食,1,VERY_LOW,0
771,2025-09-17,1.0,45.0,45.0,全家便利商店台大二活門市部,大冰美式,飲食,1,VERY_LOW,0
772,2025-09-17,1.0,32.0,32.0,全家便利商店台大二活門市部,星-二配板巧克力夾心土司,飲食,1,VERY_LOW,0
773,2025-09-17,1.0,45.0,45.0,詠觀國際,烤雞(熟),飲食,1,VERY_LOW,0
774,2025-09-17,1.0,110.0,110.0,詠觀國際,清爽沙拉飯,飲食,1,LOW,0
775,2025-09-17,1.0,100.0,100.0,長佳機電工程大安運動中心暨和平籃球館營業所,桌球場,娛樂,1,LOW,3
776,2025-09-17,1.0,35.0,35.0,正好停樹林車站停車場,parking fee,交通,1,VERY_LOW,1
777,2025-09-18,1.0,39.0,39.0,統一聖娜多堡市站門市部,極選厚菠蘿,飲食,1,VERY_LOW,0
778,2025-09-18,1.0,35.0,35.0,正好停樹林車站停車場,parking fee,交通,1,VERY_LOW,1
779,2025-09-18,1.0,170.0,170.0,九南商行,黑蒜豚骨拉麵,飲食,1,MID,0
780,2025-09-18,1.0,30.0,30.0,九南商行,糖心蛋(兩片),飲食,1,VERY_LOW,0
781,2025-09-18,1.0,15.0,15.0,九南商行,配料,飲食,1,VERY_LOW,0
782,2025-09-18,1.0,150.0,150.0,九南商行,韓式泡菜拉麵,飲食,1,MID,0
783,2025-09-18,1.0,65.0,65.0,新光三越百貨台北信義二館,小吃food court,飲食,1,LOW,0
784,2025-09-20,1.0,20.0,20.0,全家便利商店新北市第六五五門市部,泰山純水,飲食,1,VERY_LOW,0
785,2025-09-20,1.0,36.0,36.0,統一超商台北市第六五一,林聰明-雞肉飯飯糰,飲食,1,VERY_LOW,0
786,2025-09-20,1.0,30.0,30.0,統一超商台北市第六五一,新感覺草莓夾心,飲食,1,VERY_LOW,0
787,2025-09-20,1.0,20.0,20.0,統一超商台北市第六五一,泰山純水pet700,飲食,1,VERY_LOW,0
788,2025-09-20,1.0,40.0,40.0,沛服科技,現貨tpvl熱身賽胸章別針(共7款),購物,1,VERY_LOW,2
789,2025-09-20,1.0,40.0,40.0,沛服科技,現貨tpvl熱身賽胸章別針(共7款),購物,1,VERY_LOW,2
790,2025-09-20,1.0,35.0,35.0,正好停樹林車站停車場,parking fee,交通,1,VERY_LOW,1
791,2025-09-21,1.0,125.0,125.0,欣亭小吃坊,夏威夷鮮蝦比薩,飲食,1,LOW,0
792,2025-09-21,1.0,69.0,69.0,欣亭小吃坊,+69元升級a餐(點心+飲料),飲食,1,LOW,0
793,2025-09-21,1.0,125.0,125.0,欣亭小吃坊,夏威夷鮮蝦比薩,飲食,1,LOW,0
794,2025-09-21,1.0,200.0,200.0,欣亭小吃坊,番茄匈牙利雞腿排,飲食,1,MID,0
795,2025-09-21,1.0,69.0,69.0,欣亭小吃坊,+69元升級a餐(點心+飲料),飲食,1,LOW,0
796,2025-09-21,1.0,69.0,69.0,欣亭小吃坊,+69元升級a餐(點心+飲料),飲食,1,LOW,0
797,2025-09-22,1.0,30.0,30.0,美德耐台大卓越商場,新感覺可可夾心,飲食,1,VERY_LOW,0
798,2025-09-22,1.0,440.0,440.0,冠樺生活,熟食,飲食,1,MID,0
799,2025-09-22,1.0,40.0,40.0,冠樺生活,熟食,飲食,1,VERY_LOW,0
800,2025-09-22,1.0,35.0,35.0,正好停樹林車站停車場,parking fee,交通,1,VERY_LOW,1
801,2025-09-22,1.0,25.0,25.0,美德耐台大卓越商場,統一陽光糙米漿400ml(盒),飲食,1,VERY_LOW,0
802,2025-09-23,1.0,40.0,40.0,冠樺生活,熟食,飲食,1,VERY_LOW,0
803,2025-09-23,1.0,35.0,35.0,正好停樹林車站停車場,parking fee,交通,1,VERY_LOW,1
804,2025-09-23,1.0,39.0,39.0,統一聖娜多堡市站門市部,極選厚菠蘿,飲食,1,VERY_LOW,0
805,2025-09-23,1.0,125.0,125.0,作燴餐飲科技,赤香雞柳王 - 韓式直火燒肉片(e),飲食,1,LOW,0
806,2025-09-23,1.0,45.0,45.0,作燴餐飲科技,50嵐饒河 - 四季春青茶(l),飲食,1,VERY_LOW,0
807,2025-09-24,1.0,32.0,32.0,全家便利商店台大二活門市部,星-二配板巧克力夾心土司,飲食,1,VERY_LOW,0
808,2025-09-24,1.0,65.0,65.0,美德耐台大卓越商場,特選美式冰咖啡(大),飲食,1,LOW,0
809,2025-09-24,1.0,50.0,50.0,星翔飲料店,大1四季春珍波椰,飲食,1,LOW,0
810,2025-09-24,1.0,35.0,35.0,正好停樹林車站停車場,parking fee,交通,1,VERY_LOW,1
811,2025-09-24,1.0,20.0,20.0,美德耐台大卓越商場,台灣上等蕉(裸賣),飲食,1,VERY_LOW,0
812,2025-09-25,1.0,60.0,60.0,統一聖娜多堡市站門市部,16oz(冰)特選美式咖啡,飲食,1,LOW,0
813,2025-09-25,1.0,35.0,35.0,正好停樹林車站停車場,parking fee,交通,1,VERY_LOW,1
814,2025-09-25,1.0,170.0,170.0,九南商行,黑蒜豚骨拉麵,飲食,1,MID,0
815,2025-09-25,1.0,150.0,150.0,九南商行,韓式泡菜拉麵,飲食,1,MID,0
816,2025-09-25,1.0,30.0,30.0,九南商行,糖心蛋(兩片),飲食,1,VERY_LOW,0
817,2025-09-25,1.0,35.0,35.0,九南商行,涼拌豆干絲,飲食,1,VERY_LOW,0
818,2025-09-25,1.0,15.0,15.0,九南商行,配料,飲食,1,VERY_LOW,0
819,2025-09-25,1.0,100.0,100.0,臺北大眾捷運內湖線南港展覽館站,桌球場,娛樂,1,LOW,3
820,2025-09-25,1.0,45.0,45.0,作燴餐飲科技,迷客夏虎林 - 原片初露青茶(l),飲食,1,VERY_LOW,0
821,2025-09-25,1.0,50.0,50.0,統一聖娜多堡市站門市部,32層菠蘿可頌,飲食,1,LOW,0
822,2025-09-26,1.0,530.0,530.0,冠樺生活,餐廳,飲食,1,HIGH,0
823,2025-09-26,1.0,225.0,225.0,冠樺生活,輕食咖啡廳,飲食,1,MID,0
824,2025-09-26,1.0,35.0,35.0,冠樺生活,輕食咖啡廳,飲食,1,VERY_LOW,0
825,2025-09-26,1.0,40.0,40.0,冠樺生活,熟食,飲食,1,VERY_LOW,0
826,2025-09-26,1.0,50.0,50.0,星翔飲料店,大1四季春珍波椰,飲食,1,LOW,0
827,2025-09-26,1.0,48.0,48.0,傑洛國際台大店,a套餐,飲食,1,VERY_LOW,0
828,2025-09-26,1.0,139.0,125.0,傑洛國際台大店,燒烤牛肉堡6吋,飲食,1,LOW,0
829,2025-09-27,1.0,90.0,90.0,貓啡因商行,紅茶,飲食,1,LOW,0
830,2025-09-27,1.0,130.0,130.0,貓啡因商行,奶茶,飲食,1,LOW,0
831,2025-09-27,1.0,160.0,160.0,貓啡因商行,炙燒乳酪蛋糕,飲食,1,MID,0
832,2025-09-27,1.0,160.0,160.0,貓啡因商行,草莓白乳酪,飲食,1,MID,0
833,2025-09-27,1.0,100.0,100.0,長佳機電工程大安運動中心暨和平籃球館營業所,桌球場,娛樂,1,LOW,3
834,2025-09-27,1.0,40.0,40.0,歐特儀市民廣場地下停車場,停車費,交通,1,VERY_LOW,1
835,2025-09-27,14.0,30.0,420.0,爭鮮府中,30元盤,飲食,1,MID,0
836,2025-09-27,1.0,100.0,100.0,長佳機電工程大安運動中心暨和平籃球館營業所,桌球場,娛樂,1,LOW,3
837,2025-09-27,1.0,263.0,263.0,冠誠生活,藥妝藥房,醫療健康,1,MID,5
838,2025-09-27,6.0,40.0,240.0,爭鮮府中,40元盤,飲食,1,MID,0
839,2025-09-28,1.0,50.0,50.0,恆木茶行,油切蕎麥茶,飲食,1,LOW,0
840,2025-09-28,1.0,100.0,100.0,臺北大眾捷運板橋線板橋站,桌球場,娛樂,1,LOW,3
841,2025-09-28,1.0,50.0,50.0,頂尖運動行銷樹林營業所,體適能-全票,娛樂,1,LOW,3
842,2025-09-29,1.0,130.0,130.0,貓啡因商行,奶茶,飲食,1,LOW,0
843,2025-09-29,1.0,160.0,160.0,貓啡因商行,炙燒乳酪蛋糕,飲食,1,MID,0
844,2025-09-29,1.0,190.0,190.0,貓啡因商行,拿鐵,飲食,1,MID,0
845,2025-09-29,1.0,50.0,50.0,星翔飲料店,大1四季春珍波椰,飲食,1,LOW,0
846,2025-09-29,1.0,10.0,10.0,歐特儀市民廣場地下停車場,停車費,交通,1,VERY_LOW,1
847,2025-09-30,1.0,35.0,35.0,正好停樹林車站停車場,parking fee,交通,1,VERY_LOW,1
848,2025-09-30,1.0,303.0,303.0,潤泰旭展,餐飲與食品(f&b),飲食,1,MID,0
849,2025-09-30,1.0,42.0,42.0,統一聖娜多堡市站門市部,金塊香蒜-小單位,飲食,1,VERY_LOW,0
850,2025-09-30,1.0,60.0,60.0,統一聖娜多堡市站門市部,16oz(冰)特選美式咖啡,飲食,1,LOW,0
851,2025-09-30,1.0,40.0,40.0,作燴餐飲科技,得正南港店 - 輕烏龍(l),飲食,1,VERY_LOW,0
852,2025-09-30,1.0,125.0,125.0,作燴餐飲科技,陽光bbq健康餐 - 匈牙利香蒜雞胸(c),飲食,1,LOW,0
853,2025-10-01,1.0,13.0,13.0,松深食品,pkl330ml黑松蘋果c,飲食,1,VERY_LOW,0
854,2025-10-01,1.0,45.0,45.0,全家便利商店台大二活門市部,大冰美式,飲食,1,VERY_LOW,0
855,2025-10-01,1.0,32.0,32.0,全家便利商店台大二活門市部,星-二配板巧克力夾心土司,飲食,1,VERY_LOW,0
856,2025-10-01,1.0,35.0,35.0,正好停樹林車站停車場,parking fee,交通,1,VERY_LOW,1
857,2025-10-02,1.0,40.0,40.0,冠樺生活,熟食,飲食,1,VERY_LOW,0
858,2025-10-02,1.0,35.0,35.0,正好停樹林車站停車場,parking fee,交通,1,VERY_LOW,1
859,2025-10-02,1.0,40.0,40.0,作燴餐飲科技,五桐號通化 - 一把青茶(l),飲食,1,VERY_LOW,0
860,2025-10-03,1.0,40.0,40.0,冠樺生活,熟食,飲食,1,VERY_LOW,0
861,2025-10-03,1.0,50.0,50.0,星翔飲料店,大1四季春珍波椰,飲食,1,LOW,0
862,2025-10-04,1.0,341.0,341.0,遠東百貨板橋新站,超市餐飲其他,飲食,1,MID,0
863,2025-10-04,1.0,99.0,99.0,台灣大創百貨板橋府中,咖哩盤30cm,購物,1,LOW,2
864,2025-10-04,1.0,5.0,5.0,台灣大創百貨板橋府中,不織布購物袋(5元),購物,1,VERY_LOW,2
865,2025-10-04,1.0,40.0,40.0,大仟飲料店,柔香青金萱(l),飲食,1,VERY_LOW,0
866,2025-10-04,1.0,54.0,54.0,貓啡因商行,服務費用,飲食,1,LOW,0
867,2025-10-04,1.0,90.0,90.0,貓啡因商行,紅茶,飲食,1,LOW,0
868,2025-10-04,1.0,130.0,130.0,貓啡因商行,奶茶,飲食,1,LOW,0
869,2025-10-04,1.0,160.0,160.0,貓啡因商行,草莓白乳酪,飲食,1,MID,0
870,2025-10-04,1.0,160.0,160.0,貓啡因商行,極致巧克力蛋糕,飲食,1,MID,0
871,2025-10-04,1.0,40.0,40.0,歐特儀市民廣場地下停車場,停車費,交通,1,VERY_LOW,1
872,2025-10-05,1.0,40.0,40.0,星翔飲料店,大阿薩姆紅茶,飲食,1,VERY_LOW,0
873,2025-10-05,1.0,50.0,50.0,星翔飲料店,大1四季春珍波椰,飲食,1,LOW,0
874,2025-10-05,1.0,40.0,40.0,星翔飲料店,大四季春青茶,飲食,1,VERY_LOW,0
875,2025-10-05,1.0,175.0,175.0,悠旅生活事業新北市第三十八,摩卡可可碎片大,飲食,1,MID,0
876,2025-10-05,1.0,125.0,125.0,悠旅生活事業新北市第三十八,冰特選美式大,飲食,1,LOW,0
877,2025-10-05,1.0,155.0,155.0,悠旅生活事業新北市第三十八,冰福吉茶那堤大,飲食,1,MID,0
878,2025-10-05,4.22,28.7,121.0,台亞石油板橋浮洲橋加油站,95plus無鉛,交通,1,LOW,1
879,2025-10-07,1.0,40.0,40.0,冠樺生活,熟食,飲食,1,VERY_LOW,0
880,2025-10-07,1.0,302.0,302.0,潤泰旭展,餐飲與食品(f&b),飲食,1,MID,0
881,2025-10-07,1.0,35.0,35.0,正好停樹林車站停車場,parking fee,交通,1,VERY_LOW,1
882,2025-10-08,1.0,40.0,40.0,陌生人商行,柔香青金萱(l),飲食,1,VERY_LOW,0
883,2025-10-08,1.0,59.0,59.0,酷澎,wow 會員訂閱服務月費,購物,1,LOW,2
884,2025-10-08,1.0,10.0,10.0,陌生人商行,白玉珍珠 / 無糖 / 微冰,飲食,1,VERY_LOW,0
885,2025-10-08,1.0,139.0,125.0,傑洛國際台大店,燒烤牛肉堡6吋,飲食,1,LOW,0
886,2025-10-08,1.0,32.0,32.0,全家便利商店台大二活門市部,星-二配板巧克力夾心土司,飲食,1,VERY_LOW,0
887,2025-10-08,1.0,35.0,35.0,正好停樹林車站停車場,parking fee,交通,1,VERY_LOW,1
888,2025-10-08,1.0,45.0,45.0,全家便利商店台大二活門市部,大冰美式,飲食,1,VERY_LOW,0
889,2025-10-09,1.0,48.0,48.0,和德昌樹林中山,四塊麥克雞塊,飲食,1,VERY_LOW,0
890,2025-10-09,1.0,72.0,72.0,和德昌樹林中山,雙層牛肉堡,飲食,1,LOW,0
891,2025-10-09,1.0,35.0,35.0,正好停樹林車站停車場,parking fee,交通,1,VERY_LOW,1
892,2025-10-10,1.0,50.0,50.0,恆木茶行,油切蕎麥茶,飲食,1,LOW,0
893,2025-10-10,1.0,95.0,95.0,頂尖運動行銷樹林營業所,桌球場,娛樂,1,LOW,3
894,2025-10-10,2.0,35.0,70.0,統一超商新北市第一四三五,(a)統一h2o純水pet2200,飲食,1,LOW,0
895,2025-10-10,2.0,2.0,4.0,統一超商新北市第一四三五,可重複使用提袋(1杯裝),飲食,1,VERY_LOW,0
896,2025-10-10,1.0,65.0,65.0,統一超商新北市第一四三五,特選美式冰咖啡(大),飲食,1,LOW,0
897,2025-10-10,1.0,20.0,20.0,樹林秀泰廣場,停車費用,交通,1,VERY_LOW,1
898,2025-10-11,1.0,160.0,160.0,貓啡因商行,極致巧克力蛋糕,飲食,1,MID,0
899,2025-10-11,1.0,160.0,160.0,貓啡因商行,草莓,飲食,1,MID,0
900,2025-10-11,1.0,130.0,130.0,貓啡因商行,奶茶,飲食,1,LOW,0
901,2025-10-11,1.0,50.0,50.0,星翔飲料店,大1四季春珍波椰,飲食,1,LOW,0
902,2025-10-11,1.0,10.0,10.0,歐特儀市民廣場地下停車場,停車費,交通,1,VERY_LOW,1
903,2025-10-11,1.0,90.0,90.0,貓啡因商行,紅茶,飲食,1,LOW,0
904,2025-10-12,1.0,182.0,182.0,東森得易購k區東森廣場營業所,餐飲,飲食,1,MID,0
905,2025-10-12,1.0,100.0,100.0,長佳機電工程大安運動中心暨和平籃球館營業所,桌球場,娛樂,1,LOW,3
906,2025-10-12,1.0,35.0,35.0,正好停樹林車站停車場,parking fee,交通,1,VERY_LOW,1
907,2025-10-13,1.0,45.0,45.0,全家便利商店台大二活門市部,大冰美式,飲食,1,VERY_LOW,0
908,2025-10-13,1.0,32.0,32.0,全家便利商店台大二活門市部,星-二配板巧克力夾心土司,飲食,1,VERY_LOW,0
909,2025-10-13,1.0,40.0,40.0,冠樺生活,熟食,飲食,1,VERY_LOW,0
910,2025-10-13,1.0,35.0,35.0,正好停樹林車站停車場,parking fee,交通,1,VERY_LOW,1
911,2025-10-14,1.0,125.0,125.0,百變全球餐飲,12fit - 特餐_七味蒜香雞胸(b),飲食,1,LOW,0
912,2025-10-14,1.0,45.0,45.0,作燴餐飲科技,老賴茶棧內湖 - 文清烏龍(l),飲食,1,VERY_LOW,0
913,2025-10-14,1.0,35.0,35.0,正好停樹林車站停車場,parking fee,交通,1,VERY_LOW,1
914,2025-10-14,1.0,100.0,100.0,長佳機電工程大安運動中心暨和平籃球館營業所,桌球場,娛樂,1,LOW,3
915,2025-10-14,1.0,30.0,30.0,九南商行,糖心蛋(兩片),飲食,1,VERY_LOW,0
916,2025-10-14,1.0,150.0,150.0,九南商行,韓式泡菜拉麵,飲食,1,MID,0
917,2025-10-14,1.0,170.0,170.0,九南商行,黑蒜豚骨拉麵,飲食,1,MID,0
918,2025-10-14,1.0,15.0,15.0,九南商行,配料,飲食,1,VERY_LOW,0
919,2025-10-14,1.0,35.0,35.0,九南商行,涼拌豆干絲,飲食,1,VERY_LOW,0
920,2025-10-14,1.0,40.0,40.0,冠樺生活,熟食,飲食,1,VERY_LOW,0
921,2025-10-15,1.0,35.0,35.0,正好停樹林車站停車場,parking fee,交通,1,VERY_LOW,1
922,2025-10-15,1.0,50.0,50.0,長佳機電工程大安運動中心暨和平籃球館營業所,健身房全票60分鐘,娛樂,1,LOW,3
923,2025-10-15,1.0,40.0,40.0,冠樺生活,熟食,飲食,1,VERY_LOW,0
924,2025-10-15,1.0,35.0,35.0,全家便利商店台大二活門市部,星一配雞肉飯飯糰,飲食,1,VERY_LOW,0
925,2025-10-15,1.0,45.0,45.0,全家便利商店台大二活門市部,大冰美式,飲食,1,VERY_LOW,0
926,2025-10-16,1.0,35.0,35.0,正好停樹林車站停車場,parking fee,交通,1,VERY_LOW,1
927,2025-10-16,1.0,400.0,400.0,冠樺生活,餐廳,飲食,1,MID,0
928,2025-10-16,1.0,40.0,40.0,冠樺生活,熟食,飲食,1,VERY_LOW,0
929,2025-10-17,1.0,40.0,40.0,冠樺生活,熟食,飲食,1,VERY_LOW,0
930,2025-10-17,1.0,50.0,50.0,星翔飲料店,大1四季春珍波椰,飲食,1,LOW,0
931,2025-10-17,1.0,29.0,29.0,國立臺灣大學生物資源暨農學院附設農業試驗場,三明治冰淇淋,飲食,1,VERY_LOW,0
932,2025-10-17,1.0,133.0,133.0,國立臺灣大學生物資源暨農學院附設農業試驗場,起士核桃堡140元,飲食,1,LOW,0
933,2025-10-18,1.0,90.0,90.0,貓啡因商行,紅茶,飲食,1,LOW,0
934,2025-10-18,1.0,130.0,130.0,貓啡因商行,奶茶,飲食,1,LOW,0
935,2025-10-18,2.0,160.0,320.0,貓啡因商行,極致巧克力蛋糕,飲食,1,MID,0
936,2025-10-18,1.0,50.0,50.0,源湧商行,金萱雙q,飲食,1,LOW,0
937,2025-10-18,1.0,40.0,40.0,源湧商行,高山金萱茶,飲食,1,VERY_LOW,0
938,2025-10-18,1.0,2.0,2.0,統一超商台北縣第八六七,可重複使用提袋(1杯裝),購物,1,VERY_LOW,2
939,2025-10-18,1.0,303.0,303.0,遠東百貨板橋新站,超市餐飲其他,飲食,1,MID,0
940,2025-10-18,1.0,40.0,40.0,歐特儀市民廣場地下停車場,停車費,交通,1,VERY_LOW,1
941,2025-10-18,1.0,40.0,40.0,源湧商行,錫蘭紅茶,飲食,1,VERY_LOW,0
942,2025-10-19,1.0,100.0,100.0,長佳機電工程大安運動中心暨和平籃球館營業所,桌球場,娛樂,1,LOW,3
943,2025-10-20,1.0,100.0,100.0,長佳機電工程大安運動中心暨和平籃球館營業所,桌球場,娛樂,1,LOW,3
944,2025-10-20,1.0,13.0,13.0,松深食品,pkl330立頓琥珀紅茶,飲食,1,VERY_LOW,0
945,2025-10-20,1.0,80.0,80.0,冠樺生活,熟食,飲食,1,LOW,0
946,2025-10-20,1.0,38.0,38.0,冠樺生活,美食街,飲食,1,VERY_LOW,0
947,2025-10-20,1.0,45.0,45.0,全家便利商店台大二活門市部,大冰美式,飲食,1,VERY_LOW,0
948,2025-10-20,1.0,32.0,32.0,全家便利商店台大二活門市部,星-二配板巧克力夾心土司,飲食,1,VERY_LOW,0
949,2025-10-20,1.0,48.0,48.0,和德昌台北公館,麥香雞,飲食,1,VERY_LOW,0
950,2025-10-20,1.0,48.0,48.0,和德昌台北公館,四塊麥克雞塊,飲食,1,VERY_LOW,0
951,2025-10-21,2.0,35.0,70.0,統一超商新北市第一四三五,(a)統一h2o純水pet2200,飲食,1,LOW,0
952,2025-10-21,1.0,50.0,50.0,源湧商行,金萱雙q,飲食,1,LOW,0
953,2025-10-22,1.0,32.0,32.0,全家便利商店台大二活門市部,星-二配板巧克力夾心土司,飲食,1,VERY_LOW,0
954,2025-10-22,1.0,45.0,45.0,全家便利商店台大二活門市部,大冰美式,飲食,1,VERY_LOW,0
955,2025-10-23,1.0,65.0,65.0,統一超商新北市第一四三五,特選美式冰咖啡(大),飲食,1,LOW,0
956,2025-10-23,2.0,25.0,50.0,統一超商新北市第一四三五,午后時光-重乳奶茶tp330,飲食,1,LOW,0
957,2025-10-23,1.0,35.0,35.0,正好停樹林車站停車場,parking fee,交通,1,VERY_LOW,1
958,2025-10-23,1.0,125.0,125.0,百變全球餐飲,12fit - 特餐_七味蒜香雞胸(b),飲食,1,LOW,0
959,2025-10-24,1.0,50.0,50.0,源湧商行,金萱雙q,飲食,1,LOW,0
960,2025-10-24,1.0,50.0,50.0,源湧商行,金萱雙q,飲食,1,LOW,0
961,2025-10-24,1.0,40.0,40.0,源湧商行,錫蘭紅茶,飲食,1,VERY_LOW,0
962,2025-10-25,1.0,160.0,160.0,貓啡因商行,極致巧克力蛋糕,飲食,1,MID,0
963,2025-10-25,1.0,100.0,100.0,長佳機電工程大安運動中心暨和平籃球館營業所,桌球場,娛樂,1,LOW,3
964,2025-10-25,1.0,90.0,90.0,貓啡因商行,紅茶,飲食,1,LOW,0
965,2025-10-25,1.0,130.0,130.0,貓啡因商行,奶茶,飲食,1,LOW,0
966,2025-10-25,1.0,160.0,160.0,貓啡因商行,草莓,飲食,1,MID,0
967,2025-10-26,2.0,35.0,70.0,統一超商新北市第一四三五,(a)統一h2o純水pet2200,飲食,1,LOW,0
968,2025-10-26,1.0,65.0,65.0,統一超商新北市第一四三五,特選美式冰咖啡(大),飲食,1,LOW,0
969,2025-10-27,1.0,35.0,35.0,正好停樹林車站停車場,parking fee,交通,1,VERY_LOW,1
970,2025-10-27,1.0,100.0,100.0,長佳機電工程大安運動中心暨和平籃球館營業所,桌球場,娛樂,1,LOW,3
971,2025-10-27,1.0,50.0,50.0,士禾茶坊,金萱雙q,飲食,1,LOW,0
972,2025-10-27,1.0,30.0,30.0,統一超商台北市第四七0,台灣香蕉重量分享包(2入),飲食,1,VERY_LOW,0
973,2025-10-27,1.0,85.0,85.0,冠樺生活,餐飲_熟食,飲食,1,LOW,0
974,2025-10-27,1.0,45.0,45.0,統一超商台北市第四七0,鮭魚鮭魚卵(圓),飲食,1,VERY_LOW,0
975,2025-10-27,1.0,32.0,32.0,全家便利商店台大二活門市部,星-二配板巧克力夾心土司,飲食,1,VERY_LOW,0
976,2025-10-27,1.0,39.0,39.0,統一超商台北市第四七0,石安牧場溏心蛋飯糰(圓),飲食,1,VERY_LOW,0
977,2025-10-27,1.0,35.0,35.0,全家便利商店台大二活門市部,中冰美式,飲食,1,VERY_LOW,0
978,2025-10-28,1.0,140.0,140.0,統一超商,冰/熱 美式咖啡(大),飲食,1,LOW,0
979,2025-10-28,1.0,50.0,50.0,星翔飲料店,大1四季春珍波椰,飲食,1,LOW,0
980,2025-10-29,1.0,45.0,45.0,全家便利商店台大二活門市部,大冰美式,飲食,1,VERY_LOW,0
981,2025-10-29,1.0,35.0,35.0,正好停樹林車站停車場,parking fee,交通,1,VERY_LOW,1
982,2025-10-29,2.0,133.0,266.0,國立臺灣大學生物資源暨農學院附設農業試驗場,起士核桃堡140元,飲食,1,MID,0
983,2025-10-29,1.0,3.0,3.0,國立臺灣大學生物資源暨農學院附設農業試驗場,3元塑膠袋,飲食,1,VERY_LOW,0
984,2025-10-29,1.0,130.0,130.0,揚秦國際企業北市台視,茄汁原塊嫩雞義大利麵,飲食,1,LOW,0
985,2025-10-29,1.0,55.0,55.0,揚秦國際企業北市台視,川味麻辣鐵板麵(含蛋),飲食,1,LOW,0
986,2025-10-29,1.0,30.0,30.0,揚秦國際企業北市台視,黑胡椒豬里肌,飲食,1,VERY_LOW,0
987,2025-10-29,1.0,40.0,40.0,揚秦國際企業北市台視,黃金脆薯,飲食,1,VERY_LOW,0
988,2025-10-29,1.0,35.0,35.0,揚秦國際企業北市台視,蘿蔔糕,飲食,1,VERY_LOW,0
989,2025-10-29,1.0,30.0,30.0,揚秦國際企業北市台視,奶茶(l)(冰),飲食,1,VERY_LOW,0
990,2025-10-29,1.0,25.0,25.0,揚秦國際企業北市台視,錫蘭紅茶(l)(冰),飲食,1,VERY_LOW,0
991,2025-10-29,1.0,40.0,40.0,冠樺生活,熟食,飲食,1,VERY_LOW,0
992,2025-10-29,1.0,35.0,35.0,全家便利商店台大二活門市部,星二配雞肉飯飯糰,飲食,1,VERY_LOW,0
993,2025-10-29,1.0,45.0,45.0,揚秦國際企業北市台視,巧達濃湯,飲食,1,VERY_LOW,0
994,2025-10-30,1.0,45.0,45.0,作燴餐飲科技,參杯 - 黃金蕎麥茶(l),飲食,1,VERY_LOW,0
995,2025-10-30,1.0,35.0,35.0,正好停樹林車站停車場,parking fee,交通,1,VERY_LOW,1
996,2025-10-30,1.0,195.0,195.0,悠旅生活事業松仁門市部,摩卡可可碎片v杯,飲食,1,MID,0
997,2025-10-30,1.0,278.0,278.0,潤泰旭展,餐飲與食品(f&b),飲食,1,MID,0
998,2025-10-30,1.0,195.0,195.0,悠旅生活事業松仁門市部,摩卡可可碎片v杯,飲食,1,MID,0
999,2025-10-30,1.0,100.0,100.0,長佳機電工程大安運動中心暨和平籃球館營業所,桌球場,娛樂,1,LOW,3
1000,2025-10-31,1.0,40.0,40.0,冠樺生活,熟食,飲食,1,VERY_LOW,0
1001,2025-10-31,1.0,50.0,50.0,星翔飲料店,大1四季春珍波椰,飲食,1,LOW,0
1002,2025-10-31,1.0,13.0,13.0,松深食品,pkl330立頓巧克力奶,飲食,1,VERY_LOW,0
1003,2025-11-01,1.0,160.0,160.0,貓啡因商行,炙燒乳酪蛋糕,飲食,1,MID,0
1004,2025-11-01,1.0,160.0,160.0,貓啡因商行,提拉米蘇,飲食,1,MID,0
1005,2025-11-01,1.0,90.0,90.0,貓啡因商行,紅茶,飲食,1,LOW,0
1006,2025-11-01,1.0,90.0,90.0,貓啡因商行,紅茶,飲食,1,LOW,0
1007,2025-11-01,1.0,50.0,50.0,源湧商行,金萱雙q,飲食,1,LOW,0
1008,2025-11-01,1.0,40.0,40.0,源湧商行,高山金萱茶,飲食,1,VERY_LOW,0
1009,2025-11-01,1.0,40.0,40.0,源湧商行,錫蘭紅茶,飲食,1,VERY_LOW,0
1010,2025-11-01,1.0,335.0,335.0,遠東百貨板橋新站,超市餐飲其他,飲食,1,MID,0
1011,2025-11-01,1.0,40.0,40.0,歐特儀市民廣場地下停車場,停車費,交通,1,VERY_LOW,1
1012,2025-11-02,1.0,8111.0,8111.0,富邦媒體科技,electrolux 伊萊克斯雙11限定 極適家居 600 21l 一級能效wifi除濕機(ed2171wa 27坪適用),購物,1,VERY_HIGH,2
1013,2025-11-03,1.0,35.0,35.0,正好停樹林車站停車場,parking fee,交通,1,VERY_LOW,1
1014,2025-11-03,1.0,25.0,25.0,統一超商新北市第一四三五,手工高麗菜捲,飲食,1,VERY_LOW,0
1015,2025-11-03,2.0,25.0,50.0,統一超商新北市第一四三五,午后時光-重乳奶茶tp330,飲食,1,LOW,0
1016,2025-11-03,1.0,32.0,32.0,全家便利商店台大二活門市部,星-二配板巧克力夾心土司,飲食,1,VERY_LOW,0
1017,2025-11-03,1.0,72.0,72.0,和德昌樹林中山,雙層牛肉堡,飲食,1,LOW,0
1018,2025-11-03,1.0,48.0,48.0,和德昌樹林中山,四塊麥克雞塊,飲食,1,VERY_LOW,0
1019,2025-11-03,1.0,66.0,66.0,和德昌樹林中山,薯條-大,飲食,1,LOW,0
1020,2025-11-03,1.0,45.0,45.0,全家便利商店台大二活門市部,大冰美式,飲食,1,VERY_LOW,0
1021,2025-11-04,2.0,35.0,70.0,統一超商新北市第九六八,(a)統一h2o純水pet2200,飲食,1,LOW,0
1022,2025-11-04,1.0,50.0,50.0,源湧商行,金萱雙q,飲食,1,LOW,0
1023,2025-11-05,1.0,35.0,35.0,恆木茶行,油切蕎麥茶,飲食,1,VERY_LOW,0
1024,2025-11-05,1.0,35.0,35.0,正好停樹林車站停車場,parking fee,交通,1,VERY_LOW,1
1025,2025-11-05,1.0,45.0,45.0,全家便利商店台大二活門市部,大冰美式,飲食,1,VERY_LOW,0
1026,2025-11-05,1.0,32.0,32.0,全家便利商店台大二活門市部,星-二配板巧克力夾心土司,飲食,1,VERY_LOW,0
1027,2025-11-06,1.0,100.0,100.0,長佳機電工程大安運動中心暨和平籃球館營業所,桌球場,娛樂,1,LOW,3
1028,2025-11-06,1.0,35.0,35.0,正好停樹林車站停車場,parking fee,交通,1,VERY_LOW,1
1029,2025-11-06,1.0,45.0,45.0,作燴餐飲科技,迷客夏虎林 - 原片初露青茶(l),飲食,1,VERY_LOW,0
1030,2025-11-07,1.0,40.0,40.0,冠樺生活,熟食,飲食,1,VERY_LOW,0
1031,2025-11-07,1.0,13.0,13.0,松深食品,pkl330立頓巧克力奶,飲食,1,VERY_LOW,0
1032,2025-11-07,1.0,29.0,29.0,國立臺灣大學生物資源暨農學院附設農業試驗場,三明治冰淇淋,飲食,1,VERY_LOW,0
1033,2025-11-07,1.0,149.0,134.0,傑洛國際台大店,厚切嫩牛堡6吋,飲食,1,LOW,0
1034,2025-11-08,1.0,90.0,90.0,貓啡因商行,紅茶,飲食,1,LOW,0
1035,2025-11-08,1.0,160.0,160.0,貓啡因商行,草莓,飲食,1,MID,0
1036,2025-11-08,1.0,120.0,120.0,貓啡因商行,多多綠茶,飲食,1,LOW,0
1037,2025-11-08,1.0,40.0,40.0,大仟飲料店,柔香青金萱(l),飲食,1,VERY_LOW,0
1038,2025-11-08,1.0,40.0,40.0,歐特儀市民廣場地下停車場,停車費,交通,1,VERY_LOW,1
1039,2025-11-08,1.0,160.0,160.0,貓啡因商行,泡芙,飲食,1,MID,0
1040,2025-11-09,1.0,48.0,48.0,和德昌樹林中山,四塊麥克雞塊,飲食,1,VERY_LOW,0
1041,2025-11-09,1.0,134.0,134.0,和德昌樹林中山,(牛)炸蝦堡,飲食,1,LOW,0
1042,2025-11-09,1.0,45.0,45.0,全家便利商店新北市第八九八,大冰美式,飲食,1,VERY_LOW,0
1043,2025-11-09,1.0,58.0,58.0,富邦媒體科技,麥當勞豬肉滿福堡加蛋送冰經典美式咖啡中杯(好禮即享券),飲食,1,LOW,0
1044,2025-11-09,1.0,50.0,50.0,星翔飲料店,大1四季春珍波椰,飲食,1,LOW,0
1045,2025-11-09,1.0,100.0,100.0,臺北大眾捷運內湖線南港展覽館站,桌球場,娛樂,1,LOW,3
1046,2025-11-10,1.0,710.0,710.0,冠樺生活,餐廳,飲食,1,HIGH,0
1047,2025-11-10,1.0,45.0,45.0,全家便利商店台大二活門市部,大冰美式,飲食,1,VERY_LOW,0
1048,2025-11-10,1.0,32.0,32.0,全家便利商店台大二活門市部,星-二配板巧克力夾心土司,飲食,1,VERY_LOW,0
1049,2025-11-11,1.0,1471.0,1471.0,富邦媒體科技,saimesaime 東京企劃 3way抓皺氣球腋下包,購物,1,HIGH,2
1050,2025-11-11,1.0,1471.0,1471.0,富邦媒體科技,saimesaime 東京企劃 3way抓皺氣球腋下包,購物,1,HIGH,2
1051,2025-11-11,1.0,340.0,340.0,冠樺生活,熟食,飲食,1,MID,0
1052,2025-11-11,1.0,40.0,40.0,冠樺生活,熟食,飲食,1,VERY_LOW,0
1053,2025-11-11,1.0,120.0,120.0,百變全球餐飲,日香雞肉飯 - 私房辣椒雞腿飯(b),飲食,1,LOW,0
1054,2025-11-12,1.0,35.0,35.0,全家便利商店台大二活門市部,一配菠蘿麵包,飲食,1,VERY_LOW,0
1055,2025-11-12,1.0,50.0,50.0,源湧商行,金萱雙q,飲食,1,LOW,0
1056,2025-11-12,1.0,35.0,35.0,正好停樹林車站停車場,parking fee,交通,1,VERY_LOW,1
1057,2025-11-12,1.0,45.0,45.0,全家便利商店台大二活門市部,大冰美式,飲食,1,VERY_LOW,0
1058,2025-11-13,1.0,100.0,100.0,臺北大眾捷運內湖線南港展覽館站,桌球場,娛樂,1,LOW,3
1059,2025-11-13,1.0,125.0,125.0,百變全球餐飲,陽光bbq健康餐 - 匈牙利香蒜雞胸(c),飲食,1,LOW,0
1060,2025-11-14,1.0,25.0,25.0,全家便利商店台大二活門市部,飲冰室茶集紅奶茶,飲食,1,VERY_LOW,0
1061,2025-11-14,1.0,40.0,40.0,冠樺生活,熟食,飲食,1,VERY_LOW,0
1062,2025-11-14,1.0,15.0,15.0,九南商行,配料,飲食,1,VERY_LOW,0
1063,2025-11-14,1.0,170.0,170.0,九南商行,黑蒜豚骨拉麵,飲食,1,MID,0
1064,2025-11-14,1.0,150.0,150.0,九南商行,韓式泡菜拉麵,飲食,1,MID,0
1065,2025-11-14,1.0,65.0,65.0,江江好商行,金萱奶綠大,飲食,1,LOW,0
1066,2025-11-14,1.0,1.0,1.0,全家便利商店台大二活門市部,銷售用叉子,飲食,1,VERY_LOW,0
1067,2025-11-15,1.0,65.0,65.0,海底撈火鍋,鐵觀音奶茶,飲食,1,LOW,0
1068,2025-11-15,1.0,50.0,50.0,海底撈火鍋,高冷青茶,飲食,1,LOW,0
1069,2025-11-15,1.0,99.0,99.0,海底撈火鍋,水蓮菜(半),飲食,1,LOW,0
1070,2025-11-15,1.0,168.0,168.0,海底撈火鍋,紅糖滋粑,飲食,1,MID,0
1071,2025-11-15,1.0,65.0,65.0,海底撈火鍋,清香奶茶,飲食,1,LOW,0
1072,2025-11-15,1.0,84.0,84.0,海底撈火鍋,龍蝦沙拉風味丸(半),飲食,1,LOW,0
1073,2025-11-15,1.0,50.0,50.0,海底撈火鍋,高冷青茶,飲食,1,LOW,0
1074,2025-11-15,1.0,35.0,35.0,正好停樹林車站停車場,parking fee,交通,1,VERY_LOW,1
1075,2025-11-15,1.0,120.0,120.0,貓啡因商行,多多綠茶,飲食,1,LOW,0
1076,2025-11-15,1.0,90.0,90.0,貓啡因商行,紅茶,飲食,1,LOW,0
1077,2025-11-15,1.0,130.0,130.0,貓啡因商行,酥脆雞塊,飲食,1,LOW,0
1078,2025-11-15,1.0,160.0,160.0,貓啡因商行,草莓,飲食,1,MID,0
1079,2025-11-15,1.0,220.0,220.0,海底撈火鍋,菌類拼盤,飲食,1,MID,0
1080,2025-11-15,1.0,159.0,159.0,海底撈火鍋,三鮮火鍋(海鮮風味),飲食,1,MID,0
1081,2025-11-15,1.0,59.0,59.0,統一超商新北市第一四八九,unidesign醫用級口罩5入(輕薄白),醫療健康,1,LOW,5
1082,2025-11-15,1.0,50.0,50.0,海底撈火鍋,日本越光米,飲食,1,LOW,0
1083,2025-11-15,1.0,40.0,40.0,星翔飲料店,大四季春青茶,飲食,1,VERY_LOW,0
1084,2025-11-15,1.0,40.0,40.0,星翔飲料店,大阿薩姆紅茶,飲食,1,VERY_LOW,0
1085,2025-11-15,1.0,50.0,50.0,星翔飲料店,大1四季春珍波椰,飲食,1,LOW,0
1086,2025-11-15,1.0,428.0,428.0,海底撈火鍋,撈派滑牛肉,飲食,1,MID,0
1087,2025-11-15,1.0,290.0,290.0,海底撈火鍋,薄切牛舌(半),飲食,1,MID,0
1088,2025-11-15,1.0,80.0,80.0,海底撈火鍋,高麗菜,飲食,1,LOW,0
1089,2025-11-15,1.0,184.0,184.0,海底撈火鍋,鮮切文昌雞肉(半),飲食,1,MID,0
1090,2025-11-15,1.0,229.0,229.0,海底撈火鍋,經典麻辣火鍋(牛油),飲食,1,MID,0
1091,2025-11-15,1.0,498.0,498.0,海底撈火鍋,招牌蝦滑,飲食,1,MID,0
1092,2025-11-16,1.0,100.0,100.0,臺北大眾捷運內湖線南港展覽館站,桌球場,娛樂,1,LOW,3
1093,2025-11-17,1.0,10.0,10.0,陌生人商行,白玉珍珠 / 無糖 / 微冰,飲食,1,VERY_LOW,0
1094,2025-11-17,1.0,35.0,35.0,陌生人商行,芽香綠金萱(l),飲食,1,VERY_LOW,0
1095,2025-11-17,1.0,35.0,35.0,正好停樹林車站停車場,parking fee,交通,1,VERY_LOW,1
1096,2025-11-17,1.0,45.0,45.0,全家便利商店台大二活門市部,大冰美式,飲食,1,VERY_LOW,0
1097,2025-11-17,1.0,80.0,80.0,冠樺生活,熟食,飲食,1,LOW,0
1098,2025-11-17,1.0,680.0,680.0,冠樺生活,餐廳,飲食,1,HIGH,0
1099,2025-11-17,1.0,32.0,32.0,全家便利商店台大二活門市部,星-二配板巧克力夾心土司,飲食,1,VERY_LOW,0
1100,2025-11-17,1.0,1.0,1.0,冠樺生活,熟食,飲食,1,VERY_LOW,0
1101,2025-11-18,1.0,99.0,99.0,統一超商新北市第一四三五,增雞蛋白餐,飲食,1,LOW,0
1102,2025-11-18,2.0,25.0,50.0,統一超商新北市第一四三五,午后時光-重乳奶茶tp330,飲食,1,LOW,0
1103,2025-11-18,2.0,35.0,70.0,統一超商新北市第一四三五,(a)統一h2o純水pet2200,飲食,1,LOW,0
1104,2025-11-19,1.0,30.0,30.0,全家便利商店台大二活門市部,二配經典肉鬆飯糰,飲食,1,VERY_LOW,0
1105,2025-11-19,1.0,13.0,13.0,松深食品,pkl330立頓巧克力奶,飲食,1,VERY_LOW,0
1106,2025-11-19,1.0,35.0,35.0,正好停樹林車站停車場,parking fee,交通,1,VERY_LOW,1
1107,2025-11-19,1.0,45.0,45.0,全家便利商店台大二活門市部,大冰美式,飲食,1,VERY_LOW,0
1108,2025-11-20,1.0,35.0,35.0,正好停樹林車站停車場,parking fee,交通,1,VERY_LOW,1
1109,2025-11-20,1.0,300.0,300.0,橘焱胡同國際一幻台北信義店,原味鹽味拉麵-細麵,飲食,1,MID,0
1110,2025-11-20,1.0,60.0,60.0,統一聖娜多堡市站門市部,16oz(冰)特選美式咖啡,飲食,1,LOW,0
1111,2025-11-20,1.0,42.0,42.0,統一聖娜多堡市站門市部,金塊香蒜-小單位,飲食,1,VERY_LOW,0
1112,2025-11-20,1.0,270.0,270.0,橘焱胡同國際一幻台北信義店,適量豚骨鹽味拉麵-細麵,飲食,1,MID,0
1113,2025-11-20,1.0,270.0,270.0,橘焱胡同國際一幻台北信義店,適量豚骨鹽味拉麵-細麵,飲食,1,MID,0
1114,2025-11-20,1.0,270.0,270.0,橘焱胡同國際一幻台北信義店,濃厚豚骨鹽味拉麵-細麵,飲食,1,MID,0
1115,2025-11-20,1.0,40.0,40.0,冠樺生活,熟食,飲食,1,VERY_LOW,0
1116,2025-11-20,1.0,750.0,750.0,潤泰旭展,餐飲與食品(f&b),飲食,1,HIGH,0
1117,2025-11-20,1.0,30.0,30.0,橘焱胡同國際一幻台北信義店,白飯,飲食,1,VERY_LOW,0
1118,2025-11-20,1.0,100.0,100.0,橘焱胡同國際一幻台北信義店,原味煎餃五個,飲食,1,LOW,0
1119,2025-11-20,1.0,124.0,124.0,橘焱胡同國際一幻台北信義店,服務費,飲食,1,LOW,0
1120,2025-11-21,1.0,30.0,30.0,歐特儀市民廣場地下停車場,停車費,交通,1,VERY_LOW,1
1121,2025-11-21,1.0,65.0,65.0,統一超商新北市第一四三五,特選美式冰咖啡(大),飲食,1,LOW,0
1122,2025-11-21,1.0,35.0,35.0,統一超商新北市第一四三五,左岸咖啡館奶茶240ml(杯),飲食,1,VERY_LOW,0
1123,2025-11-21,2.0,35.0,70.0,統一超商新北市第一四三五,(a)統一h2o純水pet2200,飲食,1,LOW,0
1124,2025-11-21,1.0,120.0,120.0,長佳機電工程板橋國民運動中心營業所,撞球場,娛樂,1,LOW,3
1125,2025-11-21,1.0,120.0,120.0,長佳機電工程板橋國民運動中心營業所,撞球場,娛樂,1,LOW,3
1126,2025-11-22,1.0,160.0,160.0,貓啡因商行,草莓,飲食,1,MID,0
1127,2025-11-22,1.0,160.0,160.0,貓啡因商行,炙燒乳酪蛋糕,飲食,1,MID,0
1128,2025-11-22,1.0,90.0,90.0,貓啡因商行,紅茶,飲食,1,LOW,0
1129,2025-11-22,1.0,130.0,130.0,貓啡因商行,酥脆雞塊,飲食,1,LOW,0
1130,2025-11-22,1.0,120.0,120.0,貓啡因商行,多多綠茶,飲食,1,LOW,0
1131,2025-11-22,1.0,10.0,10.0,歐特儀市民廣場地下停車場,停車費,交通,1,VERY_LOW,1
1132,2025-11-22,1.0,190.0,190.0,貓啡因商行,熱帶叢林,飲食,1,MID,0
1133,2025-11-23,1.0,160.0,160.0,欣食旅 南港營業所,餐飲費,飲食,1,MID,0
1134,2025-11-23,1.0,260.0,260.0,欣食旅 南港營業所,餐飲費,飲食,1,MID,0
1135,2025-11-23,1.0,130.0,130.0,欣食旅 南港營業所,餐飲費,飲食,1,LOW,0
1136,2025-11-23,1.0,35.0,35.0,正好停樹林車站停車場,parking fee,交通,1,VERY_LOW,1
1137,2025-11-23,1.0,150.0,150.0,九南商行,韓式泡菜拉麵,飲食,1,MID,0
1138,2025-11-23,1.0,35.0,35.0,九南商行,涼拌豆干絲,飲食,1,VERY_LOW,0
1139,2025-11-23,1.0,50.0,50.0,源湧商行,金萱雙q,飲食,1,LOW,0
1140,2025-11-23,1.0,38.0,38.0,冠樺生活,日式碳烤風味熱狗,飲食,1,VERY_LOW,0
1141,2025-11-23,1.0,15.0,15.0,九南商行,配料,飲食,1,VERY_LOW,0
1142,2025-11-23,1.0,150.0,150.0,九南商行,釜山紅湯拉麵,飲食,1,MID,0
1143,2025-11-23,1.0,100.0,100.0,臺北大眾捷運內湖線南港展覽館站,桌球場,交通,1,LOW,1
1144,2025-11-24,1.0,45.0,45.0,全家便利商店台大二活門市部,大冰美式,飲食,1,VERY_LOW,0
1145,2025-11-24,1.0,32.0,32.0,全家便利商店台大二活門市部,星-二配板巧克力夾心土司,飲食,1,VERY_LOW,0
1146,2025-11-24,1.0,40.0,40.0,冠樺生活,熟食,飲食,1,VERY_LOW,0
1147,2025-11-24,1.0,293.0,293.0,潤泰旭展,餐飲與食品(f&b),飲食,1,MID,0
1148,2025-11-24,1.0,35.0,35.0,正好停樹林車站停車場,parking fee,交通,1,VERY_LOW,1
1149,2025-11-24,1.0,54.0,54.0,沐然商行,飲料,飲食,1,LOW,0
1150,2025-11-24,1.0,29.0,29.0,國立臺灣大學生物資源暨農學院附設農業試驗場,三明治冰淇淋,飲食,1,VERY_LOW,0
1151,2025-11-25,1.0,35.0,35.0,正好停樹林車站停車場,parking fee,交通,1,VERY_LOW,1
1152,2025-11-25,1.0,39.0,39.0,統一聖娜多堡市站門市部,極選厚菠蘿,飲食,1,VERY_LOW,0
1153,2025-11-25,1.0,60.0,60.0,統一聖娜多堡市站門市部,16oz(冰)特選美式咖啡,飲食,1,LOW,0
1154,2025-11-26,2.0,133.0,266.0,國立臺灣大學生物資源暨農學院附設農業試驗場,起士核桃堡140元,飲食,1,MID,0
1155,2025-11-26,1.0,35.0,35.0,正好停樹林車站停車場,parking fee,交通,1,VERY_LOW,1
1156,2025-11-26,1.0,3.0,3.0,國立臺灣大學生物資源暨農學院附設農業試驗場,3元塑膠袋,購物,1,VERY_LOW,2
1157,2025-11-26,1.0,40.0,40.0,冠樺生活,熟食,飲食,1,VERY_LOW,0
1158,2025-11-26,1.0,240.0,240.0,冠樺生活,輕食咖啡廳,飲食,1,MID,0
1159,2025-11-26,1.0,30.0,30.0,全家便利商店台大二活門市部,一配經典肉鬆飯糰,飲食,1,VERY_LOW,0
1160,2025-11-26,1.0,50.0,50.0,星翔飲料店,大1四季春珍波椰,飲食,1,LOW,0
1161,2025-11-26,1.0,45.0,45.0,全家便利商店台大二活門市部,大冰美式,飲食,1,VERY_LOW,0
1162,2025-11-27,1.0,125.0,125.0,百變全球餐飲,12fit - 特餐_七味蒜香雞胸(b),飲食,1,LOW,0
1163,2025-11-27,1.0,60.0,60.0,統一聖娜多堡市站門市部,16oz(冰)特選美式咖啡,飲食,1,LOW,0
1164,2025-11-27,1.0,42.0,42.0,統一聖娜多堡市站門市部,金塊香蒜-小單位,飲食,1,VERY_LOW,0
1165,2025-11-27,1.0,100.0,100.0,臺北大眾捷運內湖線南港展覽館站,桌球場,交通,1,LOW,1
1166,2025-11-27,2.0,25.0,50.0,統一超商新北市第一四三五,午后時光-重乳奶茶tp330,飲食,1,LOW,0
1167,2025-11-27,1.0,40.0,40.0,冠樺生活,熟食,飲食,1,VERY_LOW,0
1168,2025-11-27,1.0,440.0,440.0,冠樺生活,熟食,飲食,1,MID,0
1169,2025-11-27,1.0,35.0,35.0,正好停樹林車站停車場,parking fee,交通,1,VERY_LOW,1
1170,2025-11-28,1.0,50.0,50.0,星翔飲料店,大1四季春珍波椰,飲食,1,LOW,0
1171,2025-11-28,1.0,10.0,10.0,陌生人商行,無糖 / 微冰 / 白玉珍珠,飲食,1,VERY_LOW,0
1172,2025-11-28,1.0,40.0,40.0,陌生人商行,柔香青金萱(l),飲食,1,VERY_LOW,0
1173,2025-11-29,1.0,90.0,90.0,貓啡因商行,紅茶,飲食,1,LOW,0
1174,2025-11-29,1.0,160.0,160.0,貓啡因商行,極致巧克力蛋糕,飲食,1,MID,0
1175,2025-11-29,1.0,160.0,160.0,貓啡因商行,草莓白乳酪,飲食,1,MID,0
1176,2025-11-29,1.0,170.0,170.0,貓啡因商行,風味奶茶,飲食,1,MID,0
1177,2025-11-29,1.0,20.0,20.0,統一超商新北市第三十三門市,(a)統一uni water純水pet550,飲食,1,VERY_LOW,0
1178,2025-11-29,1.0,40.0,40.0,歐特儀市民廣場地下停車場,停車費,交通,1,VERY_LOW,1
1179,2025-11-29,4.81,28.6,138.0,全國加油站全國板橋四川路加油站,95+無鉛,交通,1,LOW,1
1180,2025-11-29,1.0,45.0,45.0,全家便利商店板橋板農,每日c100%莓果綜合果汁,飲食,1,VERY_LOW,0
1181,2025-11-29,1.0,60.0,60.0,全家便利商店板橋板農,天地合補玫瑰四物飲含鐵,飲食,1,LOW,0
1182,2025-11-29,1.0,45.0,45.0,全家便利商店板橋板農,大冰美式,飲食,1,VERY_LOW,0
1183,2025-11-29,1.0,58.0,58.0,貓啡因商行,服務費用,飲食,1,LOW,0
1184,2025-11-30,1.0,115.0,115.0,悠旅生活事業新北市第三十八,冰美式咖啡大,飲食,1,LOW,0
1185,2025-12-01,1.0,28.0,28.0,遠百企業板橋南雅,313153精緻丹麥系列/個(a),飲食,1,VERY_LOW,0
1186,2025-12-01,1.0,70.0,70.0,路易莎職人咖啡新北圖館,a 美式黑咖啡-大冰,飲食,1,LOW,0
1187,2025-12-01,1.0,50.0,50.0,源湧商行,金萱雙q,飲食,1,LOW,0
1188,2025-12-02,1.0,120.0,120.0,百變全球餐飲,日香雞肉飯 - 私房辣椒雞腿飯(b),飲食,1,LOW,0
1189,2025-12-02,1.0,60.0,60.0,統一聖娜多堡市站門市部,16oz(冰)特選美式咖啡,飲食,1,LOW,0
1190,2025-12-02,1.0,42.0,42.0,統一聖娜多堡市站門市部,金塊香蒜-小單位,飲食,1,VERY_LOW,0
1191,2025-12-02,1.0,35.0,35.0,正好停樹林車站停車場,parking fee,交通,1,VERY_LOW,1
1192,2025-12-02,1.0,100.0,100.0,臺北大眾捷運內湖線南港展覽館站,桌球場,娛樂,1,LOW,3
1193,2025-12-02,1.0,340.0,340.0,冠樺生活,熟食,飲食,1,MID,0
1194,2025-12-03,1.0,80.0,80.0,安心食品服務南港展館,超級大麥杏鮑菇珍珠堡,飲食,1,LOW,0
1195,2025-12-03,1.0,85.0,85.0,安心食品服務南港展館,超級大麥海洋珍珠堡,飲食,1,LOW,0
1196,2025-12-03,1.0,60.0,60.0,安心食品服務南港展館,d摩斯雞塊套加60,飲食,1,LOW,0
1197,2025-12-03,1.0,30.0,30.0,全家便利商店台大二活門市部,一配經典肉鬆飯糰,飲食,1,VERY_LOW,0
1198,2025-12-03,2.0,40.0,80.0,安心食品服務南港展館,冰紅茶-大(新),飲食,1,LOW,0
1199,2025-12-03,1.0,240.0,240.0,冠樺生活,輕食咖啡廳,飲食,1,MID,0
1200,2025-12-03,1.0,70.0,70.0,安心食品服務南港展館,辣味和風雞腿塊,飲食,1,LOW,0
1201,2025-12-03,1.0,45.0,45.0,全家便利商店台大二活門市部,大冰美式,飲食,1,VERY_LOW,0
1202,2025-12-04,1.0,550.0,550.0,冠樺生活,餐廳,飲食,1,HIGH,0
1203,2025-12-04,1.0,40.0,40.0,冠樺生活,熟食,飲食,1,VERY_LOW,0
1204,2025-12-04,2.0,35.0,70.0,統一超商新北市第一四三五,(a)統一h2o純水pet2200,飲食,1,LOW,0
1205,2025-12-04,1.0,50.0,50.0,星翔飲料店,大1四季春珍波椰,飲食,1,LOW,0
1206,2025-12-04,1.0,100.0,100.0,臺北大眾捷運內湖線南港展覽館站,桌球場,娛樂,1,LOW,3
1207,2025-12-04,1.0,35.0,35.0,正好停樹林車站停車場,parking fee,交通,1,VERY_LOW,1
1208,2025-12-05,1.0,128.0,115.0,傑洛國際台大店,照燒雞肉堡6吋,飲食,1,LOW,0
1209,2025-12-05,1.0,2057.0,2057.0,潤泰旭展,餐飲與食品(f&b),飲食,1,VERY_HIGH,0
1210,2025-12-05,1.0,55.0,55.0,全家便利商店新北市第六五五門市部,星二配雙饗雙手卷,飲食,1,LOW,0
1211,2025-12-05,1.0,45.0,45.0,全家便利商店台大二活門市部,大冰美式,飲食,1,VERY_LOW,0
1212,2025-12-06,1.0,35.0,35.0,大仟飲料店,芽香綠金萱(l),飲食,1,VERY_LOW,0
1213,2025-12-06,1.0,160.0,160.0,貓啡因商行,炙燒乳酪蛋糕,飲食,1,MID,0
1214,2025-12-06,1.0,95.0,95.0,貓啡因商行,香蒜起士麵包,飲食,1,LOW,0
1215,2025-12-06,1.0,120.0,120.0,貓啡因商行,多多綠茶,飲食,1,LOW,0
1216,2025-12-06,1.0,90.0,90.0,貓啡因商行,紅茶,飲食,1,LOW,0
1217,2025-12-06,1.0,170.0,170.0,好吃客,咖哩玉米海帶芽拉麵 (小),飲食,1,MID,0
1218,2025-12-06,1.0,50.0,50.0,源湧商行,金萱雙q,飲食,1,LOW,0
1219,2025-12-06,1.0,210.0,210.0,好吃客,博多叉燒拉麵 (大),飲食,1,MID,0
1220,2025-12-06,1.0,60.0,60.0,好吃客,鮮蝦可樂餅,飲食,1,LOW,0
1221,2025-12-06,1.0,25.0,25.0,好吃客,黃金蛋,飲食,1,VERY_LOW,0
1222,2025-12-06,1.0,40.0,40.0,歐特儀市民廣場地下停車場,停車費,交通,1,VERY_LOW,1
1223,2025-12-06,1.0,65.0,65.0,大仟飲料店,焙金萱鮮奶茶(l),飲食,1,LOW,0
1224,2025-12-07,1.0,100.0,100.0,臺北大眾捷運內湖線南港展覽館站,桌球場,娛樂,1,LOW,3
1225,2025-12-08,1.0,35.0,35.0,陌生人商行,芽香綠金萱(l),飲食,1,VERY_LOW,0
1226,2025-12-08,1.0,10.0,10.0,陌生人商行,白玉珍珠 / 無糖 / 微冰,飲食,1,VERY_LOW,0
1227,2025-12-08,1.0,60.0,60.0,安心食品服務南港展館,d摩斯雞塊套加60,飲食,1,LOW,0
1228,2025-12-08,1.0,80.0,80.0,安心食品服務南港展館,超級大麥杏鮑菇珍珠堡,飲食,1,LOW,0
1229,2025-12-08,1.0,40.0,40.0,安心食品服務南港展館,冰紅茶-大(新),飲食,1,VERY_LOW,0
1230,2025-12-08,1.0,79.0,79.0,瀚傑南港展覽店,綜合髮束髮夾組4款入,購物,1,LOW,2
1231,2025-12-08,1.0,60.0,60.0,安心食品服務南港展館,d摩斯雞塊套加60,飲食,1,LOW,0
1232,2025-12-08,1.0,40.0,40.0,安心食品服務南港展館,冰紅茶-大(新),飲食,1,VERY_LOW,0
1233,2025-12-08,1.0,40.0,40.0,冠樺生活,熟食,飲食,1,VERY_LOW,0
1234,2025-12-08,1.0,190.0,190.0,冠樺生活,輕食咖啡廳,飲食,1,MID,0
1235,2025-12-08,1.0,30.0,30.0,全家便利商店台大二活門市部,二配經典肉鬆飯糰,飲食,1,VERY_LOW,0
1236,2025-12-08,1.0,45.0,45.0,全家便利商店台大二活門市部,大冰美式,飲食,1,VERY_LOW,0
1237,2025-12-08,1.0,85.0,85.0,安心食品服務南港展館,超級大麥海洋珍珠堡,飲食,1,LOW,0
1238,2025-12-09,10.0,3.0,30.0,統一超商新北市第一四三五,a4黑白列印ibon,教育,1,VERY_LOW,4
1239,2025-12-09,3.0,3.0,9.0,統一超商新北市第一四三五,a4黑白列印ibon,教育,1,VERY_LOW,4
1240,2025-12-09,8.0,3.0,24.0,統一超商新北市第一四三五,a4黑白列印ibon,教育,1,VERY_LOW,4
1241,2025-12-09,2.0,25.0,50.0,統一超商新北市第一四三五,午后時光-重乳奶茶tp330,飲食,1,LOW,0
1242,2025-12-09,2.0,35.0,70.0,統一超商新北市第一四三五,(a)統一h2o純水pet2200,飲食,1,LOW,0
1243,2025-12-10,1.0,45.0,45.0,全家便利商店台大二活門市部,大冰美式,飲食,1,VERY_LOW,0
1244,2025-12-10,1.0,30.0,30.0,全家便利商店台大二活門市部,一配經典肉鬆飯糰,飲食,1,VERY_LOW,0
1245,2025-12-10,1.0,91.0,91.0,美德耐台大卓越商場,路易莎咖啡餐點類,飲食,1,LOW,0
1246,2025-12-10,1.0,560.0,560.0,冠樺生活,餐廳,飲食,1,HIGH,0
1247,2025-12-10,1.0,40.0,40.0,冠樺生活,熟食,飲食,1,VERY_LOW,0
1248,2025-12-10,1.0,45.0,45.0,詠觀國際,烤雞(熟),飲食,1,VERY_LOW,0
1249,2025-12-10,1.0,110.0,110.0,詠觀國際,清爽沙拉飯,飲食,1,LOW,0
1250,2025-12-10,1.0,35.0,35.0,正好停樹林車站停車場,parking fee,交通,1,VERY_LOW,1
1251,2025-12-11,1.0,100.0,100.0,一娘子小吃店,皮蛋乾麵,飲食,1,LOW,0
1252,2025-12-11,1.0,40.0,40.0,冠樺生活,熟食,飲食,1,VERY_LOW,0
1253,2025-12-11,1.0,340.0,340.0,冠樺生活,熟食,飲食,1,MID,0
1254,2025-12-11,1.0,40.0,40.0,一娘子小吃店,豆干滷蛋海帶,飲食,1,VERY_LOW,0
1255,2025-12-12,1.0,144.0,144.0,遠百企業板橋南雅,864898丸龜製麵,飲食,1,LOW,0
1256,2025-12-12,1.0,60.0,60.0,會錳飲料店,飲料,飲食,1,LOW,0
1257,2025-12-13,1.0,70.0,71.0,路易莎職人咖啡新北圖館,超值早餐派對,飲食,1,LOW,0
1258,2025-12-13,1.0,160.0,160.0,貓啡因商行,提拉米蘇,飲食,1,MID,0
1259,2025-12-13,1.0,130.0,130.0,貓啡因商行,奶茶,飲食,1,LOW,0
1260,2025-12-13,1.0,160.0,160.0,貓啡因商行,原味波士頓,飲食,1,MID,0
1261,2025-12-13,1.0,90.0,90.0,貓啡因商行,紅茶,飲食,1,LOW,0
1262,2025-12-14,1.0,70.0,70.0,路易莎職人咖啡新北圖館,a 美式黑咖啡-大冰,飲食,1,LOW,0
1263,2025-12-14,1.0,65.0,65.0,路易莎職人咖啡新北圖館,麥香三明治-香燻雞肉,飲食,1,LOW,0
1264,2025-12-14,1.0,144.0,144.0,遠百企業板橋南雅,864898丸龜製麵,飲食,1,LOW,0
1265,2025-12-14,2.0,25.0,50.0,統一超商新北市第一四三五,午后時光-重乳奶茶tp330,飲食,1,LOW,0
1266,2025-12-15,1.0,45.0,45.0,全家便利商店台大二活門市部,大冰美式,飲食,1,VERY_LOW,0
1267,2025-12-15,1.0,32.0,32.0,全家便利商店台大二活門市部,星-二配板巧克力夾心土司,飲食,1,VERY_LOW,0
1268,2025-12-15,1.0,13.0,13.0,松深食品,pkl330立頓巧克力奶,飲食,1,VERY_LOW,0
1269,2025-12-15,1.0,45.0,45.0,詠觀國際,烤雞(熟),飲食,1,VERY_LOW,0
1270,2025-12-15,1.0,110.0,110.0,詠觀國際,清爽沙拉飯,飲食,1,LOW,0
1271,2025-12-15,1.0,35.0,35.0,正好停樹林車站停車場,parking fee,交通,1,VERY_LOW,1
1272,2025-12-16,1.0,50.0,50.0,源湧商行,金萱雙q,飲食,1,LOW,0
1273,2025-12-16,2.0,35.0,70.0,統一超商新北市第一四三五,(a)統一h2o純水pet2200,飲食,1,LOW,0
1274,2025-12-16,1.0,100.0,100.0,臺北大眾捷運內湖線南港展覽館站,桌球場,娛樂,1,LOW,3
1275,2025-12-17,1.0,45.0,45.0,全家便利商店台大二活門市部,大冰美式,飲食,1,VERY_LOW,0
1276,2025-12-17,1.0,30.0,30.0,全家便利商店台大二活門市部,一配經典肉鬆飯糰,飲食,1,VERY_LOW,0
1277,2025-12-17,1.0,40.0,40.0,冠樺生活,熟食,飲食,1,VERY_LOW,0
1278,2025-12-17,1.0,45.0,45.0,詠觀國際,烤雞(熟),飲食,1,VERY_LOW,0
1279,2025-12-17,1.0,110.0,110.0,詠觀國際,清爽沙拉飯,飲食,1,LOW,0
1280,2025-12-17,1.0,35.0,35.0,正好停樹林車站停車場,parking fee,交通,1,VERY_LOW,1
1281,2025-12-17,1.0,10.0,10.0,陌生人商行,白玉珍珠 / 無糖 / 微冰,飲食,1,VERY_LOW,0
1282,2025-12-17,1.0,35.0,35.0,陌生人商行,芽香綠金萱(l),飲食,1,VERY_LOW,0
1283,2025-12-18,1.0,60.0,60.0,統一聖娜多堡市站門市部,16oz(冰)特選美式咖啡,飲食,1,LOW,0
1284,2025-12-18,1.0,39.0,39.0,統一聖娜多堡市站門市部,極選厚菠蘿,飲食,1,VERY_LOW,0
1285,2025-12-18,1.0,120.0,120.0,永二茶坊,飲料,飲食,1,LOW,0
1286,2025-12-18,1.0,35.0,35.0,正好停樹林車站停車場,parking fee,交通,1,VERY_LOW,1
1287,2025-12-18,1.0,40.0,40.0,冠樺生活,熟食,飲食,1,VERY_LOW,0
1288,2025-12-18,1.0,580.0,580.0,冠樺生活,餐廳,飲食,1,HIGH,0
1289,2025-12-19,1.0,50.0,50.0,源湧商行,金萱雙q,飲食,1,LOW,0
1290,2025-12-20,1.0,113.0,113.0,吾時食清燉紅燒牛肉麵,b 優惠套餐(原價138),飲食,1,LOW,0
1291,2025-12-20,1.0,208.0,208.0,吾時食清燉紅燒牛肉麵,母傳原湯清燉牛肉,飲食,1,MID,0
1292,2025-12-20,1.0,249.0,249.0,吾時食清燉紅燒牛肉麵,經典香韻紅燒三寶,飲食,1,MID,0
1293,2025-12-20,1.0,90.0,90.0,貓啡因商行,紅茶,飲食,1,LOW,0
1294,2025-12-20,1.0,120.0,120.0,貓啡因商行,多多綠茶,飲食,1,LOW,0
1295,2025-12-20,1.0,160.0,160.0,貓啡因商行,草莓,飲食,1,MID,0
1296,2025-12-20,1.0,40.0,40.0,歐特儀市民廣場地下停車場,停車費,交通,1,VERY_LOW,1
1297,2025-12-20,1.0,130.0,130.0,貓啡因商行,酥脆雞塊,飲食,1,LOW,0
1298,2025-12-21,1.0,100.0,100.0,臺北大眾捷運內湖線南港展覽館站,桌球場,娛樂,1,LOW,3
1299,2025-12-22,1.0,40.0,40.0,冠樺生活,熟食,飲食,1,VERY_LOW,0
1300,2025-12-22,1.0,30.0,30.0,國立臺灣大學生物資源暨農學院附設農業試驗場,三明治冰淇淋,飲食,1,VERY_LOW,0
1301,2025-12-22,1.0,3.0,3.0,國立臺灣大學生物資源暨農學院附設農業試驗場,3元塑膠袋,購物,1,VERY_LOW,2
1302,2025-12-22,1.0,62.0,62.0,國立臺灣大學生物資源暨農學院附設農業試驗場,歐式蔓越莓核桃65元,飲食,1,LOW,0
1303,2025-12-22,2.0,133.0,266.0,國立臺灣大學生物資源暨農學院附設農業試驗場,起士核桃堡140元,飲食,1,MID,0
1304,2025-12-22,1.0,35.0,35.0,正好停樹林車站停車場,parking fee,交通,1,VERY_LOW,1
1305,2025-12-23,1.0,680.0,680.0,冠樺生活,餐廳,飲食,1,HIGH,0
1306,2025-12-23,1.0,45.0,45.0,作燴餐飲科技,秀茶邸家 - 冬採金萱烏龍(l),飲食,1,VERY_LOW,0
1307,2025-12-23,1.0,35.0,35.0,正好停樹林車站停車場,parking fee,交通,1,VERY_LOW,1
1308,2025-12-23,1.0,39.0,39.0,統一聖娜多堡市站門市部,極選厚菠蘿,飲食,1,VERY_LOW,0
1309,2025-12-23,1.0,60.0,60.0,統一聖娜多堡市站門市部,16oz(冰)特選美式咖啡,飲食,1,LOW,0
1310,2025-12-23,1.0,120.0,120.0,百變全球餐飲,日香雞肉飯 - 私房辣椒雞腿飯(b),飲食,1,LOW,0
1311,2025-12-23,1.0,100.0,100.0,臺北大眾捷運內湖線南港展覽館站,桌球場,娛樂,1,LOW,3
1312,2025-12-24,1.0,40.0,40.0,冠樺生活,熟食,飲食,1,VERY_LOW,0
1313,2025-12-24,1.0,70.0,70.0,安心食品服務南港展館,摩斯鱈魚堡,飲食,1,LOW,0
1314,2025-12-24,1.0,40.0,40.0,安心食品服務南港展館,冰紅茶-大(新),飲食,1,VERY_LOW,0
1315,2025-12-24,1.0,85.0,85.0,安心食品服務南港展館,超級大麥海洋珍珠堡,飲食,1,LOW,0
1316,2025-12-24,1.0,95.0,95.0,安心食品服務南港展館,s辣腿塊方塊雙拼套餐,飲食,1,LOW,0
1317,2025-12-24,1.0,60.0,60.0,安心食品服務南港展館,d摩斯雞塊套加60,飲食,1,LOW,0
1318,2025-12-24,2.0,35.0,70.0,統一超商新北市第一四三五,(a)統一h2o純水pet2200,飲食,1,LOW,0
1319,2025-12-24,2.0,29.0,58.0,統一超商新北市第一四三五,原萃錫蘭無糖紅茶pet580,飲食,1,LOW,0
1320,2025-12-24,1.0,55.0,55.0,安心食品服務南港展館,玉米濃湯,飲食,1,LOW,0
1321,2025-12-25,1.0,50.0,50.0,星翔飲料店,大1四季春珍波椰,飲食,1,LOW,0
1322,2025-12-25,1.0,2013.0,2013.0,潤泰旭展,餐飲與食品(f&b),飲食,1,VERY_HIGH,0
1323,2025-12-25,1.0,525.0,525.0,潤泰旭展,餐飲與食品(f&b),飲食,1,HIGH,0
1324,2025-12-26,1.0,50.0,50.0,頂尖運動行銷樹林營業所,體適能-全票,娛樂,1,LOW,3
1325,2025-12-27,2.0,160.0,320.0,貓啡因商行,生乳捲,飲食,1,MID,0
1326,2025-12-27,1.0,120.0,120.0,貓啡因商行,多多綠茶,飲食,1,LOW,0
1327,2025-12-27,1.0,90.0,90.0,貓啡因商行,紅茶,飲食,1,LOW,0
1328,2025-12-27,1.0,70.0,70.0,大仟飲料店,牧香穀物鮮奶茶(l),飲食,1,LOW,0
1329,2025-12-27,1.0,10.0,10.0,大仟飲料店,白玉珍珠 / 微冰 / 無糖,飲食,1,VERY_LOW,0
1330,2025-12-27,1.0,466.0,466.0,遠東百貨板橋新站,超市餐飲其他,飲食,1,MID,0
1331,2025-12-27,1.0,40.0,40.0,歐特儀市民廣場地下停車場,停車費,交通,1,VERY_LOW,1
1332,2025-12-27,1.0,35.0,35.0,大仟飲料店,芽香綠金萱(l),飲食,1,VERY_LOW,0
1333,2025-12-29,2.0,45.0,90.0,統一超商新北市第一四三五,美式冰咖啡(大),飲食,1,LOW,0
1334,2025-12-29,4.58,28.3,130.0,永錡大安加油站,95無鉛汽油,交通,1,LOW,1
1335,2025-12-29,1.0,35.0,35.0,正好停樹林車站停車場,parking fee,交通,1,VERY_LOW,1
1336,2025-12-30,1.0,140.0,140.0,統一超商,冰/熱 美式咖啡(大),飲食,1,LOW,0
1337,2025-12-30,1.0,50.0,50.0,星翔飲料店,大1四季春珍波椰,飲食,1,LOW,0
1338,2025-12-30,1.0,240.0,240.0,冠樺生活,輕食咖啡廳,飲食,1,MID,0
1339,2025-12-30,1.0,440.0,440.0,冠樺生活,熟食,飲食,1,MID,0
1340,2025-12-30,1.0,40.0,40.0,冠樺生活,熟食,飲食,1,VERY_LOW,0
1341,2025-12-31,1.0,99.0,99.0,全家便利商店高雄市第二五七門市部,完美封漏經典棉柔35cm,購物,1,LOW,2
1342,2025-12-31,1.0,99.0,99.0,全家便利商店高雄市第二五七門市部,完美封漏經典棉柔35cm,購物,1,LOW,2
1343,2026-01-01,1.0,579.0,579.0,貳堂餐廳,霜降牛+梅花豬,飲食,1,HIGH,0
1344,2026-01-01,1.0,69.0,69.0,貳堂餐廳,墨西哥辣肉醬湯,飲食,1,LOW,0
1345,2026-01-01,1.0,369.0,369.0,貳堂餐廳,傳承50爆炒系列,飲食,1,MID,0
1346,2026-01-01,1.0,55.0,55.0,路易莎職人咖啡二零五,a 美式黑咖啡-中冰,飲食,1,LOW,0
1347,2026-01-01,1.0,60.0,60.0,路易莎職人咖啡二零五,scr小農雪點鮮奶茶-中熱,飲食,1,LOW,0
1348,2026-01-01,1.0,102.0,102.0,貳堂餐廳,清潔費,飲食,1,LOW,0
1349,2026-01-02,1.0,45.0,45.0,統一超商高雄市第六三七,偉嘉貓食濕糧海陸饗宴餐,飲食,1,VERY_LOW,0
1350,2026-01-02,1.0,29.0,29.0,統一超商高雄市第六三七,惜時金貓餐罐80g(鮪魚+蝦肉蟹肉),飲食,1,VERY_LOW,0
1351,2026-01-02,1.0,170.0,170.0,全聯實業鹽埕七賢三,三花男性背心 l,購物,1,MID,2
1352,2026-01-03,1.0,240.0,240.0,咻咻熊工作室,生活用品,購物,1,MID,2
1353,2026-01-03,1.0,90.0,90.0,貓啡因商行,紅茶,飲食,1,LOW,0
1354,2026-01-03,1.0,120.0,120.0,貓啡因商行,多多綠茶,飲食,1,LOW,0
1355,2026-01-03,1.0,200.0,200.0,貓啡因商行,菲力雞排麵包,飲食,1,MID,0
1356,2026-01-03,1.0,160.0,160.0,貓啡因商行,原味波士頓,飲食,1,MID,0
1357,2026-01-03,1.0,95.0,95.0,貓啡因商行,香蒜起士麵包,飲食,1,LOW,0
1358,2026-01-03,1.0,60.0,60.0,怡天餐飲,餅乾3片,飲食,1,LOW,0
1359,2026-01-04,1.0,50.0,50.0,源湧商行,金萱雙q,飲食,1,LOW,0
1360,2026-01-04,1.0,100.0,100.0,臺北大眾捷運內湖線南港展覽館站,桌球場,娛樂,1,LOW,3
1361,2026-01-04,3.0,60.0,180.0,統一超商新北市第一四三五,美式冰咖啡(特大),飲食,1,MID,0
1362,2026-01-05,1.0,2.0,2.0,統一超商新北市第一四三五,可重複使用提袋(1杯裝),飲食,1,VERY_LOW,0
1363,2026-01-05,1.0,45.0,45.0,統一超商新北市第一四三五,美式冰咖啡(大),飲食,1,VERY_LOW,0
1364,2026-01-05,1.0,50.0,50.0,頂尖運動行銷樹林營業所,體適能-全票,娛樂,1,LOW,3
1365,2026-01-06,1.0,60.0,60.0,統一聖娜多堡市站門市部,16oz(冰)特選美式咖啡,飲食,1,LOW,0
1366,2026-01-06,1.0,39.0,39.0,統一聖娜多堡市站門市部,極選厚菠蘿,飲食,1,VERY_LOW,0
1367,2026-01-06,1.0,45.0,45.0,作燴餐飲科技,迷客夏虎林 - 原片初露青茶(l),飲食,1,VERY_LOW,0
1368,2026-01-06,1.0,35.0,35.0,正好停樹林車站停車場,parking fee,交通,1,VERY_LOW,1
1369,2026-01-06,1.0,555.0,555.0,冠樺生活,餐廳,飲食,1,HIGH,0
1370,2026-01-07,1.0,20.0,20.0,冠樺生活,熟食,飲食,1,VERY_LOW,0
1371,2026-01-07,1.0,35.0,35.0,正好停樹林車站停車場,parking fee,交通,1,VERY_LOW,1
1372,2026-01-07,1.0,39.0,39.0,統一聖娜多堡市站門市部,極選厚菠蘿,飲食,1,VERY_LOW,0
1373,2026-01-07,1.0,60.0,60.0,統一聖娜多堡市站門市部,16oz(冰)特選美式咖啡,飲食,1,LOW,0
1374,2026-01-07,1.0,125.0,125.0,百變全球餐飲,12fit - 特餐_七味蒜香雞胸(b),飲食,1,LOW,0
1375,2026-01-08,1.0,35.0,35.0,正好停樹林車站停車場,parking fee,交通,1,VERY_LOW,1
1376,2026-01-08,1.0,170.0,170.0,九南商行,黑蒜豚骨拉麵,飲食,1,MID,0
1377,2026-01-08,1.0,150.0,150.0,九南商行,韓式泡菜拉麵,飲食,1,MID,0
1378,2026-01-08,1.0,30.0,30.0,九南商行,糖心蛋(兩片),飲食,1,VERY_LOW,0
1379,2026-01-08,1.0,59.0,59.0,統一超商台北市第一0二七,鮪魚肉鬆雙手卷,飲食,1,LOW,0
1380,2026-01-08,1.0,45.0,45.0,統一超商台北市第一0二七,美式冰咖啡(大),飲食,1,VERY_LOW,0
1381,2026-01-08,1.0,30.0,30.0,九南商行,配料,飲食,1,VERY_LOW,0
1382,2026-01-09,1.0,1100.0,1100.0,冠樺生活,餐飲,飲食,1,HIGH,0
1383,2026-01-09,1.0,40.0,40.0,冠樺生活,熟食,飲食,1,VERY_LOW,0
1384,2026-01-09,1.0,35.0,35.0,統一超商台北市第一0二七,光泉午后時光重乳奶茶400ml,飲食,1,VERY_LOW,0
1385,2026-01-09,1.0,28.0,28.0,統一超商台北市第一0二七,御選肉鬆飯糰,飲食,1,VERY_LOW,0
1386,2026-01-09,1.0,125.0,125.0,百變全球餐飲,12fit - 特餐_七味蒜香雞胸(b),飲食,1,LOW,0
1387,2026-01-09,1.0,35.0,35.0,正好停樹林車站停車場,parking fee,交通,1,VERY_LOW,1
1388,2026-01-10,1.0,35.0,35.0,大仟飲料店,芽香綠金萱(l),飲食,1,VERY_LOW,0
1389,2026-01-10,1.0,10.0,10.0,大仟飲料店,白玉珍珠 / 微冰 / 無糖,飲食,1,VERY_LOW,0
1390,2026-01-10,1.0,90.0,90.0,貓啡因商行,紅茶,飲食,1,LOW,0
1391,2026-01-10,1.0,120.0,120.0,貓啡因商行,多多綠茶,飲食,1,LOW,0
1392,2026-01-10,1.0,160.0,160.0,貓啡因商行,原味波士頓,飲食,1,MID,0
1393,2026-01-10,1.0,70.0,70.0,大仟飲料店,牧香穀物鮮奶茶(l),飲食,1,LOW,0
1394,2026-01-10,1.0,160.0,160.0,貓啡因商行,極致巧克力蛋糕,飲食,1,MID,0
1395,2026-01-10,2.0,95.0,190.0,貓啡因商行,香蒜起士麵包,飲食,1,MID,0
1396,2026-01-10,1.0,130.0,130.0,貓啡因商行,酥脆雞塊,飲食,1,LOW,0
1397,2026-01-10,1.0,130.0,130.0,貓啡因商行,酥脆雞塊,飲食,1,LOW,0
1398,2026-01-10,1.0,40.0,40.0,歐特儀市民廣場地下停車場,停車費,交通,1,VERY_LOW,1
1399,2026-01-11,1.0,100.0,100.0,臺北大眾捷運內湖線南港展覽館站,桌球場,娛樂,1,LOW,3
1400,2026-01-12,1.0,50.0,50.0,頂尖運動行銷樹林營業所,體適能-全票,娛樂,1,LOW,3
1401,2026-01-13,1.0,35.0,35.0,正好停樹林車站停車場,parking fee,交通,1,VERY_LOW,1
1402,2026-01-13,1.0,35.0,35.0,正好停樹林車站停車場,parking fee,交通,1,VERY_LOW,1
1403,2026-01-13,1.0,40.0,40.0,冠樺生活,熟食,飲食,1,VERY_LOW,0
1404,2026-01-14,1.0,340.0,340.0,冠樺生活,熟食,飲食,1,MID,0
1405,2026-01-14,1.0,40.0,40.0,冠樺生活,熟食,飲食,1,VERY_LOW,0
1406,2026-01-14,1.0,45.0,45.0,統一超商台北市第一0二七,美式冰咖啡(大),飲食,1,VERY_LOW,0
1407,2026-01-14,1.0,30.0,30.0,統一超商台北市第一0二七,新感覺可可夾心,飲食,1,VERY_LOW,0
1408,2026-01-14,1.0,20.0,20.0,統一超商台北市第一0二七,台灣上等蕉(裸賣),飲食,1,VERY_LOW,0
1409,2026-01-14,1.0,100.0,100.0,臺北大眾捷運內湖線南港展覽館站,桌球場,娛樂,1,LOW,3
1410,2026-01-14,1.0,35.0,35.0,正好停樹林車站停車場,parking fee,交通,1,VERY_LOW,1
1411,2026-01-15,1.0,42.0,42.0,統一聖娜多堡市站門市部,金塊香蒜-小單位,飲食,1,VERY_LOW,0
1412,2026-01-15,1.0,120.0,120.0,百變全球餐飲,日香雞肉飯 - 私房辣椒雞腿飯(b),飲食,1,LOW,0
1413,2026-01-15,1.0,45.0,45.0,作燴餐飲科技,老賴松山 - 文清烏龍(l),飲食,1,VERY_LOW,0
1414,2026-01-15,1.0,60.0,60.0,統一聖娜多堡市站門市部,16oz(冰)特選美式咖啡,飲食,1,LOW,0
1415,2026-01-15,1.0,35.0,35.0,正好停樹林車站停車場,parking fee,交通,1,VERY_LOW,1
1416,2026-01-15,1.0,100.0,100.0,臺北大眾捷運內湖線南港展覽館站,桌球場,娛樂,1,LOW,3
1417,2026-01-15,1.0,40.0,40.0,冠樺生活,熟食,飲食,1,VERY_LOW,0
1418,2026-01-15,1.0,665.0,665.0,冠樺生活,餐廳,飲食,1,HIGH,0
1419,2026-01-16,1.0,42.0,42.0,統一聖娜多堡市站門市部,金塊香蒜-小單位,飲食,1,VERY_LOW,0
1420,2026-01-16,1.0,125.0,125.0,百變全球餐飲,12fit - 特餐_七味蒜香雞胸(b),飲食,1,LOW,0
1421,2026-01-16,1.0,40.0,40.0,作燴餐飲科技,河河飲品 - 日光金萱(xl),飲食,1,VERY_LOW,0
1422,2026-01-16,1.0,60.0,60.0,統一聖娜多堡市站門市部,16oz(冰)特選美式咖啡,飲食,1,LOW,0
1423,2026-01-16,1.0,150.0,150.0,九南商行,韓式泡菜拉麵,飲食,1,MID,0
1424,2026-01-16,1.0,170.0,170.0,九南商行,黑蒜豚骨拉麵,飲食,1,MID,0
1425,2026-01-16,1.0,30.0,30.0,九南商行,糖心蛋(兩片),飲食,1,VERY_LOW,0
1426,2026-01-16,1.0,30.0,30.0,九南商行,配料,飲食,1,VERY_LOW,0
1427,2026-01-16,1.0,217.0,217.0,冠樺生活,輕食咖啡廳,飲食,1,MID,0
1428,2026-01-16,1.0,35.0,35.0,正好停樹林車站停車場,parking fee,交通,1,VERY_LOW,1
1429,2026-01-17,1.0,43.0,43.0,吾時食清燉紅燒牛肉麵,燙青菜,飲食,1,VERY_LOW,0
1430,2026-01-17,1.0,40.0,40.0,歐特儀市民廣場地下停車場,臨停費用,交通,1,VERY_LOW,1
1431,2026-01-17,1.0,113.0,113.0,吾時食清燉紅燒牛肉麵,b 優惠套餐(原價138),飲食,1,LOW,0
1432,2026-01-17,2.0,208.0,416.0,吾時食清燉紅燒牛肉麵,母傳原湯清燉牛肉,飲食,1,MID,0
1433,2026-01-17,1.0,160.0,160.0,貓啡因商行,極致巧克力蛋糕,飲食,1,MID,0
1434,2026-01-17,1.0,70.0,70.0,大仟飲料店,牧香穀物鮮奶茶(l),飲食,1,LOW,0
1435,2026-01-17,1.0,90.0,90.0,貓啡因商行,紅茶,飲食,1,LOW,0
1436,2026-01-17,1.0,10.0,10.0,大仟飲料店,無糖 / 白玉珍珠 / 微冰,飲食,1,VERY_LOW,0
1437,2026-01-17,1.0,160.0,160.0,貓啡因商行,草莓,飲食,1,MID,0
1438,2026-01-17,1.0,130.0,130.0,貓啡因商行,酥脆雞塊,飲食,1,LOW,0
1439,2026-01-17,1.0,120.0,120.0,貓啡因商行,多多綠茶,飲食,1,LOW,0
1440,2026-01-17,1.0,35.0,35.0,大仟飲料店,芽香綠金萱(l),飲食,1,VERY_LOW,0
1441,2026-01-18,1.0,50.0,50.0,路易莎職人咖啡新板傑仕堡,四 四季翠玉青茶-大冰,飲食,1,LOW,0
1442,2026-01-19,1.0,30.0,30.0,亞東學校財團法人亞東科技大學,停車費,交通,1,VERY_LOW,1
1443,2026-01-19,1.0,35.0,35.0,安心食品服務南港展館,冰紅茶-中(新),飲食,1,VERY_LOW,0
1444,2026-01-19,1.0,95.0,95.0,安心食品服務南港展館,s辣腿塊方塊雙拼套餐,飲食,1,LOW,0
1445,2026-01-19,1.0,55.0,55.0,安心食品服務南港展館,玉米濃湯,飲食,1,LOW,0
1446,2026-01-19,1.0,60.0,60.0,安心食品服務南港展館,d摩斯雞塊套加60,飲食,1,LOW,0
1447,2026-01-19,1.0,85.0,85.0,安心食品服務南港展館,超級大麥海洋珍珠堡,飲食,1,LOW,0
1448,2026-01-19,1.0,70.0,70.0,安心食品服務南港展館,摩斯鱈魚堡,飲食,1,LOW,0
1449,2026-01-19,1.0,40.0,40.0,冠樺生活,熟食,飲食,1,VERY_LOW,0
1450,2026-01-20,1.0,35.0,35.0,正好停樹林車站停車場,parking fee,交通,1,VERY_LOW,1
1451,2026-01-20,1.0,45.0,45.0,統一超商台北市第一0二七,美式冰咖啡(大),飲食,1,VERY_LOW,0
1452,2026-01-20,1.0,59.0,59.0,統一超商台北市第一0二七,鮪魚肉鬆雙手卷,飲食,1,LOW,0
1453,2026-01-20,1.0,40.0,40.0,冠樺生活,熟食,飲食,1,VERY_LOW,0
1454,2026-01-20,1.0,440.0,440.0,冠樺生活,熟食,飲食,1,MID,0
1455,2026-01-20,1.0,310.0,310.0,冠樺生活,輕食咖啡廳,飲食,1,MID,0
1456,2026-01-21,1.0,45.0,45.0,統一超商台北市第一0二七,美式冰咖啡(大),飲食,1,VERY_LOW,0
1457,2026-01-21,1.0,28.0,28.0,統一超商台北市第一0二七,御選肉鬆飯糰,飲食,1,VERY_LOW,0
1458,2026-01-21,1.0,137.0,137.0,統一超商,冰/熱 美式咖啡(大),飲食,1,LOW,0
1459,2026-01-21,1.0,35.0,35.0,正好停樹林車站停車場,parking fee,交通,1,VERY_LOW,1
1460,2026-01-22,1.0,60.0,60.0,統一聖娜多堡市站門市部,16oz(冰)特選美式咖啡,飲食,1,LOW,0
1461,2026-01-22,1.0,42.0,42.0,統一聖娜多堡市站門市部,金塊香蒜-小單位,飲食,1,VERY_LOW,0
1462,2026-01-22,1.0,35.0,35.0,正好停樹林車站停車場,parking fee,交通,1,VERY_LOW,1
1463,2026-01-22,1.0,40.0,40.0,冠樺生活,熟食,飲食,1,VERY_LOW,0
1464,2026-01-23,1.0,60.0,60.0,統一聖娜多堡市站門市部,16oz(冰)特選美式咖啡,飲食,1,LOW,0
1465,2026-01-23,1.0,45.0,45.0,作燴餐飲科技,50嵐饒河 - 黃金烏龍(l),飲食,1,VERY_LOW,0
1466,2026-01-23,1.0,125.0,125.0,百變全球餐飲,12fit - 特餐_七味蒜香雞胸(b),飲食,1,LOW,0
1467,2026-01-23,1.0,425.0,425.0,一娘子小吃店,小菜,飲食,1,MID,0
1468,2026-01-23,1.0,42.0,42.0,統一聖娜多堡市站門市部,金塊香蒜-小單位,飲食,1,VERY_LOW,0
1469,2026-01-23,1.0,35.0,35.0,正好停樹林車站停車場,parking fee,交通,1,VERY_LOW,1
1470,2026-01-23,1.0,40.0,40.0,冠樺生活,熟食,飲食,1,VERY_LOW,0
1471,2026-01-23,1.0,100.0,100.0,臺北大眾捷運內湖線南港展覽館站,桌球場,娛樂,1,LOW,3
1472,2026-01-23,1.0,100.0,100.0,臺北大眾捷運內湖線南港展覽館站,桌球場,娛樂,1,LOW,3
1473,2026-01-24,1.0,160.0,160.0,貓啡因商行,炙燒乳酪蛋糕,飲食,1,MID,0
1474,2026-01-24,1.0,160.0,160.0,貓啡因商行,草莓,飲食,1,MID,0
1475,2026-01-24,1.0,90.0,90.0,貓啡因商行,紅茶,飲食,1,LOW,0
1476,2026-01-24,1.0,50.0,50.0,星翔飲料店,大1四季春珍波椰,飲食,1,LOW,0
1477,2026-01-24,1.0,120.0,120.0,貓啡因商行,多多綠茶,飲食,1,LOW,0
1478,2026-01-24,1.0,239.0,239.0,遠東百貨板橋新站,超市餐飲其他,飲食,1,MID,0
1479,2026-01-25,1.0,130.0,130.0,貓啡因商行,奶茶,飲食,1,LOW,0
1480,2026-01-25,1.0,90.0,90.0,貓啡因商行,紅茶,飲食,1,LOW,0
1481,2026-01-25,1.0,160.0,160.0,貓啡因商行,原味波士頓,飲食,1,MID,0
1482,2026-01-25,1.0,130.0,130.0,貓啡因商行,酥脆雞塊,飲食,1,LOW,0
1483,2026-01-25,1.0,40.0,40.0,歐特儀市民廣場地下停車場,停車費,交通,1,VERY_LOW,1
1484,2026-01-26,1.0,50.0,50.0,源湧商行,金萱雙q,飲食,1,LOW,0
1485,2026-01-26,1.0,50.0,50.0,頂尖運動行銷樹林營業所,體適能-全票,娛樂,1,LOW,3
1486,2026-01-26,1.0,40.0,40.0,源湧商行,高山金萱茶,飲食,1,VERY_LOW,0
1487,2026-01-26,1.0,81.0,81.0,全聯實業樹林樹德,冠軍養力幼秀卵,購物,1,LOW,2
1488,2026-01-26,1.0,16.0,16.0,全聯實業樹林樹德,美國洋蔥(粒),購物,1,VERY_LOW,2
1489,2026-01-26,4.35,28.6,125.0,永錡保安加油站,95無鉛汽油,交通,1,LOW,1
1490,2026-01-26,1.0,35.0,35.0,全聯實業樹林樹德,菠菜(產銷履歷),飲食,1,VERY_LOW,0
1491,2026-01-27,1.0,506.0,406.0,冠樺生活,熟食,飲食,1,MID,0
1492,2026-01-27,1.0,45.0,45.0,統一超商台北市第一0二七,美式冰咖啡(大),飲食,1,VERY_LOW,0
1493,2026-01-27,1.0,28.0,28.0,統一超商台北市第一0二七,御選肉鬆飯糰,飲食,1,VERY_LOW,0
1494,2026-01-27,1.0,20.0,20.0,統一超商台北市第一0二七,台灣上等蕉(裸賣),飲食,1,VERY_LOW,0
1495,2026-01-27,1.0,35.0,35.0,正好停樹林車站停車場,parking fee,交通,1,VERY_LOW,1
1496,2026-01-28,1.0,100.0,100.0,臺北大眾捷運內湖線南港展覽館站,桌球場,娛樂,1,LOW,3
1497,2026-01-28,1.0,35.0,35.0,正好停樹林車站停車場,parking fee,交通,1,VERY_LOW,1
1498,2026-01-28,1.0,85.0,85.0,安心食品服務市府門市部,超級大麥海洋珍珠堡,飲食,1,LOW,0
1499,2026-01-28,1.0,28.0,28.0,統一超商台北市第一0二七,御選肉鬆飯糰,飲食,1,VERY_LOW,0
1500,2026-01-28,1.0,60.0,60.0,安心食品服務市府門市部,c黃金地瓜薯條套加6,飲食,1,LOW,0
1501,2026-01-28,1.0,30.0,30.0,統一超商台北市第一0二七,台灣香蕉重量分享包(2入),飲食,1,VERY_LOW,0
1502,2026-01-28,1.0,45.0,45.0,統一超商台北市第一0二七,美式冰咖啡(大),飲食,1,VERY_LOW,0
1503,2026-01-28,1.0,55.0,55.0,安心食品服務市府門市部,玉米濃湯,飲食,1,LOW,0
1504,2026-01-29,1.0,125.0,125.0,百變全球餐飲,12fit - 特餐_七味蒜香雞胸(b),飲食,1,LOW,0
1505,2026-01-29,1.0,143.0,143.0,統一超商,冰/熱 美式咖啡(大),飲食,1,LOW,0
1506,2026-01-29,2.0,28.0,56.0,統一超商台北市第一0二七,御選肉鬆飯糰,飲食,1,LOW,0
1507,2026-01-29,1.0,45.0,45.0,統一超商台北市第一0二七,美式冰咖啡(大),飲食,1,VERY_LOW,0
1508,2026-01-29,2.0,25.0,50.0,統一超商台北縣第四一六,午后時光-重乳奶茶tp330,飲食,1,LOW,0
1509,2026-01-29,1.0,33.0,33.0,統一超商台北縣第四一六,美式原味熱狗,飲食,1,VERY_LOW,0
1510,2026-01-30,1.0,55.0,55.0,一娘子小吃店,蛤蠣湯,飲食,1,LOW,0
1511,2026-01-30,1.0,120.0,120.0,百變全球餐飲,12fit - 特餐_柚香檸檬清炒雞(a),飲食,1,LOW,0
1512,2026-01-30,1.0,100.0,100.0,一娘子小吃店,皮蛋乾麵,飲食,1,LOW,0
1513,2026-01-30,1.0,60.0,60.0,一娘子小吃店,餛飩湯,飲食,1,LOW,0
1514,2026-01-30,1.0,100.0,100.0,一娘子小吃店,皮蛋乾麵,飲食,1,LOW,0
1515,2026-01-30,1.0,40.0,40.0,一娘子小吃店,豆干滷蛋海帶,飲食,1,VERY_LOW,0
1516,2026-01-30,1.0,45.0,45.0,統一超商台北市第一0二七,美式冰咖啡(大),飲食,1,VERY_LOW,0
1517,2026-01-30,1.0,28.0,28.0,統一超商台北市第一0二七,御選肉鬆飯糰,飲食,1,VERY_LOW,0
1518,2026-01-30,1.0,40.0,40.0,一娘子小吃店,燙青菜,飲食,1,VERY_LOW,0
1519,2026-01-30,1.0,30.0,30.0,統一超商台北市第一0二七,台灣香蕉重量分享包(2入),飲食,1,VERY_LOW,0
1520,2026-01-31,1.0,433.0,433.0,遠東百貨板橋新站,超市餐飲其他,飲食,1,MID,0
1521,2026-01-31,1.0,130.0,130.0,貓啡因商行,奶茶,飲食,1,LOW,0
1522,2026-01-31,1.0,90.0,90.0,貓啡因商行,紅茶,飲食,1,LOW,0
1523,2026-01-31,2.0,160.0,320.0,貓啡因商行,極致巧克力蛋糕,飲食,1,MID,0
1524,2026-01-31,1.0,79.0,79.0,誠品生活新板,minecraft 165吋合金公仔驚喜包/ w1/ 隨機,娛樂,1,LOW,3
1525,2026-01-31,1.0,79.0,79.0,誠品生活新板,minecraft 165吋合金公仔驚喜包/ w1/ 隨機,娛樂,1,LOW,3
1526,2026-02-01,1.0,530.0,530.0,欣食旅 南港營業所,餐飲費,飲食,1,HIGH,0
1527,2026-02-01,1.0,29.0,29.0,冠樺生活,fmc鹼性離子水800ml,飲食,1,VERY_LOW,0
1528,2026-02-01,1.0,50.0,50.0,星翔飲料店,大1四季春珍波椰,飲食,1,LOW,0
1529,2026-02-02,1.0,50.0,50.0,星翔飲料店,大1四季春珍波椰,飲食,1,LOW,0
1530,2026-02-03,1.0,85.0,85.0,冠樺生活,藥粧藥房,醫療健康,1,LOW,5
1531,2026-02-03,1.0,25.0,25.0,統一超商新北市第一四三五,午后時光-重乳奶茶tp330,飲食,1,VERY_LOW,0
1532,2026-02-03,1.0,45.0,45.0,統一超商台北市第六八七,京都念慈菴雙層枇杷軟喉糖(原味),飲食,1,VERY_LOW,0
1533,2026-02-03,1.0,42.0,42.0,統一聖娜多堡市站門市部,金塊香蒜-小單位,飲食,1,VERY_LOW,0
1534,2026-02-03,1.0,60.0,60.0,統一聖娜多堡市站門市部,16oz(冰)特選美式咖啡,飲食,1,LOW,0
1535,2026-02-03,1.0,120.0,120.0,百變全球餐飲,日香雞肉飯 - 私房辣椒雞腿飯(b),飲食,1,LOW,0
1536,2026-02-03,1.0,675.0,675.0,冠樺生活,餐廳,飲食,1,HIGH,0
1537,2026-02-04,1.0,20.0,20.0,統一超商台北市第一0二七,台灣上等蕉(裸賣),飲食,1,VERY_LOW,0
1538,2026-02-04,1.0,100.0,100.0,臺北大眾捷運內湖線南港展覽館站,桌球場,娛樂,1,LOW,3
1539,2026-02-04,1.0,28.0,28.0,統一超商台北市第一0二七,御選肉鬆飯糰,飲食,1,VERY_LOW,0
1540,2026-02-05,1.0,40.0,40.0,冠樺生活,熟食,飲食,1,VERY_LOW,0
1541,2026-02-05,1.0,15.0,15.0,九南商行,配料,飲食,1,VERY_LOW,0
1542,2026-02-05,1.0,35.0,35.0,九南商行,涼拌豆干絲,飲食,1,VERY_LOW,0
1543,2026-02-05,1.0,30.0,30.0,九南商行,糖心蛋(兩片),飲食,1,VERY_LOW,0
1544,2026-02-05,1.0,150.0,150.0,九南商行,韓式泡菜拉麵,飲食,1,MID,0
1545,2026-02-05,1.0,170.0,170.0,九南商行,黑蒜豚骨拉麵,飲食,1,MID,0
1546,2026-02-05,1.0,42.0,42.0,統一聖娜多堡市站門市部,金塊香蒜-小單位,飲食,1,VERY_LOW,0
1547,2026-02-05,1.0,60.0,60.0,統一聖娜多堡市站門市部,16oz(冰)特選美式咖啡,飲食,1,LOW,0
1548,2026-02-05,1.0,125.0,125.0,百變全球餐飲,輕輕地中海餐盒 - 匈牙利香蒜雞胸(c),飲食,1,LOW,0
1549,2026-02-06,1.0,125.0,125.0,百變全球餐飲,12fit - 特餐_七味蒜香雞胸(b),飲食,1,LOW,0
1550,2026-02-06,1.0,60.0,60.0,統一聖娜多堡市站門市部,16oz(冰)特選美式咖啡,飲食,1,LOW,0
1551,2026-02-06,1.0,40.0,40.0,冠樺生活,熟食,飲食,1,VERY_LOW,0
1552,2026-02-06,1.0,60.0,60.0,永二茶坊,飲料,飲食,1,LOW,0
1553,2026-02-06,1.0,50.0,50.0,統一聖娜多堡市站門市部,32層菠蘿可頌,飲食,1,LOW,0
1554,2026-02-07,1.0,70.0,70.0,大仟飲料店,牧香穀物鮮奶茶(l),飲食,1,LOW,0
1555,2026-02-07,1.0,35.0,35.0,大仟飲料店,芽香綠金萱(l),飲食,1,VERY_LOW,0
1556,2026-02-07,1.0,229.0,229.0,三商餐飲板橋府中門市部,百事_豚丼套餐,飲食,1,MID,0
1557,2026-02-07,1.0,190.0,190.0,三商餐飲板橋府中門市部,11(大)爪哇咖哩牛丼,飲食,1,MID,0
1558,2026-02-07,1.0,90.0,90.0,三商餐飲板橋府中門市部,69元套餐,飲食,1,LOW,0
1559,2026-02-07,1.0,10.0,10.0,大仟飲料店,無糖 / 微冰 / 白玉珍珠,飲食,1,VERY_LOW,0
1560,2026-02-09,1.0,25.0,25.0,統一超商台北縣第六三七,章魚燒串,飲食,1,VERY_LOW,0
1561,2026-02-09,1.0,25.0,25.0,統一超商台北縣第六三七,手工高麗菜捲,飲食,1,VERY_LOW,0
1562,2026-02-09,2.0,20.0,40.0,統一超商台北縣第六三七,原味豬肉貢丸(關),飲食,1,VERY_LOW,0
1563,2026-02-09,1.0,50.0,50.0,源湧商行,金萱雙q,飲食,1,LOW,0
1564,2026-02-10,1.0,125.0,125.0,百變全球餐飲,12fit - 特餐_七味蒜香雞胸(b),飲食,1,LOW,0
1565,2026-02-10,1.0,35.0,35.0,正好停樹林車站停車場,parking fee,交通,1,VERY_LOW,1
1566,2026-02-10,2.0,28.0,56.0,統一超商台北市第一0二七,御選肉鬆飯糰,飲食,1,LOW,0
1567,2026-02-10,1.0,20.0,20.0,統一超商台北市第一0二七,台灣上等蕉(裸賣),飲食,1,VERY_LOW,0
1568,2026-02-10,1.0,45.0,45.0,統一超商台北市第一0二七,美式冰咖啡(大),飲食,1,VERY_LOW,0
1569,2026-02-10,1.0,40.0,40.0,冠樺生活,熟食,飲食,1,VERY_LOW,0
1570,2026-02-11,1.0,60.0,60.0,統一聖娜多堡市站門市部,16oz(冰)特選美式咖啡,飲食,1,LOW,0
1571,2026-02-11,1.0,42.0,42.0,統一聖娜多堡市站門市部,金塊香蒜-小單位,飲食,1,VERY_LOW,0
1572,2026-02-11,1.0,100.0,100.0,一娘子小吃店,皮蛋乾麵,飲食,1,LOW,0
1573,2026-02-11,1.0,80.0,80.0,一娘子小吃店,皮蛋乾麵,飲食,1,LOW,0
1574,2026-02-11,1.0,55.0,55.0,一娘子小吃店,蛤蠣湯,飲食,1,LOW,0
1575,2026-02-11,1.0,40.0,40.0,一娘子小吃店,燙青菜,飲食,1,VERY_LOW,0
1576,2026-02-11,1.0,280.0,280.0,百亨堂文創,松露野菇牛肝菌燉飯,飲食,1,MID,0
1577,2026-02-11,1.0,280.0,280.0,百亨堂文創,炒野菇沙拉 field mushroom salad,飲食,1,MID,0
1578,2026-02-11,1.0,160.0,160.0,百亨堂文創,冰原味拿鐵 caf latte,飲食,1,MID,0
1579,2026-02-11,1.0,160.0,160.0,百亨堂文創,冰上樓看看經典奶茶 butterscotch milk tea,飲食,1,MID,0
1580,2026-02-11,1.0,35.0,35.0,正好停樹林車站停車場,parking fee,交通,1,VERY_LOW,1
1581,2026-02-11,1.0,40.0,40.0,冠樺生活,熟食,飲食,1,VERY_LOW,0
1582,2026-02-11,1.0,60.0,60.0,一娘子小吃店,餛飩湯,飲食,1,LOW,0
1583,2026-02-12,1.0,42.0,42.0,統一聖娜多堡市站門市部,金塊香蒜-小單位,飲食,1,VERY_LOW,0
1584,2026-02-12,1.0,125.0,125.0,百變全球餐飲,12fit - 特餐_七味蒜香雞胸(b),飲食,1,LOW,0
1585,2026-02-12,1.0,60.0,60.0,統一聖娜多堡市站門市部,16oz(冰)特選美式咖啡,飲食,1,LOW,0
1586,2026-02-12,1.0,40.0,40.0,作燴餐飲科技,五桐號通化 - 一把青茶(l),飲食,1,VERY_LOW,0
1587,2026-02-12,1.0,35.0,35.0,正好停樹林車站停車場,parking fee,交通,1,VERY_LOW,1
1588,2026-02-12,1.0,50.0,50.0,玉屋花苑,透明專用袋,購物,1,LOW,2
1589,2026-02-12,1.0,580.0,580.0,玉屋花苑,霧白x群青 3朵玫瑰花束,購物,1,HIGH,2
1590,2026-02-12,1.0,8.0,8.0,神坊資訊,黃金小金豆01錢單顆入(010錢0,購物,1,VERY_LOW,2
1591,2026-02-12,1.0,40.0,40.0,冠樺生活,熟食,飲食,1,VERY_LOW,0
1592,2026-02-13,1.0,120.0,120.0,百變全球餐飲,日香雞肉飯 - 私房辣椒雞腿飯(b),飲食,1,LOW,0
1593,2026-02-13,1.0,35.0,35.0,正好停樹林車站停車場,parking fee,交通,1,VERY_LOW,1
1594,2026-02-13,1.0,30.0,30.0,統一超商台北市第一0二七,台灣香蕉重量分享包(2入),飲食,1,VERY_LOW,0
1595,2026-02-13,1.0,45.0,45.0,作燴餐飲科技,老賴松山 - 冷香青茶(l),飲食,1,VERY_LOW,0
1596,2026-02-13,2.0,28.0,56.0,統一超商台北市第一0二七,御選肉鬆飯糰,飲食,1,LOW,0
1597,2026-02-13,1.0,40.0,40.0,冠樺生活,熟食,飲食,1,VERY_LOW,0
1598,2026-02-13,1.0,45.0,45.0,統一超商台北市第一0二七,美式冰咖啡(大),飲食,1,VERY_LOW,0
1599,2026-02-14,1.0,223.0,223.0,吾時食清燉紅燒牛肉麵,母傳原湯清燉牛肉,飲食,1,MID,0
1600,2026-02-14,1.0,249.0,249.0,吾時食清燉紅燒牛肉麵,經典香韻紅燒三寶,飲食,1,MID,0
1601,2026-02-14,1.0,73.0,73.0,吾時食清燉紅燒牛肉麵,燙青菜,飲食,1,LOW,0
1602,2026-02-14,1.0,130.0,130.0,揚秦國際企業忠孝新生,茄汁原塊嫩雞義大利麵,飲食,1,LOW,0
1603,2026-02-14,2.0,20.0,40.0,統一超商台北市第一0一七,水事紀礦泉水pet600,飲食,1,VERY_LOW,0
1604,2026-02-14,2.0,25.0,50.0,統一超商新北市第一四三五,午后時光-重乳奶茶tp330,飲食,1,LOW,0
1605,2026-02-14,1.0,35.0,35.0,揚秦國際企業忠孝新生,奶茶(xl)(冰),飲食,1,VERY_LOW,0
1606,2026-02-14,1.0,35.0,35.0,揚秦國際企業忠孝新生,蘿蔔糕,飲食,1,VERY_LOW,0
1607,2026-02-14,1.0,125.0,125.0,揚秦國際企業忠孝新生,蘿勒燻雞三明治特餐,飲食,1,LOW,0
1608,2026-02-14,1.0,35.0,35.0,正好停樹林車站停車場,parking fee,交通,1,VERY_LOW,1
1609,2026-02-14,1.0,45.0,45.0,統一超商台北市第八一二,美式冰咖啡(大),飲食,1,VERY_LOW,0
1610,2026-02-15,1.0,661.0,661.0,富利餐飲樹林中山,歡聚樂享餐,飲食,1,HIGH,0
1611,2026-02-15,1.0,1.0,1.0,富利餐飲樹林中山,1加購4塊雞塊,飲食,1,VERY_LOW,0
1612,2026-02-15,1.0,50.0,50.0,頂尖運動行銷樹林營業所,體適能-全票,娛樂,1,LOW,3
1613,2026-02-18,1.0,151.0,151.0,富利餐飲台南中華,卡啦雞腿堡a經典餐,飲食,1,MID,0
1614,2026-02-18,1.0,1.0,1.0,富利餐飲台南中華,1原蛋,飲食,1,VERY_LOW,0
1615,2026-02-18,1.0,213.0,213.0,富利餐飲台南中華,卡啦雞腿堡xl全明星餐,飲食,1,MID,0
1616,2026-02-18,1.0,1.0,1.0,富利餐飲台南中華,1原蛋,飲食,1,VERY_LOW,0
1617,2026-02-18,1.0,223.0,223.0,富利餐飲台南中華,青花椒堡xl全明星餐,飲食,1,MID,0
1618,2026-02-18,1.0,56.0,56.0,富利餐飲台南中華,吮指嫩雞蛋堡,飲食,1,LOW,0
1619,2026-02-18,1.0,1.0,1.0,富利餐飲台南中華,1原蛋,飲食,1,VERY_LOW,0
1620,2026-02-18,1.0,256.0,256.0,富利餐飲台南中華,青花椒雞xl全明星餐,飲食,1,MID,0
1621,2026-02-18,1.0,1.0,1.0,富利餐飲台南中華,1原蛋,飲食,1,VERY_LOW,0
1622,2026-02-19,1.0,55.0,55.0,豐霈綠茶專賣店,大 多多綠,飲食,1,LOW,0
1623,2026-02-19,1.0,65.0,65.0,豐霈綠茶專賣店,大 紅茶拿鐵,飲食,1,LOW,0
1624,2026-02-19,1.0,1.0,1.0,豐霈綠茶專賣店,手提袋2杯袋,飲食,1,VERY_LOW,0
1625,2026-02-19,1.0,100.0,100.0,和德昌高雄中華二,餐-薯來牛,飲食,1,LOW,0
1626,2026-02-19,1.0,43.0,43.0,和德昌高雄中華二,冰綠茶-中,飲食,1,VERY_LOW,0
1627,2026-02-19,1.0,43.0,43.0,和德昌高雄中華二,配-經典大薯,飲食,1,VERY_LOW,0
1628,2026-02-20,1.0,99.0,99.0,全家便利商店新北市第八七二,烤蛋白餐盒,飲食,1,LOW,0
1629,2026-02-20,1.0,48.0,48.0,和德昌板橋文化,四塊麥克雞塊,飲食,1,VERY_LOW,0
1630,2026-02-20,1.0,48.0,48.0,和德昌板橋文化,四塊麥克雞塊,飲食,1,VERY_LOW,0
1631,2026-02-20,1.0,72.0,72.0,和德昌板橋文化,雙層牛肉堡,飲食,1,LOW,0
1632,2026-02-20,1.0,100.0,100.0,和德昌板橋文化,薯來堡(牛),飲食,1,LOW,0
1633,2026-02-20,1.0,75.0,75.0,路易莎職人咖啡板橋莊敬,風味三明治-香燻雞肉,飲食,1,LOW,0
1634,2026-02-20,1.0,100.0,100.0,臺北大眾捷運內湖線南港展覽館站,桌球場,娛樂,1,LOW,3
1635,2026-02-20,1.0,100.0,100.0,玖酷立健康事業,1百,醫療健康,1,LOW,5
1636,2026-02-21,2.0,50.0,100.0,源湧商行,金萱雙q,飲食,1,LOW,0
1637,2026-02-21,1.0,40.0,40.0,源湧商行,錫蘭紅茶,飲食,1,VERY_LOW,0
1638,2026-02-22,1.0,35.0,35.0,大仟飲料店,芽香綠金萱(l),飲食,1,VERY_LOW,0
1639,2026-02-22,1.0,40.0,40.0,歐特儀市民廣場地下停車場,停車費,交通,1,VERY_LOW,1
1640,2026-02-23,1.0,35.0,35.0,正好停樹林車站停車場,parking fee,交通,1,VERY_LOW,1
1641,2026-02-23,1.0,220.0,220.0,海底撈火鍋,菌類拼盤,飲食,1,MID,0
1642,2026-02-23,1.0,65.0,65.0,海底撈火鍋,清香奶茶,飲食,1,LOW,0
1643,2026-02-23,1.0,299.0,299.0,海底撈火鍋,伊比利豬腹松板(半),飲食,1,MID,0
1644,2026-02-23,1.0,159.0,159.0,海底撈火鍋,三鮮火鍋(海鮮風味),飲食,1,MID,0
1645,2026-02-23,1.0,50.0,50.0,海底撈火鍋,日本越光米,飲食,1,LOW,0
1646,2026-02-23,1.0,399.0,399.0,海底撈火鍋,安格斯無骨牛小排prime(半),飲食,1,MID,0
1647,2026-02-23,1.0,65.0,65.0,海底撈火鍋,熱帶水果冰茶,飲食,1,LOW,0
1648,2026-02-23,1.0,229.0,229.0,海底撈火鍋,經典麻辣火鍋(牛油),飲食,1,MID,0
1649,2026-02-23,1.0,499.0,499.0,海底撈火鍋,澳洲白金巧克力和牛雪花(半),飲食,1,MID,0
1650,2026-02-23,1.0,50.0,50.0,海底撈火鍋,自選小料,飲食,1,LOW,0
1651,2026-02-23,1.0,498.0,498.0,海底撈火鍋,招牌蝦滑,飲食,1,MID,0
1652,2026-02-23,1.0,160.0,160.0,海底撈火鍋,高麗菜,飲食,1,MID,0
1653,2026-02-23,1.0,214.0,214.0,海底撈火鍋,撈派滑牛肉(半),飲食,1,MID,0
1654,2026-02-23,1.0,29.0,29.0,國立臺灣大學生物資源暨農學院附設農業試驗場,三明治冰淇淋,飲食,1,VERY_LOW,0
1655,2026-02-23,1.0,59.0,59.0,彬松科技台北市第十五,s鑽石切面造型玻璃花瓶61,購物,1,LOW,2
1656,2026-02-24,1.0,45.0,45.0,詠觀國際,烤雞(熟),飲食,1,VERY_LOW,0
1657,2026-02-24,1.0,35.0,35.0,正好停樹林車站停車場,parking fee,交通,1,VERY_LOW,1
1658,2026-02-24,1.0,110.0,110.0,詠觀國際,清爽沙拉飯,飲食,1,LOW,0
1659,2026-02-24,1.0,70.0,70.0,安心食品服務南港展館,摩斯鱈魚堡,飲食,1,LOW,0
1660,2026-02-24,1.0,45.0,45.0,全家便利商店台大二活門市部,大冰美式,飲食,1,VERY_LOW,0
1661,2026-02-24,1.0,40.0,40.0,安心食品服務南港展館,冰紅茶-大(新),飲食,1,VERY_LOW,0
1662,2026-02-24,1.0,80.0,80.0,安心食品服務南港展館,海洋珍珠堡,飲食,1,LOW,0
1663,2026-02-24,1.0,60.0,60.0,安心食品服務南港展館,d摩斯雞塊套加60,飲食,1,LOW,0
1664,2026-02-24,1.0,40.0,40.0,安心食品服務南港展館,冰紅茶-大(新),飲食,1,VERY_LOW,0
1665,2026-02-24,1.0,60.0,60.0,安心食品服務南港展館,d摩斯雞塊套加60,飲食,1,LOW,0
1666,2026-02-24,1.0,40.0,40.0,冠樺生活,熟食,飲食,1,VERY_LOW,0
1667,2026-02-25,1.0,40.0,40.0,冠樺生活,熟食,飲食,1,VERY_LOW,0
1668,2026-02-25,1.0,140.0,140.0,統一超商,冰/熱 美式咖啡(大),飲食,1,LOW,0
1669,2026-02-25,1.0,50.0,50.0,星翔飲料店,大1四季春珍波椰,飲食,1,LOW,0
1670,2026-02-26,1.0,125.0,125.0,百變全球餐飲,12fit - 特餐_七味蒜香雞胸(b),飲食,1,LOW,0
1671,2026-02-26,1.0,30.0,30.0,統一超商台北市第一0二七,台灣香蕉重量分享包(2入),飲食,1,VERY_LOW,0
1672,2026-02-26,1.0,35.0,35.0,正好停樹林車站停車場,parking fee,交通,1,VERY_LOW,1
1673,2026-02-26,1.0,45.0,45.0,統一超商台北市第一0二七,美式冰咖啡(大),飲食,1,VERY_LOW,0
1674,2026-02-26,1.0,40.0,40.0,冠樺生活,熟食,飲食,1,VERY_LOW,0
1675,2026-02-26,1.0,28.0,28.0,統一超商台北市第一0二七,御選肉鬆飯糰,飲食,1,VERY_LOW,0
1676,2026-02-27,1.0,115.0,115.0,冠誠生活,輕食咖啡廳,飲食,1,LOW,0
1677,2026-02-27,1.0,493.0,493.0,冠誠生活,輕食咖啡廳,飲食,1,MID,0
1678,2026-02-27,1.0,30.0,30.0,正好停捷運府中站,parking fee,交通,1,VERY_LOW,1
1679,2026-02-27,1.0,3.0,3.0,誠品生活新板,富士instax link wide手機印相機/ 白,購物,1,VERY_LOW,2
1680,2026-03-02,1.0,25.0,25.0,一娘子小吃店,冬瓜茶,飲食,1,VERY_LOW,0
1681,2026-03-02,3.0,100.0,300.0,一娘子小吃店,皮蛋乾麵,飲食,1,MID,0
1682,2026-03-02,1.0,40.0,40.0,一娘子小吃店,燙青菜,飲食,1,VERY_LOW,0
1683,2026-03-02,1.0,280.0,280.0,酒樂,琴通寧(買1送1),飲食,1,MID,0
1684,2026-03-02,1.0,60.0,60.0,路易莎職人咖啡新北圖館,a 美式黑咖啡-中冰,飲食,1,LOW,0
1685,2026-03-02,1.0,130.0,130.0,酒樂,鮮奶紅-冰,飲食,1,LOW,0
1686,2026-03-02,1.0,50.0,50.0,路易莎職人咖啡捷運市府,四 四季翠玉青茶-大冰,交通,1,LOW,1
1687,2026-03-02,1.0,28.0,28.0,遠百企業板橋南雅,313153精緻丹麥系列/個(a),飲食,1,VERY_LOW,0
1688,2026-03-02,1.0,70.0,70.0,路易莎職人咖啡新北圖館,麥香三明治-香燻雞肉,飲食,1,LOW,0
1689,2026-03-02,1.0,100.0,100.0,酒樂,蜂蜜青茶-冰,飲食,1,LOW,0
1690,2026-03-03,1.0,100.0,100.0,臺北大眾捷運內湖線南港展覽館站,桌球場,娛樂,1,LOW,3
1691,2026-03-03,1.0,149.0,134.0,傑洛國際台大店,厚切嫩牛堡6吋,飲食,1,LOW,0
1692,2026-03-03,1.0,40.0,40.0,冠樺生活,熟食,飲食,1,VERY_LOW,0
1693,2026-03-03,1.0,69.0,69.0,全家便利商店台大二活門市部,招牌韓式嫩雞胸,飲食,1,LOW,0
1694,2026-03-03,1.0,1100.0,1100.0,潤泰旭展,餐飲與食品(f&b),飲食,1,HIGH,0
1695,2026-03-04,1.0,25.0,25.0,全家便利商店台大二活門市部,重乳奶茶tp330,飲食,1,VERY_LOW,0
1696,2026-03-04,1.0,694.0,694.0,冠樺生活,熟食,飲食,1,HIGH,0
1697,2026-03-04,1.0,40.0,40.0,冠樺生活,熟食,飲食,1,VERY_LOW,0
1698,2026-03-04,1.0,50.0,50.0,星翔飲料店,大1四季春珍波椰,飲食,1,LOW,0
1699,2026-03-05,1.0,70.0,70.0,安心食品服務南港展館,摩斯鱈魚堡,飲食,1,LOW,0
1700,2026-03-05,1.0,125.0,125.0,百變全球餐飲,12fit - 特餐_七味蒜香雞胸(b),飲食,1,LOW,0
1701,2026-03-05,1.0,50.0,50.0,安心食品服務南港展館,b夏威夷元氣沙拉50,飲食,1,LOW,0
1702,2026-03-05,1.0,85.0,85.0,安心食品服務南港展館,和風炸雞-大,飲食,1,LOW,0
1703,2026-03-05,1.0,85.0,85.0,安心食品服務南港展館,超級大麥海洋珍珠堡,飲食,1,LOW,0
1704,2026-03-05,1.0,60.0,60.0,安心食品服務南港展館,d摩斯雞塊套加60,飲食,1,LOW,0
1705,2026-03-05,1.0,40.0,40.0,安心食品服務南港展館,冰紅茶-大(新),飲食,1,VERY_LOW,0
1706,2026-03-05,1.0,40.0,40.0,冠樺生活,熟食,飲食,1,VERY_LOW,0
1707,2026-03-05,1.0,40.0,40.0,安心食品服務南港展館,冰紅茶-大(新),飲食,1,VERY_LOW,0
1708,2026-03-06,1.0,40.0,40.0,冠樺生活,熟食,飲食,1,VERY_LOW,0
1709,2026-03-06,1.0,130.0,130.0,欣食旅 南港營業所,餐飲費,飲食,1,LOW,0
1710,2026-03-07,6.0,3.0,18.0,全家便利商店台大二活門市部,列印服務全錄黑白-a4,教育,1,VERY_LOW,4
1711,2026-03-07,1.0,1485.0,1485.0,潤泰旭展,餐飲與食品(f&b),飲食,1,HIGH,0
1712,2026-03-07,1.0,128.0,115.0,傑洛國際台大店,照燒雞肉堡6吋,飲食,1,LOW,0
1713,2026-03-08,1.0,232.0,232.0,吾時食清燉紅燒牛肉麵,母傳原湯清燉牛肉,飲食,1,MID,0
1714,2026-03-08,1.0,234.0,234.0,吾時食清燉紅燒牛肉麵,經典香韻紅燒牛肉,飲食,1,MID,0
1715,2026-03-08,1.0,73.0,73.0,吾時食清燉紅燒牛肉麵,燙青菜,飲食,1,LOW,0
1716,2026-03-08,1.0,35.0,35.0,大仟飲料店,芽香綠金萱(l),飲食,1,VERY_LOW,0
1717,2026-03-08,1.0,65.0,65.0,大仟飲料店,茶中香檳鮮奶茶(l),飲食,1,LOW,0
1718,2026-03-08,1.0,35.0,35.0,歐特儀市民廣場地下停車場,停車費,交通,1,VERY_LOW,1
1719,2026-03-08,1.0,100.0,100.0,臺北大眾捷運內湖線南港展覽館站,桌球場,娛樂,1,LOW,3
1720,2026-03-08,1.0,100.0,100.0,臺北大眾捷運內湖線南港展覽館站,桌球場,娛樂,1,LOW,3
1721,2026-03-08,1.0,175.0,175.0,冠誠生活,輕食咖啡廳,飲食,1,MID,0
1722,2026-03-08,1.0,10.0,10.0,大仟飲料店,無糖 / 微冰 / 白玉珍珠,飲食,1,VERY_LOW,0
1723,2026-03-08,1.0,119.0,119.0,寶雅國際板橋中山,勁威 超薄型衛生套24入,購物,1,LOW,2
1724,2026-03-09,1.0,500.0,500.0,冠樺生活,餐廳,飲食,1,HIGH,0
1725,2026-03-09,1.0,35.0,35.0,正好停樹林車站停車場,parking fee,交通,1,VERY_LOW,1
1726,2026-03-09,1.0,45.0,45.0,作燴餐飲科技,麻古茶坊 - 高山金萱茶(l),飲食,1,VERY_LOW,0
1727,2026-03-10,1.0,110.0,110.0,詠觀國際,清爽沙拉飯,飲食,1,LOW,0
1728,2026-03-10,1.0,45.0,45.0,全家便利商店台大二活門市部,大冰美式,飲食,1,VERY_LOW,0
1729,2026-03-10,1.0,25.0,25.0,全家便利商店台大二活門市部,重乳奶茶tp330,飲食,1,VERY_LOW,0
1730,2026-03-10,1.0,45.0,45.0,詠觀國際,烤雞(熟),飲食,1,VERY_LOW,0
1731,2026-03-11,1.0,35.0,35.0,陌生人商行,芽香綠金萱(l),飲食,1,VERY_LOW,0
1732,2026-03-11,1.0,10.0,10.0,陌生人商行,無糖 / 微冰 / 白玉珍珠,飲食,1,VERY_LOW,0
1733,2026-03-11,1.0,35.0,35.0,正好停樹林車站停車場,parking fee,交通,1,VERY_LOW,1
1734,2026-03-11,1.0,170.0,170.0,九南商行,黑蒜豚骨拉麵,飲食,1,MID,0
1735,2026-03-11,1.0,150.0,150.0,九南商行,韓式泡菜拉麵,飲食,1,MID,0
1736,2026-03-11,1.0,30.0,30.0,九南商行,糖心蛋(兩片),飲食,1,VERY_LOW,0
1737,2026-03-11,1.0,15.0,15.0,九南商行,配料,飲食,1,VERY_LOW,0
1738,2026-03-11,1.0,35.0,35.0,九南商行,涼拌豆干絲,飲食,1,VERY_LOW,0
1739,2026-03-11,1.0,45.0,45.0,全家便利商店台大二活門市部,大冰美式,飲食,1,VERY_LOW,0
1740,2026-03-11,1.0,40.0,40.0,冠樺生活,熟食,飲食,1,VERY_LOW,0
1741,2026-03-11,4.58,30.4,140.0,永錡大安加油站,95無鉛汽油,交通,1,LOW,1
1742,2026-03-11,1.0,204.0,204.0,冠樺生活,輕食咖啡廳,飲食,1,MID,0
1743,2026-03-12,1.0,35.0,35.0,正好停樹林車站停車場,parking fee,交通,1,VERY_LOW,1
1744,2026-03-12,1.0,42.0,42.0,統一聖娜多堡市站門市部,金塊香蒜-小單位,飲食,1,VERY_LOW,0
1745,2026-03-12,1.0,60.0,60.0,統一聖娜多堡市站門市部,16oz(冰)特選美式咖啡,飲食,1,LOW,0
1746,2026-03-12,1.0,125.0,125.0,百變全球餐飲,12fit - 特餐_七味蒜香雞胸(b),飲食,1,LOW,0
1747,2026-03-12,1.0,40.0,40.0,冠樺生活,熟食,飲食,1,VERY_LOW,0
1748,2026-03-12,1.0,33.0,33.0,統一超商新北市第一四三五,美式原味熱狗,飲食,1,VERY_LOW,0
1749,2026-03-13,1.0,20.0,20.0,冠樺生活,熟食,飲食,1,VERY_LOW,0
1750,2026-03-13,1.0,45.0,45.0,全家便利商店台大二活門市部,大冰美式,飲食,1,VERY_LOW,0
1751,2026-03-13,1.0,380.0,380.0,冠樺生活,熟食,飲食,1,MID,0
1752,2026-03-15,1.0,217.0,217.0,吾時食清燉紅燒牛肉麵,母傳原湯清燉牛肉,飲食,1,MID,0
1753,2026-03-15,1.0,221.0,221.0,吾時食清燉紅燒牛肉麵,五椒麻辣牛肉,飲食,1,MID,0
1754,2026-03-15,1.0,73.0,73.0,吾時食清燉紅燒牛肉麵,燙青菜,飲食,1,LOW,0
1755,2026-03-15,1.0,90.0,90.0,貓啡因商行,紅茶,飲食,1,LOW,0
1756,2026-03-15,1.0,130.0,130.0,貓啡因商行,奶茶,飲食,1,LOW,0
1757,2026-03-15,1.0,130.0,130.0,貓啡因商行,酥脆雞塊,飲食,1,LOW,0
1758,2026-03-15,1.0,80.0,80.0,大仟飲料店,焦糖海鹽鮮奶茶(l),飲食,1,LOW,0
1759,2026-03-15,1.0,35.0,35.0,大仟飲料店,芽香綠金萱(l),飲食,1,VERY_LOW,0
1760,2026-03-15,1.0,50.0,50.0,源湧商行,金萱雙q,飲食,1,LOW,0
1761,2026-03-15,1.0,40.0,40.0,歐特儀市民廣場地下停車場,停車費,交通,1,VERY_LOW,1
1762,2026-03-15,1.0,160.0,160.0,貓啡因商行,西西里榛果塔,飲食,1,MID,0
1763,2026-03-16,1.0,60.0,60.0,統一聖娜多堡市站門市部,16oz(冰)特選美式咖啡,飲食,1,LOW,0
1764,2026-03-16,1.0,42.0,42.0,統一聖娜多堡市站門市部,金塊香蒜-小單位,飲食,1,VERY_LOW,0
1765,2026-03-16,1.0,35.0,35.0,正好停樹林車站停車場,parking fee,交通,1,VERY_LOW,1
1766,2026-03-17,1.0,50.0,50.0,頂尖運動行銷樹林營業所,體適能-全票,娛樂,1,LOW,3
1767,2026-03-17,1.0,100.0,100.0,臺北大眾捷運內湖線南港展覽館站,桌球場,娛樂,1,LOW,3
1768,2026-03-17,1.0,35.0,35.0,正好停樹林車站停車場,parking fee,交通,1,VERY_LOW,1
1769,2026-03-17,1.0,35.0,35.0,陌生人商行,芽香綠金萱(l),飲食,1,VERY_LOW,0
1770,2026-03-18,1.0,35.0,35.0,陌生人商行,芽香綠金萱(l),飲食,1,VERY_LOW,0
1771,2026-03-18,1.0,10.0,10.0,陌生人商行,白玉珍珠 / 無糖 / 微冰,飲食,1,VERY_LOW,0
1772,2026-03-18,1.0,35.0,35.0,正好停樹林車站停車場,parking fee,交通,1,VERY_LOW,1
1773,2026-03-18,1.0,402.0,402.0,冠樺生活,熟食,飲食,1,MID,0
1774,2026-03-18,1.0,60.0,60.0,冠樺生活,熟食,飲食,1,LOW,0
1775,2026-03-18,1.0,30.0,30.0,全家便利商店台大二活門市部,一配經典肉鬆飯糰,飲食,1,VERY_LOW,0
1776,2026-03-18,1.0,45.0,45.0,全家便利商店台大二活門市部,大冰美式,飲食,1,VERY_LOW,0
1777,2026-03-19,2.0,25.0,50.0,統一超商新北市第一四三五,午后時光-重乳奶茶tp330,飲食,1,LOW,0
1778,2026-03-19,3.0,50.0,150.0,統一超商台北市第一0二七,濃萃美式冰咖啡(大),飲食,1,MID,0
1779,2026-03-19,1.0,28.0,28.0,統一超商台北市第一0二七,御選肉鬆飯糰,飲食,1,VERY_LOW,0
1780,2026-03-19,1.0,35.0,35.0,正好停樹林車站停車場,parking fee,交通,1,VERY_LOW,1
1781,2026-03-20,1.0,80.0,80.0,一娘子小吃店,皮蛋乾麵,飲食,1,LOW,0
1782,2026-03-20,1.0,80.0,80.0,一娘子小吃店,皮蛋乾麵,飲食,1,LOW,0
1783,2026-03-20,1.0,55.0,55.0,一娘子小吃店,蛤蠣湯,飲食,1,LOW,0
1784,2026-03-20,1.0,29.0,29.0,全家便利商店台大二活門市部,fmc鹼性離子水800ml,飲食,1,VERY_LOW,0
1785,2026-03-20,1.0,40.0,40.0,一娘子小吃店,燙青菜,飲食,1,VERY_LOW,0
1786,2026-03-20,1.0,60.0,60.0,一娘子小吃店,餛飩湯,飲食,1,LOW,0
1787,2026-03-20,1.0,45.0,45.0,全家便利商店台大二活門市部,大冰美式,飲食,1,VERY_LOW,0
1788,2026-03-21,1.0,270.0,270.0,貓啡因商行,白醬嫩煎雞肉 寬扁麵,飲食,1,MID,0
1789,2026-03-21,1.0,270.0,270.0,貓啡因商行,青醬嫩煎雞肉 寬扁麵,飲食,1,MID,0
1790,2026-03-21,1.0,90.0,90.0,貓啡因商行,紅茶,飲食,1,LOW,0
1791,2026-03-21,1.0,15.0,15.0,統一超商台北縣第四一六,台灣黑輪,飲食,1,VERY_LOW,0
1792,2026-03-21,1.0,25.0,25.0,統一超商台北縣第四一六,手工高麗菜捲,飲食,1,VERY_LOW,0
1793,2026-03-21,1.0,16.0,16.0,統一超商台北縣第四一六,虱目魚丸,飲食,1,VERY_LOW,0
1794,2026-03-21,1.0,120.0,120.0,貓啡因商行,多多綠茶,飲食,1,LOW,0
1795,2026-03-22,1.0,179.0,179.0,丞品時光,米香炙牛燃麵套餐,飲食,1,MID,0
1796,2026-03-22,1.0,35.0,35.0,丞品時光,麻辣嫩鴨血,飲食,1,VERY_LOW,0
1797,2026-03-22,1.0,20.0,20.0,丞品時光,經典摃丸湯,飲食,1,VERY_LOW,0
1798,2026-03-22,1.0,239.0,239.0,丞品時光,蟹黃流金拌麵套餐,飲食,1,MID,0
1799,2026-03-22,1.0,79.0,79.0,丞品時光,蟹黃流金拌麵-加倍蟹蟹,飲食,1,LOW,0
1800,2026-03-22,1.0,10.0,10.0,歐特儀市民廣場地下停車場,停車費,交通,1,VERY_LOW,1
1801,2026-03-22,1.0,10.0,10.0,歐特儀市民廣場地下停車場,停車費,交通,1,VERY_LOW,1
1802,2026-03-22,1.0,110.0,110.0,丞品時光,紅油口水雞,飲食,1,LOW,0
1803,2026-03-23,1.0,125.0,125.0,百變全球餐飲,12fit - 特餐_七味蒜香雞胸(b),飲食,1,LOW,0
1804,2026-03-23,1.0,60.0,60.0,統一聖娜多堡市站門市部,16oz(冰)特選美式咖啡,飲食,1,LOW,0
1805,2026-03-23,1.0,42.0,42.0,統一聖娜多堡市站門市部,金塊香蒜-小單位,飲食,1,VERY_LOW,0
1806,2026-03-23,1.0,35.0,35.0,正好停樹林車站停車場,parking fee,交通,1,VERY_LOW,1
1807,2026-03-23,2.0,25.0,50.0,統一超商台北市第六八七,手工高麗菜捲,飲食,1,LOW,0
1808,2026-03-23,3.0,25.0,75.0,統一超商台北市第六八七,午后時光-重乳奶茶tp330,飲食,1,LOW,0
1809,2026-03-23,1.0,100.0,100.0,臺北大眾捷運內湖線南港展覽館站,桌球場,娛樂,1,LOW,3
1810,2026-03-23,1.0,40.0,40.0,冠樺生活,熟食,飲食,1,VERY_LOW,0
1811,2026-03-23,1.0,20.0,20.0,統一超商台北市第六八七,滷味香蔥肉丸,飲食,1,VERY_LOW,0
1812,2026-03-23,1.0,20.0,20.0,統一超商台北市第六八七,原味豬肉貢丸(關),飲食,1,VERY_LOW,0
1813,2026-03-24,1.0,35.0,35.0,陌生人商行,芽香綠金萱(l),飲食,1,VERY_LOW,0
1814,2026-03-24,1.0,110.0,110.0,詠觀國際,清爽沙拉飯,飲食,1,LOW,0
1815,2026-03-24,1.0,45.0,45.0,詠觀國際,烤雞(熟),飲食,1,VERY_LOW,0
1816,2026-03-24,1.0,170.0,170.0,九南商行,黑蒜豚骨拉麵,飲食,1,MID,0
1817,2026-03-24,1.0,15.0,15.0,九南商行,配料,飲食,1,VERY_LOW,0
1818,2026-03-24,1.0,40.0,40.0,冠樺生活,熟食,飲食,1,VERY_LOW,0
1819,2026-03-24,3.0,35.0,105.0,全聯實業南港旗艦,芭樂切片包,購物,1,LOW,2
1820,2026-03-24,1.0,45.0,45.0,美味達人樹林中山,菠蘿牛角(北),飲食,1,VERY_LOW,0
1821,2026-03-24,1.0,150.0,150.0,九南商行,韓式泡菜拉麵,飲食,1,MID,0
1822,2026-03-24,1.0,30.0,30.0,九南商行,糖心蛋(兩片),飲食,1,VERY_LOW,0
1823,2026-03-25,1.0,81.0,81.0,潤泰旭展,餐飲與食品(f&b),飲食,1,LOW,0
1824,2026-03-25,1.0,40.0,40.0,冠樺生活,熟食,飲食,1,VERY_LOW,0
1825,2026-03-25,1.0,45.0,45.0,全家便利商店台大二活門市部,大冰美式,飲食,1,VERY_LOW,0
1826,2026-03-25,1.0,3.0,3.0,潤泰旭展,餐飲與食品(f&b),飲食,1,VERY_LOW,0
1827,2026-03-26,1.0,50.0,50.0,源湧商行,金萱雙q,飲食,1,LOW,0
1828,2026-03-26,1.0,35.0,35.0,正好停樹林車站停車場,parking fee,交通,1,VERY_LOW,1
1829,2026-03-26,1.0,28.0,28.0,統一超商台北市第一0二七,御選肉鬆飯糰,飲食,1,VERY_LOW,0
1830,2026-03-27,1.0,1045.0,1045.0,潤泰旭展,餐飲與食品(f&b),飲食,1,HIGH,0
1831,2026-03-27,1.0,35.0,35.0,陌生人商行,芽香綠金萱(l),飲食,1,VERY_LOW,0
1832,2026-03-27,1.0,185.0,185.0,何家甜品鋪公館分店,松露豚骨拉麵,飲食,1,MID,0
1833,2026-03-28,2.0,232.0,464.0,吾時食清燉紅燒牛肉麵,母傳原湯清燉牛肉,飲食,1,MID,0
1834,2026-03-28,1.0,73.0,73.0,吾時食清燉紅燒牛肉麵,燙青菜,飲食,1,LOW,0
1835,2026-03-28,1.0,35.0,35.0,大仟飲料店,芽香綠金萱(l),飲食,1,VERY_LOW,0
1836,2026-03-28,1.0,70.0,70.0,大仟飲料店,牧香穀物鮮奶茶(l),飲食,1,LOW,0
1837,2026-03-28,1.0,10.0,10.0,大仟飲料店,無糖 / 微冰 / 白玉珍珠,飲食,1,VERY_LOW,0
1838,2026-03-28,1.0,260.0,260.0,冠誠生活,輕食咖啡廳,飲食,1,MID,0
1839,2026-03-28,1.0,40.0,40.0,歐特儀市民廣場地下停車場,停車費,交通,1,VERY_LOW,1
1840,2026-03-29,1.0,1015.0,1015.0,三商餐飲樹林,超大炸雞餐,飲食,1,HIGH,0
1841,2026-03-30,1.0,144.0,144.0,遠百企業板橋南雅,864898丸龜製麵,飲食,1,LOW,0
1842,2026-03-30,1.0,175.0,175.0,悠旅生活事業新北市第三十八,摩卡可可碎片大,娛樂,1,MID,3
1843,2026-03-30,1.0,60.0,60.0,路易莎職人咖啡新北圖館,a 美式黑咖啡-中冰,飲食,1,LOW,0
1844,2026-03-31,1.0,35.0,35.0,正好停樹林車站停車場,parking fee,交通,1,VERY_LOW,1
1845,2026-03-31,1.0,110.0,110.0,詠觀國際,清爽沙拉飯,飲食,1,LOW,0
1846,2026-03-31,1.0,45.0,45.0,詠觀國際,烤雞(熟),飲食,1,VERY_LOW,0
1847,2026-03-31,1.0,656.0,656.0,冠樺生活,熟食,飲食,1,HIGH,0
1848,2026-03-31,1.0,45.0,45.0,全家便利商店台大二活門市部,大冰美式,飲食,1,VERY_LOW,0
1849,2026-03-31,1.0,40.0,40.0,冠樺生活,熟食,飲食,1,VERY_LOW,0
1850,2026-04-01,1.0,40.0,40.0,冠樺生活,熟食,飲食,1,VERY_LOW,0
1851,2026-04-01,1.0,35.0,35.0,正好停樹林車站停車場,parking fee,交通,1,VERY_LOW,1
1852,2026-04-02,2.0,15.0,30.0,瀚傑南港展覽店,舒潔袖珍面紙10抽3入,購物,1,VERY_LOW,2
1853,2026-04-02,1.0,35.0,35.0,九南商行,涼拌豆干絲,飲食,1,VERY_LOW,0
1854,2026-04-02,1.0,150.0,150.0,九南商行,韓式泡菜拉麵,飲食,1,MID,0
1855,2026-04-02,1.0,35.0,35.0,正好停樹林車站停車場,parking fee,交通,1,VERY_LOW,1
1856,2026-04-02,1.0,15.0,15.0,九南商行,配料,飲食,1,VERY_LOW,0
1857,2026-04-02,1.0,30.0,30.0,九南商行,糖心蛋(兩片),飲食,1,VERY_LOW,0
1858,2026-04-02,1.0,40.0,40.0,冠樺生活,熟食,飲食,1,VERY_LOW,0
1859,2026-04-02,1.0,170.0,170.0,九南商行,黑蒜豚骨拉麵,飲食,1,MID,0
1860,2026-04-02,1.0,60.0,60.0,安心食品服務南港展館,d摩斯雞塊套加60,飲食,1,LOW,0
1861,2026-04-02,1.0,50.0,50.0,安心食品服務南港展館,中冰摩斯咖啡,飲食,1,LOW,0
1862,2026-04-02,1.0,85.0,85.0,安心食品服務南港展館,超級大麥海洋珍珠堡,飲食,1,LOW,0
1863,2026-04-03,1.0,100.0,100.0,長佳機電工程大安運動中心暨和平籃球館營業所,桌球場,娛樂,1,LOW,3
1864,2026-04-03,1.0,130.0,130.0,欣食旅 南港營業所,餐飲費,飲食,1,LOW,0
1865,2026-04-03,1.0,40.0,40.0,冠樺生活,熟食,飲食,1,VERY_LOW,0
1866,2026-04-03,1.0,20.0,20.0,冠樺生活,熟食,飲食,1,VERY_LOW,0
1867,2026-04-03,1.0,358.0,358.0,冠樺生活,熟食,飲食,1,MID,0
1868,2026-04-03,1.0,30.0,30.0,俥亭停車事業樹林後站營業所,臨停,交通,1,VERY_LOW,1
1869,2026-04-04,1.0,50.0,50.0,星翔飲料店,大1四季春珍波椰,飲食,1,LOW,0
1870,2026-04-04,1.0,160.0,160.0,貓啡因商行,法式乳酪,飲食,1,MID,0
1871,2026-04-04,1.0,90.0,90.0,貓啡因商行,紅茶,飲食,1,LOW,0
1872,2026-04-04,1.0,200.0,200.0,貓啡因商行,楚佛巧克力,飲食,1,MID,0
1873,2026-04-04,1.0,73.0,73.0,吾時食清燉紅燒牛肉麵,燙青菜,飲食,1,LOW,0
1874,2026-04-04,1.0,234.0,234.0,吾時食清燉紅燒牛肉麵,經典香韻紅燒牛肉,飲食,1,MID,0
1875,2026-04-04,1.0,232.0,232.0,吾時食清燉紅燒牛肉麵,母傳原湯清燉牛肉,飲食,1,MID,0
1876,2026-04-04,1.0,120.0,120.0,貓啡因商行,多多綠茶,飲食,1,LOW,0
1877,2026-04-05,1.0,100.0,100.0,玖酷立健康事業,1百,醫療健康,1,LOW,5
1878,2026-04-05,1.0,390.0,390.0,銀杏鍋物,_美國_雪花牛套餐,飲食,1,MID,0
1879,2026-04-05,1.0,370.0,370.0,銀杏鍋物,_美國_嫩肩牛套餐,飲食,1,MID,0
1880,2026-04-05,1.0,390.0,390.0,銀杏鍋物,_美國_雪花牛套餐,飲食,1,MID,0
1881,2026-04-05,1.0,390.0,390.0,銀杏鍋物,_美國_雪花牛套餐,飲食,1,MID,0
1882,2026-04-05,1.0,20.0,20.0,銀杏鍋物,白飯,飲食,1,VERY_LOW,0
1883,2026-04-05,1.0,175.0,175.0,威鯨行,辣豬---o----紅茶(冷),飲食,1,MID,0
1884,2026-04-05,1.0,30.0,30.0,俥亭停車事業樹林後站營業所,臨停,交通,1,VERY_LOW,1
1885,2026-04-05,1.0,30.0,30.0,路易莎職人咖啡新板傑仕堡,美式軟餅乾-黑紳士咖啡巧克力(片),飲食,1,VERY_LOW,0
1886,2026-04-05,1.0,50.0,50.0,路易莎職人咖啡新板傑仕堡,四 四季翠玉青茶-大冰,飲食,1,LOW,0
1887,2026-04-05,1.0,45.0,45.0,全家便利商店新北市第八七二,大冰美式,飲食,1,VERY_LOW,0
1888,2026-04-06,1.0,1529.0,1529.0,潤泰旭展,餐飲與食品(f&b),飲食,1,VERY_HIGH,0
1889,2026-04-06,1.0,100.0,100.0,臺北大眾捷運內湖線南港展覽館站,桌球場,娛樂,1,LOW,3
1890,2026-04-07,1.0,35.0,35.0,全家便利商店新北市第六五五門市部,經典爆汁熱狗,飲食,1,VERY_LOW,0
1891,2026-04-07,1.0,45.0,45.0,全家便利商店台大二活門市部,大冰美式,飲食,1,VERY_LOW,0
1892,2026-04-07,1.0,990.0,990.0,冠樺生活,配件雜貨,購物,1,HIGH,2
1893,2026-04-07,1.0,40.0,40.0,冠樺生活,熟食,飲食,1,VERY_LOW,0
1894,2026-04-07,2.0,25.0,50.0,統一超商新北市第九六八,午后時光-重乳奶茶tp330,飲食,1,LOW,0
1895,2026-04-07,1.0,128.0,115.0,傑洛國際台大店,照燒雞肉堡6吋,飲食,1,LOW,0
1896,2026-04-08,1.0,66.0,66.0,和德昌台北南港,薯條-大,飲食,1,LOW,0
1897,2026-04-08,1.0,45.0,45.0,全家便利商店台大二活門市部,大冰美式,飲食,1,VERY_LOW,0
1898,2026-04-08,1.0,50.0,50.0,和德昌台北南港,冰奶茶,飲食,1,LOW,0
1899,2026-04-08,1.0,124.0,124.0,和德昌台北南港,韓風香蒜雞腿堡,飲食,1,LOW,0
1900,2026-04-08,1.0,109.0,109.0,和德昌台北南港,十塊麥克雞塊,飲食,1,LOW,0
1901,2026-04-09,1.0,45.0,45.0,作燴餐飲科技,teatop南京三民 - 招牌高山青(l),飲食,1,VERY_LOW,0
1902,2026-04-09,1.0,40.0,40.0,一娘子小吃店,燙青菜,飲食,1,VERY_LOW,0
1903,2026-04-09,1.0,100.0,100.0,一娘子小吃店,皮蛋乾麵,飲食,1,LOW,0
1904,2026-04-09,1.0,40.0,40.0,一娘子小吃店,豆干滷蛋海帶,飲食,1,VERY_LOW,0
1905,2026-04-09,1.0,30.0,30.0,俥亭停車事業樹林後站營業所,臨停,交通,1,VERY_LOW,1
1906,2026-04-09,1.0,28.0,28.0,統一超商台北市第一0二七,御選肉鬆飯糰,飲食,1,VERY_LOW,0
1907,2026-04-09,1.0,20.0,20.0,統一超商台北市第一0二七,台灣上等蕉(裸賣),飲食,1,VERY_LOW,0
1908,2026-04-09,1.0,40.0,40.0,冠樺生活,熟食,飲食,1,VERY_LOW,0
1909,2026-04-09,4.27,33.9,145.0,永錡保安加油站,95無鉛汽油,交通,1,LOW,1
1910,2026-04-09,1.0,55.0,55.0,一娘子小吃店,蛤蠣湯,飲食,1,LOW,0
1911,2026-04-09,1.0,100.0,100.0,一娘子小吃店,皮蛋乾麵,飲食,1,LOW,0
1912,2026-04-09,1.0,120.0,120.0,百變全球餐飲,日香雞肉飯 - 私房辣椒雞腿飯(b),飲食,1,LOW,0
1913,2026-04-10,1.0,50.0,50.0,源湧商行,金萱雙q,飲食,1,LOW,0
1914,2026-04-10,1.0,30.0,30.0,遠創智慧,停車費,交通,1,VERY_LOW,1
1915,2026-04-10,1.0,39.0,39.0,統一超商新北市第一四三五,石安牧場溏心蛋飯糰(圓),飲食,1,VERY_LOW,0
1916,2026-04-10,1.0,45.0,45.0,全家便利商店台大二活門市部,大冰美式,飲食,1,VERY_LOW,0
1917,2026-04-11,1.0,120.0,120.0,貓啡因商行,多多綠茶,飲食,1,LOW,0
1918,2026-04-11,1.0,90.0,90.0,貓啡因商行,紅茶,飲食,1,LOW,0
1919,2026-04-11,1.0,40.0,40.0,歐特儀市民廣場地下停車場,停車費,交通,1,VERY_LOW,1
1920,2026-04-11,1.0,160.0,160.0,貓啡因商行,西西里開心果慕斯,飲食,1,MID,0
1921,2026-04-11,1.0,160.0,160.0,貓啡因商行,法式乳酪,飲食,1,MID,0
1922,2026-04-11,1.0,73.0,73.0,吾時食清燉紅燒牛肉麵,燙青菜,飲食,1,LOW,0
1923,2026-04-11,2.0,232.0,464.0,吾時食清燉紅燒牛肉麵,母傳原湯清燉牛肉,飲食,1,MID,0
1924,2026-04-12,1.0,50.0,50.0,源湧商行,金萱雙q,飲食,1,LOW,0
1925,2026-04-13,1.0,60.0,60.0,統一聖娜多堡市站門市部,16oz(冰)特選美式咖啡,飲食,1,LOW,0
1926,2026-04-13,1.0,40.0,40.0,冠樺生活,熟食,飲食,1,VERY_LOW,0
1927,2026-04-13,1.0,278.0,278.0,潤泰旭展,餐飲與食品(f&b),飲食,1,MID,0
1928,2026-04-13,1.0,35.0,35.0,正好停樹林車站停車場,parking fee,交通,1,VERY_LOW,1
1929,2026-04-13,1.0,42.0,42.0,統一聖娜多堡市站門市部,金塊香蒜-小單位,飲食,1,VERY_LOW,0
1930,2026-04-14,1.0,45.0,45.0,全家便利商店台大二活門市部,大冰美式,飲食,1,VERY_LOW,0
1931,2026-04-14,1.0,13.0,13.0,松深食品,pkl330立頓巧克力奶,飲食,1,VERY_LOW,0
1932,2026-04-14,1.0,45.0,45.0,全家便利商店台大二活門市部,大冰美式,飲食,1,VERY_LOW,0
1933,2026-04-14,1.0,110.0,110.0,詠觀國際,清爽沙拉飯,飲食,1,LOW,0
1934,2026-04-14,1.0,45.0,45.0,詠觀國際,烤雞(熟),飲食,1,VERY_LOW,0
1935,2026-04-14,1.0,40.0,40.0,冠樺生活,熟食,飲食,1,VERY_LOW,0
1936,2026-04-14,1.0,380.0,380.0,冠樺生活,熟食,飲食,1,MID,0
1937,2026-04-14,1.0,35.0,35.0,正好停樹林車站停車場,parking fee,交通,1,VERY_LOW,1
1938,2026-04-15,2.0,25.0,50.0,統一超商新北市第九六八,午后時光-重乳奶茶tp330,飲食,1,LOW,0
1939,2026-04-15,1.0,40.0,40.0,冠樺生活,熟食,飲食,1,VERY_LOW,0
1940,2026-04-15,1.0,35.0,35.0,陌生人商行,芽香綠金萱(l),飲食,1,VERY_LOW,0
1941,2026-04-16,1.0,40.0,40.0,冠樺生活,熟食,飲食,1,VERY_LOW,0
1942,2026-04-16,1.0,45.0,45.0,統一超商台北市第一0二七,美式冰咖啡(大),飲食,1,VERY_LOW,0
1943,2026-04-16,1.0,30.0,30.0,統一超商台北市第一0二七,台灣香蕉重量分享包(2入),飲食,1,VERY_LOW,0
1944,2026-04-16,1.0,28.0,28.0,統一超商台北市第一0二七,御選肉鬆飯糰,飲食,1,VERY_LOW,0
1945,2026-04-16,1.0,30.0,30.0,遠創智慧,停車費,交通,1,VERY_LOW,1
1946,2026-04-16,1.0,125.0,125.0,百變全球餐飲,12fit - 特餐_七味蒜香雞胸(b),飲食,1,LOW,0
1947,2026-04-17,1.0,65.0,65.0,路易莎職人咖啡新北圖館,pt 水蜜桃蘋果茶-中冰,飲食,1,LOW,0
1948,2026-04-17,1.0,50.0,50.0,路易莎職人咖啡新北圖館,四 四季翠玉青茶-大冰,飲食,1,LOW,0
1949,2026-04-17,1.0,40.0,40.0,恆木茶行,油切蕎麥茶,飲食,1,VERY_LOW,0
1950,2026-04-18,1.0,10.0,10.0,歐特儀市民廣場地下停車場,停車費,交通,1,VERY_LOW,1
1951,2026-04-19,1.0,30.0,30.0,路易莎職人咖啡新板傑仕堡,美式軟餅乾-黑紳士咖啡巧克力(片),飲食,1,VERY_LOW,0
1952,2026-04-19,1.0,30.0,30.0,路易莎職人咖啡新板傑仕堡,美式軟餅乾-超人氣經典巧克力(片),飲食,1,VERY_LOW,0
1953,2026-04-20,1.0,28.0,28.0,遠百企業板橋南雅,313153精緻丹麥系列/個(a),飲食,1,VERY_LOW,0
1954,2026-04-20,1.0,140.0,140.0,悠旅生活事業新北市第三十八,冰那堤大,飲食,1,LOW,0
1955,2026-04-20,1.0,100.0,100.0,臺北大眾捷運內湖線南港展覽館站,桌球場,娛樂,1,LOW,3
1956,2026-04-20,1.0,100.0,100.0,臺北大眾捷運內湖線南港展覽館站,桌球場,娛樂,1,LOW,3
1957,2026-04-20,1.0,60.0,60.0,路易莎職人咖啡新北圖館,a 美式黑咖啡-中冰,飲食,1,LOW,0
1958,2026-04-21,1.0,35.0,35.0,陌生人商行,芽香綠金萱(l),飲食,1,VERY_LOW,0
1959,2026-04-21,1.0,110.0,110.0,詠觀國際,清爽沙拉飯,飲食,1,LOW,0
1960,2026-04-21,1.0,45.0,45.0,詠觀國際,烤雞(熟),飲食,1,VERY_LOW,0
1961,2026-04-21,1.0,1518.0,1518.0,台灣三井不動產南港,日式料理,飲食,1,VERY_HIGH,0
1962,2026-04-21,1.0,30.0,30.0,俥亭停車事業樹林後站營業所,臨停,交通,1,VERY_LOW,1
1963,2026-04-21,1.0,100.0,100.0,臺北大眾捷運內湖線南港展覽館站,桌球場,娛樂,1,LOW,3
1964,2026-04-21,1.0,30.0,30.0,全家便利商店台大二活門市部,一配經典肉鬆飯糰,飲食,1,VERY_LOW,0
1965,2026-04-21,1.0,45.0,45.0,全家便利商店台大二活門市部,大冰美式,飲食,1,VERY_LOW,0
1966,2026-04-21,1.0,10.0,10.0,陌生人商行,無糖 / 微冰 / 白玉珍珠,飲食,1,VERY_LOW,0
1967,2026-04-22,1.0,170.0,170.0,潤泰旭展,餐飲與食品(f&b),飲食,1,MID,0
1968,2026-04-22,1.0,45.0,45.0,統一超商新北市第一四三五,美式冰咖啡(大),飲食,1,VERY_LOW,0
1969,2026-04-22,1.0,35.0,35.0,陌生人商行,芽香綠金萱(l),飲食,1,VERY_LOW,0
1970,2026-04-22,1.0,25.0,25.0,統一超商台北縣第四一六,章魚燒串,飲食,1,VERY_LOW,0
1971,2026-04-22,1.0,16.0,16.0,統一超商台北縣第四一六,虱目魚丸,飲食,1,VERY_LOW,0
1972,2026-04-22,1.0,40.0,40.0,安心食品服務南港展館,冰紅茶-大(新),飲食,1,VERY_LOW,0
1973,2026-04-22,1.0,60.0,60.0,安心食品服務南港展館,d摩斯雞塊套加60,飲食,1,LOW,0
1974,2026-04-22,1.0,85.0,85.0,安心食品服務南港展館,超級大麥海洋珍珠堡,飲食,1,LOW,0
1975,2026-04-22,1.0,80.0,80.0,安心食品服務南港展館,超級大麥杏鮑菇珍珠堡,飲食,1,LOW,0
1976,2026-04-23,1.0,204.0,204.0,冠樺生活,輕食咖啡廳,飲食,1,MID,0
1977,2026-04-23,1.0,480.0,480.0,冠樺生活,熟食,飲食,1,MID,0
1978,2026-04-23,1.0,30.0,30.0,俥亭停車事業樹林後站營業所,臨停,交通,1,VERY_LOW,1
1979,2026-04-23,1.0,60.0,60.0,統一聖娜多堡市站門市部,16oz(冰)特選美式咖啡,飲食,1,LOW,0
1980,2026-04-23,1.0,42.0,42.0,統一聖娜多堡市站門市部,金塊香蒜-小單位,飲食,1,VERY_LOW,0
1981,2026-04-23,1.0,40.0,40.0,冠樺生活,熟食,飲食,1,VERY_LOW,0
1982,2026-04-24,1.0,85.0,85.0,安心食品服務南港展館,超級大麥海洋珍珠堡,飲食,1,LOW,0
1983,2026-04-24,1.0,40.0,40.0,冠樺生活,熟食,飲食,1,VERY_LOW,0
1984,2026-04-24,1.0,25.0,25.0,全家便利商店台大二活門市部,重乳奶茶tp330,飲食,1,VERY_LOW,0
1985,2026-04-24,1.0,35.0,35.0,全家便利商店台大二活門市部,經典爆汁熱狗,飲食,1,VERY_LOW,0
1986,2026-04-24,1.0,5.0,5.0,全家便利商店台大二活門市部,不沾手番茄芥末醬,飲食,1,VERY_LOW,0
1987,2026-04-24,1.0,35.0,35.0,安心食品服務南港展館,可樂-大(新),飲食,1,VERY_LOW,0
1988,2026-04-24,1.0,70.0,70.0,安心食品服務南港展館,和風雞腿塊-摩斯辣醬,飲食,1,LOW,0
1989,2026-04-24,2.0,45.0,90.0,統一超商新北市第一四三五,美式冰咖啡(大),飲食,1,LOW,0
1990,2026-04-24,1.0,40.0,40.0,安心食品服務南港展館,冰紅茶-大(新),飲食,1,VERY_LOW,0
1991,2026-04-24,1.0,60.0,60.0,安心食品服務南港展館,d摩斯雞塊套加60,飲食,1,LOW,0
1992,2026-04-24,1.0,70.0,70.0,安心食品服務南港展館,摩斯鱈魚堡,飲食,1,LOW,0
1993,2026-04-24,1.0,149.0,134.0,傑洛國際台大店,厚切嫩牛堡6吋,飲食,1,LOW,0
1994,2026-04-25,1.0,252.0,252.0,吾時食清燉紅燒牛肉麵,經典香韻紅燒半筋半肉,飲食,1,MID,0
1995,2026-04-25,1.0,50.0,50.0,星翔飲料店,大1四季春珍波椰,飲食,1,LOW,0
1996,2026-04-25,1.0,120.0,120.0,貓啡因商行,多多綠茶,飲食,1,LOW,0
1997,2026-04-25,1.0,90.0,90.0,貓啡因商行,紅茶,飲食,1,LOW,0
1998,2026-04-25,1.0,160.0,160.0,貓啡因商行,巴斯克蛋糕,飲食,1,MID,0
1999,2026-04-25,1.0,160.0,160.0,貓啡因商行,原味波士頓,飲食,1,MID,0
2000,2026-04-25,1.0,232.0,232.0,吾時食清燉紅燒牛肉麵,母傳原湯清燉牛肉,飲食,1,MID,0
2001,2026-04-25,1.0,73.0,73.0,吾時食清燉紅燒牛肉麵,燙青菜,飲食,1,LOW,0
2002,2026-04-26,1.0,40.0,40.0,九南商行,紅油脆筍,飲食,1,VERY_LOW,0
2003,2026-04-26,1.0,35.0,35.0,九南商行,涼拌豆干絲,飲食,1,VERY_LOW,0
2004,2026-04-26,1.0,170.0,170.0,九南商行,黑蒜豚骨拉麵,飲食,1,MID,0
2005,2026-04-26,1.0,150.0,150.0,九南商行,韓式泡菜拉麵,飲食,1,MID,0
2006,2026-04-26,1.0,30.0,30.0,九南商行,糖心蛋(兩片),飲食,1,VERY_LOW,0
2007,2026-04-26,1.0,15.0,15.0,九南商行,配料,飲食,1,VERY_LOW,0
2008,2026-04-26,1.0,30.0,30.0,冠樺生活,統一h2o純水pet1500,飲食,1,VERY_LOW,0
2009,2026-04-26,1.0,40.0,40.0,冠樺生活,熟食,飲食,1,VERY_LOW,0
2010,2026-04-26,1.0,30.0,30.0,俥亭停車事業樹林後站營業所,臨停,交通,1,VERY_LOW,1
2011,2026-04-27,1.0,50.0,50.0,路易莎職人咖啡新北圖館,四 四季翠玉青茶-大冰,飲食,1,LOW,0
2012,2026-04-27,1.0,174.0,174.0,遠百企業板橋南雅,864898丸龜製麵,飲食,1,MID,0
2013,2026-04-27,1.0,45.0,45.0,統一超商新北市第一四三五,美式熱咖啡(大),飲食,1,VERY_LOW,0
2014,2026-04-27,1.0,55.0,49.0,路易莎職人咖啡新北圖館,深黑巧克脆皮泡芙(個),飲食,1,VERY_LOW,0
2015,2026-04-27,1.0,50.0,50.0,源湧商行,金萱雙q,飲食,1,LOW,0
2016,2026-04-28,1.0,45.0,45.0,詠觀國際,烤雞(熟),飲食,1,VERY_LOW,0
2017,2026-04-28,1.0,45.0,45.0,全家便利商店台大二活門市部,大冰美式,飲食,1,VERY_LOW,0
2018,2026-04-28,1.0,30.0,30.0,全家便利商店台大二活門市部,二配經典肉鬆飯糰,飲食,1,VERY_LOW,0
2019,2026-04-28,1.0,358.0,358.0,冠樺生活,熟食,飲食,1,MID,0
2020,2026-04-28,1.0,40.0,40.0,冠樺生活,熟食,飲食,1,VERY_LOW,0
2021,2026-04-28,1.0,89.0,89.0,統一超商新北市第一四三五,三起司燻腸完熟蕃茄義大利麵,飲食,1,LOW,0
2022,2026-04-28,1.0,30.0,30.0,遠創智慧,停車費,交通,1,VERY_LOW,1
2023,2026-04-28,2.0,25.0,50.0,統一超商新北市第一四三五,午后時光-重乳奶茶tp330,飲食,1,LOW,0
2024,2026-04-28,1.0,110.0,110.0,詠觀國際,清爽沙拉飯,飲食,1,LOW,0
2025,2026-04-29,1.0,35.0,35.0,正好停樹林車站停車場,parking fee,交通,1,VERY_LOW,1
2026,2026-04-29,1.0,30.0,30.0,全家便利商店台大二活門市部,一配經典肉鬆飯糰,飲食,1,VERY_LOW,0
2027,2026-04-29,1.0,45.0,45.0,全家便利商店台大二活門市部,大冰美式,飲食,1,VERY_LOW,0
2028,2026-04-29,1.0,25.0,25.0,全家便利商店台大二活門市部,重乳奶茶tp330,飲食,1,VERY_LOW,0
2029,2026-04-29,1.0,469.0,469.0,冠樺生活,熟食,飲食,1,MID,0
2030,2026-04-29,1.0,40.0,40.0,冠樺生活,熟食,飲食,1,VERY_LOW,0
2031,2026-04-30,1.0,60.0,60.0,統一聖娜多堡市站門市部,16oz(冰)特選美式咖啡,飲食,1,LOW,0
2032,2026-04-30,1.0,150.0,150.0,大姊麵店,小鍋粑粑絲,飲食,1,MID,0
2033,2026-04-30,1.0,125.0,125.0,百變全球餐飲,12fit - 特餐_七味蒜香雞胸(b),飲食,1,LOW,0
2034,2026-04-30,1.0,150.0,150.0,大姊麵店,小鍋米線-不肝,飲食,1,MID,0
2035,2026-04-30,1.0,90.0,90.0,大姊麵店,炒高麗菜,飲食,1,LOW,0
2036,2026-04-30,1.0,42.0,42.0,統一聖娜多堡市站門市部,金塊香蒜-小單位,飲食,1,VERY_LOW,0
2037,2026-04-30,1.0,50.0,50.0,大姊麵店,涼拌小黃瓜,飲食,1,LOW,0
2038,2026-04-30,1.0,40.0,40.0,冠樺生活,熟食,飲食,1,VERY_LOW,0
2039,2026-04-30,1.0,190.0,190.0,大姊麵店,椒麻雞(微辣)-不香菜,飲食,1,MID,0
2040,2026-05-01,1.0,100.0,100.0,長佳機電工程板橋國民運動中心營業所,桌球場,娛樂,1,LOW,3
2041,2026-05-01,1.0,30.0,30.0,遠創智慧,停車費,交通,1,VERY_LOW,1
2042,2026-05-01,1.0,100.0,100.0,長佳機電工程板橋國民運動中心營業所,桌球場,娛樂,1,LOW,3
2043,2026-05-02,1.0,45.0,45.0,御穎企業社,花枝丸x4,飲食,1,VERY_LOW,0
2044,2026-05-02,1.0,155.0,155.0,御穎企業社,精選3號餐,飲食,1,MID,0
2045,2026-05-02,1.0,105.0,105.0,御穎企業社,精選派對餐,飲食,1,LOW,0
2046,2026-05-02,1.0,329.0,329.0,御穎企業社,小分享餐,飲食,1,MID,0
2047,2026-05-02,1.0,50.0,50.0,源湧商行,金萱雙q,飲食,1,LOW,0
2048,2026-05-03,1.0,3099.0,3099.0,富邦媒體科技,clarins 克蘭詩黃金雙萃精華 75ml(國際航空版),購物,1,VERY_HIGH,2
2049,2026-05-03,1.0,100.0,100.0,臺北大眾捷運內湖線南港展覽館站,桌球場,娛樂,1,LOW,3
2050,2026-05-03,1.0,40.0,40.0,歐特儀市民廣場地下停車場,停車費,交通,1,VERY_LOW,1
2051,2026-05-03,2.0,90.0,180.0,貓啡因商行,紅茶,飲食,1,MID,0
2052,2026-05-03,1.0,130.0,130.0,貓啡因商行,奶茶,飲食,1,LOW,0
2053,2026-05-03,1.0,120.0,120.0,貓啡因商行,多多綠茶,飲食,1,LOW,0
2054,2026-05-04,1.0,580.0,580.0,冠樺生活,餐廳,飲食,1,HIGH,0
2055,2026-05-04,1.0,235.0,235.0,冠樺生活,輕食咖啡廳,飲食,1,MID,0
2056,2026-05-04,1.0,40.0,40.0,冠樺生活,熟食,飲食,1,VERY_LOW,0
2057,2026-05-04,1.0,45.0,45.0,統一超商台北市第一0二七,美式冰咖啡(大),飲食,1,VERY_LOW,0
2058,2026-05-04,1.0,28.0,28.0,統一超商台北市第一0二七,御選肉鬆飯糰,飲食,1,VERY_LOW,0
2059,2026-05-05,1.0,32.0,32.0,全家便利商店台大二活門市部,二配板巧克力夾心土司,飲食,1,VERY_LOW,0
2060,2026-05-05,1.0,50.0,50.0,星翔飲料店,大1四季春珍波椰,飲食,1,LOW,0
2061,2026-05-05,1.0,45.0,45.0,全家便利商店台大二活門市部,大冰美式,飲食,1,VERY_LOW,0
2062,2026-05-05,1.0,45.0,45.0,全家便利商店台大二活門市部,大冰美式,飲食,1,VERY_LOW,0
2063,2026-05-05,1.0,28.0,28.0,全家便利商店台大二活門市部,統一ph9鹼性離子水,飲食,1,VERY_LOW,0
2064,2026-05-05,1.0,358.0,358.0,冠樺生活,熟食,飲食,1,MID,0
2065,2026-05-06,1.0,28.0,28.0,全家便利商店台大二活門市部,統一ph9鹼性離子水,飲食,1,VERY_LOW,0
2066,2026-05-06,2.0,25.0,50.0,統一超商新北市第一四三五,午后時光-重乳奶茶tp330,飲食,1,LOW,0
2067,2026-05-06,1.0,45.0,45.0,詠觀國際,烤雞(熟),飲食,1,VERY_LOW,0
2068,2026-05-06,1.0,120.0,120.0,詠觀國際,清爽沙拉飯,飲食,1,LOW,0
2069,2026-05-06,1.0,35.0,35.0,正好停樹林車站停車場,parking fee,交通,1,VERY_LOW,1
2070,2026-05-06,1.0,45.0,45.0,全家便利商店台大二活門市部,大冰美式,飲食,1,VERY_LOW,0
2071,2026-05-07,1.0,125.0,125.0,百變全球餐飲,12fit - 特餐_七味蒜香雞胸(b),飲食,1,LOW,0
2072,2026-05-07,1.0,60.0,60.0,統一聖娜多堡市站門市部,16oz(冰)特選美式咖啡,飲食,1,LOW,0
2073,2026-05-07,1.0,35.0,35.0,正好停樹林車站停車場,parking fee,交通,1,VERY_LOW,1
2074,2026-05-07,1.0,186.0,186.0,潤泰旭展,餐飲與食品(f&b),飲食,1,MID,0
2075,2026-05-07,1.0,42.0,42.0,統一聖娜多堡市站門市部,金塊香蒜-小單位,飲食,1,VERY_LOW,0
2076,2026-05-07,1.0,491.0,491.0,冠樺生活,熟食,飲食,1,MID,0
2077,2026-05-08,1.0,85.0,85.0,安心食品服務南港展館,超級大麥海洋珍珠堡,飲食,1,LOW,0
2078,2026-05-08,1.0,95.0,95.0,安心食品服務南港展館,s腿塊方塊雙拼套餐,飲食,1,LOW,0
2079,2026-05-08,1.0,70.0,70.0,安心食品服務南港展館,摩斯鱈魚堡,飲食,1,LOW,0
2080,2026-05-08,1.0,40.0,40.0,安心食品服務南港展館,冰紅茶-大(新),飲食,1,VERY_LOW,0
2081,2026-05-08,1.0,50.0,50.0,安心食品服務南港展館,b夏威夷元氣沙拉50,飲食,1,LOW,0
2082,2026-05-08,1.0,60.0,60.0,安心食品服務南港展館,d摩斯雞塊套加60,飲食,1,LOW,0
2083,2026-05-08,1.0,40.0,40.0,安心食品服務南港展館,冰紅茶-大(新),飲食,1,VERY_LOW,0
2084,2026-05-08,1.0,45.0,45.0,全家便利商店台大二活門市部,大冰美式,飲食,1,VERY_LOW,0
2085,2026-05-08,1.0,28.0,28.0,全家便利商店台大二活門市部,統一ph9鹼性離子水,飲食,1,VERY_LOW,0
2086,2026-05-09,1.0,40.0,40.0,歐特儀市民廣場地下停車場,停車費,交通,1,VERY_LOW,1
2087,2026-05-09,1.0,50.0,50.0,源湧商行,金萱雙q,飲食,1,LOW,0
2088,2026-05-09,1.0,120.0,120.0,貓啡因商行,多多綠茶,飲食,1,LOW,0
2089,2026-05-09,2.0,160.0,320.0,貓啡因商行,原味波士頓,飲食,1,MID,0
2090,2026-05-09,1.0,90.0,90.0,貓啡因商行,紅茶,飲食,1,LOW,0
2091,2026-05-09,1.0,73.0,73.0,吾時食清燉紅燒牛肉麵,燙青菜,飲食,1,LOW,0
2092,2026-05-09,2.0,232.0,464.0,吾時食清燉紅燒牛肉麵,母傳原湯清燉牛肉,飲食,1,MID,0
2093,2026-05-10,1.0,50.0,50.0,頂尖運動行銷樹林營業所,體適能-全票,娛樂,1,LOW,3
2094,2026-05-10,2.0,25.0,50.0,統一超商新北市第一四三五,午后時光-重乳奶茶tp330,飲食,1,LOW,0
2095,2026-05-11,1.0,45.0,45.0,統一超商台北市第一0二七,美式冰咖啡(大),飲食,1,VERY_LOW,0
2096,2026-05-11,1.0,28.0,28.0,統一超商台北市第一0二七,御選肉鬆飯糰,飲食,1,VERY_LOW,0
2097,2026-05-11,1.0,30.0,30.0,統一超商台北市第一0二七,台灣香蕉重量分享包(2入),飲食,1,VERY_LOW,0
2098,2026-05-11,1.0,30.0,30.0,遠創智慧,停車費,交通,1,VERY_LOW,1
2099,2026-05-11,1.0,40.0,40.0,作燴餐飲科技,清心福全新松山 - 極品青茶(l),飲食,1,VERY_LOW,0
2100,2026-05-12,1.0,35.0,35.0,正好停樹林車站停車場,parking fee,交通,1,VERY_LOW,1
2101,2026-05-12,1.0,29.0,29.0,國立臺灣大學生物資源暨農學院附設農業試驗場,三明治冰淇淋,飲食,1,VERY_LOW,0
2102,2026-05-12,1.0,182.0,182.0,潤泰旭展,餐飲與食品(f&b),飲食,1,MID,0
2103,2026-05-12,1.0,72.0,72.0,和德昌台北公館,雙層牛肉堡,飲食,1,LOW,0
2104,2026-05-12,1.0,48.0,48.0,和德昌台北公館,四塊麥克雞塊,飲食,1,VERY_LOW,0
2105,2026-05-12,1.0,491.0,491.0,冠樺生活,熟食,飲食,1,MID,0
2106,2026-05-12,1.0,28.0,28.0,全家便利商店台大二活門市部,統一ph9鹼性離子水,飲食,1,VERY_LOW,0
2107,2026-05-12,1.0,35.0,35.0,全家便利商店台大二活門市部,中冰美式,飲食,1,VERY_LOW,0
2108,2026-05-12,1.0,45.0,45.0,全家便利商店台大二活門市部,大冰美式,飲食,1,VERY_LOW,0
2109,2026-05-13,1.0,560.0,560.0,冠樺生活,餐廳,飲食,1,HIGH,0
2110,2026-05-13,1.0,40.0,40.0,冠樺生活,熟食,飲食,1,VERY_LOW,0
2111,2026-05-13,1.0,10.0,10.0,陌生人商行,無糖 / 微冰 / 白玉珍珠,飲食,1,VERY_LOW,0
2112,2026-05-13,1.0,35.0,35.0,陌生人商行,芽香綠金萱(l),飲食,1,VERY_LOW,0
2113,2026-05-14,1.0,358.0,358.0,冠樺生活,熟食,飲食,1,MID,0
2114,2026-05-14,1.0,40.0,40.0,冠樺生活,熟食,飲食,1,VERY_LOW,0
2115,2026-05-14,1.0,30.0,30.0,遠創智慧,停車費,交通,1,VERY_LOW,1
2116,2026-05-14,1.0,42.0,42.0,統一聖娜多堡市站門市部,金塊香蒜-小單位,飲食,1,VERY_LOW,0
2117,2026-05-14,1.0,60.0,60.0,統一聖娜多堡市站門市部,16oz(冰)特選美式咖啡,飲食,1,LOW,0
2118,2026-05-14,1.0,40.0,40.0,作燴餐飲科技,發發通化 - 芽香綠金萱(l),飲食,1,VERY_LOW,0
2119,2026-05-15,1.0,50.0,50.0,星翔飲料店,大1四季春珍波椰,飲食,1,LOW,0
2120,2026-05-15,1.0,100.0,100.0,長佳機電工程大安運動中心暨和平籃球館營業所,桌球場,娛樂,1,LOW,3
2121,2026-05-16,1.0,90.0,90.0,貓啡因商行,紅茶,飲食,1,LOW,0
2122,2026-05-16,1.0,50.0,50.0,源湧商行,金萱雙q,飲食,1,LOW,0
2123,2026-05-16,1.0,301.0,301.0,吾時食清燉紅燒牛肉麵,母傳原湯清燉牛肉,飲食,1,MID,0
2124,2026-05-16,1.0,73.0,73.0,吾時食清燉紅燒牛肉麵,燙青菜,飲食,1,LOW,0
2125,2026-05-16,1.0,219.0,219.0,吾時食清燉紅燒牛肉麵,經典香韻紅燒牛肉,飲食,1,MID,0
2126,2026-05-16,1.0,40.0,40.0,歐特儀市民廣場地下停車場,停車費,交通,1,VERY_LOW,1
2127,2026-05-16,1.0,120.0,120.0,貓啡因商行,多多綠茶,飲食,1,LOW,0
2128,2026-05-16,1.0,160.0,160.0,貓啡因商行,原味波士頓,飲食,1,MID,0
2129,2026-05-16,1.0,160.0,160.0,貓啡因商行,法式乳酪,飲食,1,MID,0
2130,2026-05-18,2.0,45.0,90.0,統一超商台北市第一0二七,美式冰咖啡(大),飲食,1,LOW,0
2131,2026-05-18,1.0,30.0,30.0,統一超商台北市第一0二七,台灣香蕉重量分享包(2入),飲食,1,VERY_LOW,0
2132,2026-05-18,1.0,28.0,28.0,統一超商台北市第一0二七,御選肉鬆飯糰,飲食,1,VERY_LOW,0
2133,2026-05-18,2.0,50.0,100.0,麻古市政門市,金萱雙q,飲食,1,LOW,0
2134,2026-05-18,1.0,35.0,35.0,正好停樹林車站停車場,parking fee,交通,1,VERY_LOW,1
2135,2026-05-18,1.0,120.0,120.0,百變全球餐飲,日香雞肉飯 - 私房辣椒雞腿飯(b),飲食,1,LOW,0
2136,2026-05-19,1.0,35.0,35.0,陌生人商行,芽香綠金萱(l),飲食,1,VERY_LOW,0
2137,2026-05-19,1.0,35.0,35.0,正好停樹林車站停車場,parking fee,交通,1,VERY_LOW,1
2138,2026-05-19,1.0,10.0,10.0,陌生人商行,白玉珍珠 / 無糖 / 微冰,飲食,1,VERY_LOW,0
2139,2026-05-19,1.0,45.0,45.0,詠觀國際,烤雞(熟),飲食,1,VERY_LOW,0
2140,2026-05-19,1.0,120.0,120.0,詠觀國際,清爽沙拉飯,飲食,1,LOW,0
2141,2026-05-19,1.0,100.0,100.0,長佳機電工程大安運動中心暨和平籃球館營業所,桌球場,娛樂,1,LOW,3
2142,2026-05-19,1.0,25.0,25.0,全家便利商店台大二活門市部,重乳奶茶tp330,飲食,1,VERY_LOW,0
2143,2026-05-19,1.0,40.0,40.0,冠樺生活,熟食,飲食,1,VERY_LOW,0
2144,2026-05-20,1.0,40.0,40.0,冠樺生活,熟食,飲食,1,VERY_LOW,0
2145,2026-05-20,1.0,35.0,35.0,陌生人商行,芽香綠金萱(l),飲食,1,VERY_LOW,0
2146,2026-05-20,1.0,35.0,35.0,正好停樹林車站停車場,parking fee,交通,1,VERY_LOW,1
2147,2026-05-20,2.0,35.0,70.0,統一超商新北市第一四三五,(a)統一h2o純水pet2200,飲食,1,LOW,0
2148,2026-05-21,1.0,40.0,40.0,遠百企業板橋南雅,856576可口奶滋鐵觀音口味隨手分享包10,飲食,1,VERY_LOW,0
2149,2026-05-21,1.0,108.0,108.0,遠百企業板橋南雅,291689麥當勞速食餐,飲食,1,LOW,0
2150,2026-05-21,1.0,65.0,65.0,會錳飲料店,飲料,飲食,1,LOW,0
2151,2026-05-21,1.0,39.0,39.0,遠百企業板橋南雅,856574可口奶滋原味隨手分享包100g,飲食,1,VERY_LOW,0
2152,2026-05-22,1.0,120.0,120.0,詠觀國際,清爽沙拉飯,飲食,1,LOW,0
2153,2026-05-22,1.0,45.0,45.0,詠觀國際,烤雞(熟),飲食,1,VERY_LOW,0
2154,2026-05-22,1.0,63.0,63.0,安心食品服務長興門市部,摩斯鱈魚堡,飲食,1,LOW,0
2155,2026-05-22,1.0,54.0,54.0,安心食品服務長興門市部,d摩斯雞塊套加60,飲食,1,LOW,0
2156,2026-05-22,1.0,49.0,49.0,安心食品服務長興門市部,玉米濃湯,飲食,1,VERY_LOW,0
2157,2026-05-22,1.0,37.0,37.0,安心食品服務長興門市部,冰紅茶-大(新),飲食,1,VERY_LOW,0
2158,2026-05-22,1.0,85.0,85.0,安心食品服務長興門市部,s腿塊方塊雙拼套餐,飲食,1,LOW,0
2159,2026-05-22,1.0,69.0,69.0,全家便利商店台大二活門市部,招牌韓式嫩雞胸,飲食,1,LOW,0
2160,2026-05-22,1.0,72.0,72.0,安心食品服務長興門市部,海洋珍珠堡,飲食,1,LOW,0
2161,2026-05-22,1.0,45.0,45.0,全家便利商店台大二活門市部,大冰美式,飲食,1,VERY_LOW,0
2162,2026-05-23,1.0,30.0,30.0,遠創智慧,停車費,交通,1,VERY_LOW,1
2163,2026-05-23,1.0,301.0,301.0,吾時食清燉紅燒牛肉麵,母傳原湯清燉牛肉,飲食,1,MID,0
2164,2026-05-23,1.0,234.0,234.0,吾時食清燉紅燒牛肉麵,經典香韻紅燒牛肉,飲食,1,MID,0
2165,2026-05-23,1.0,73.0,73.0,吾時食清燉紅燒牛肉麵,燙青菜,飲食,1,LOW,0
2166,2026-05-23,1.0,50.0,50.0,源湧商行,金萱雙q,飲食,1,LOW,0
2167,2026-05-23,1.0,129.0,129.0,富利餐飲台北士林,原味脆雞堡餐129,飲食,1,LOW,0
2168,2026-05-23,1.0,213.0,213.0,富利餐飲台北士林,烤堡xl全明星餐,飲食,1,MID,0
2169,2026-05-23,1.0,1.0,1.0,富利餐飲台北士林,1原蛋,飲食,1,VERY_LOW,0
2170,2026-05-24,1.0,60.0,60.0,路易莎職人咖啡新北圖館,a 美式黑咖啡-中冰,飲食,1,LOW,0
2171,2026-05-24,1.0,100.0,100.0,臺北大眾捷運內湖線南港展覽館站,桌球場,娛樂,1,LOW,3
2172,2026-05-24,1.0,20.0,20.0,歐特儀新北市立圖書館地下停車場,停車費,交通,1,VERY_LOW,1
2173,2026-05-24,1.0,50.0,50.0,源湧商行,金萱雙q,飲食,1,LOW,0
2174,2026-05-25,1.0,184.0,184.0,遠百企業板橋南雅,864898丸龜製麵,飲食,1,MID,0
2175,2026-05-25,2.0,25.0,50.0,統一超商新北市第一四三五,午后時光-重乳奶茶tp330,飲食,1,LOW,0
2176,2026-05-25,1.0,70.0,70.0,路易莎職人咖啡新北圖館,麥香三明治-香燻雞肉,飲食,1,LOW,0
2177,2026-05-25,1.0,60.0,60.0,路易莎職人咖啡新北圖館,a 美式黑咖啡-中冰,飲食,1,LOW,0
2178,2026-05-25,1.0,50.0,50.0,路易莎職人咖啡捷運市府,四 四季翠玉青茶-大冰,飲食,1,LOW,0
2179,2026-05-26,1.0,45.0,45.0,詠觀國際,烤雞(熟),飲食,1,VERY_LOW,0
2180,2026-05-26,1.0,45.0,45.0,全家便利商店台大二活門市部,大冰美式,飲食,1,VERY_LOW,0
2181,2026-05-26,1.0,35.0,35.0,正好停樹林車站停車場,parking fee,交通,1,VERY_LOW,1
2182,2026-05-26,9.0,3.0,27.0,統一超商新北市第一四三五,a4黑白列印ibon,教育,1,VERY_LOW,4
2183,2026-05-26,1.0,120.0,120.0,詠觀國際,清爽沙拉飯,飲食,1,LOW,0
2184,2026-05-26,33.0,3.0,99.0,統一超商新北市第一四三五,a4黑白列印ibon,教育,1,LOW,4
2185,2025-10-08,1.0,25.0,25.0,全聯實業永和成功,黑松沙士加鹽,飲食,2,VERY_LOW,0
2186,2025-10-08,1.0,149.0,149.0,全聯實業永和成功,高露潔密泡牙刷,醫療健康,2,LOW,5
2187,2025-10-08,1.0,299.0,299.0,全聯實業永和成功,奇異果蓬鬆洗髮,購物,2,MID,2
2188,2025-10-08,1.0,30.0,30.0,全聯實業永和成功,智利富士88,飲食,2,VERY_LOW,0
2189,2025-10-08,1.0,49.0,49.0,全聯實業永和成功,蕉滴滴,飲食,2,VERY_LOW,0
2190,2025-10-09,1.0,28.0,28.0,全聯實業永和成功,享活有機黑木耳,飲食,2,VERY_LOW,0
2191,2025-10-09,1.0,31.0,31.0,全聯實業永和成功,泰山紅豆湯,飲食,2,VERY_LOW,0
2192,2025-10-09,1.0,45.0,45.0,全聯實業永和成功,日本土歧蘋果46,飲食,2,VERY_LOW,0
2193,2025-10-10,1.0,35.0,35.0,統一超商新北市第九三三,(a)統一h2o純水pet2200,飲食,2,VERY_LOW,0
2194,2025-10-10,1.0,35.0,35.0,統一超商新北市第九三三,多喝水pet2000,飲食,2,VERY_LOW,0
2195,2025-10-10,1.0,10.0,10.0,笑笑笑國際台北公館,永丰宜定頁25k筆記本,教育,2,VERY_LOW,4
2196,2025-10-10,1.0,44.0,44.0,笑笑笑國際台北公館,加新入袋a4單線簿白,教育,2,VERY_LOW,4
2197,2025-10-11,1.0,30.0,30.0,全聯實業永和成功,隨緣紅燒嫩菇麵,飲食,2,VERY_LOW,0
2198,2025-10-11,1.0,30.0,30.0,全聯實業永和成功,隨緣沙茶豆腐麵,飲食,2,VERY_LOW,0
2199,2025-10-11,1.0,45.0,45.0,全聯實業永和成功,多喝水鹼性竹炭,飲食,2,VERY_LOW,0
2200,2025-10-11,5.0,20.0,100.0,全聯實業永和成功,陽光金圓頭52,購物,2,LOW,2
2201,2025-10-12,1.0,38.0,38.0,全聯實業永和成功,澳洲茂谷柑80,飲食,2,VERY_LOW,0
2202,2025-10-12,1.0,30.0,30.0,全聯實業永和成功,智利富士88,飲食,2,VERY_LOW,0
2203,2025-10-12,1.0,55.0,55.0,全聯實業永和成功,蕉滴滴,飲食,2,LOW,0
2204,2025-10-15,1.0,1.0,1.0,飛捷廣告印刷公館,影印費,教育,2,VERY_LOW,4
2205,2025-10-15,1.0,1.0,1.0,飛捷廣告印刷公館,影印費,教育,2,VERY_LOW,4
2206,2025-10-15,1.0,1.0,1.0,飛捷廣告印刷公館,影印費,教育,2,VERY_LOW,4
2207,2025-10-15,1.0,102.0,102.0,飛捷廣告印刷公館,影印費,教育,2,LOW,4
2208,2025-10-15,1.0,49.0,49.0,笑笑笑國際台北公館,珠友a4手提單層網紗袋,教育,2,VERY_LOW,4
2209,2025-10-15,1.0,32.0,32.0,笑笑笑國際台北公館,plus 48-112修正帶,教育,2,VERY_LOW,4
2210,2025-10-15,1.0,36.0,36.0,笑笑笑國際台北公館,百樂g2 07鋼珠筆藍,教育,2,VERY_LOW,4
2211,2025-10-15,1.0,39.0,39.0,全聯實業永和成功,寶山黑糖麻糬手,飲食,2,VERY_LOW,0
2212,2025-10-15,1.0,1.0,1.0,飛捷廣告印刷公館,影印費,教育,2,VERY_LOW,4
2213,2025-10-16,1.0,19.0,19.0,全聯實業永和成功,美粒果蜜桃蘇打,飲食,2,VERY_LOW,0
2214,2025-10-17,1.0,39.0,39.0,三商家購永和秀朗二,心樸元氣純水6200ml,飲食,2,VERY_LOW,0
2215,2025-10-17,1.0,1338.0,1338.0,遠東百貨板橋,餐飲,飲食,2,HIGH,0
2216,2025-10-17,1.0,115.0,115.0,聖必嘉健康餐館,健康蔬活菜飯(餐盒),飲食,2,LOW,0
2217,2025-10-18,1.0,79.0,79.0,全聯實業永和成功,優生酒精濕巾,購物,2,LOW,2
2218,2025-10-18,1.0,69.0,69.0,全聯實業永和成功,質立藍莓冰淇淋,飲食,2,LOW,0
2219,2025-10-18,1.0,50.0,50.0,全聯實業永和成功,多喝水鹼性竹炭,飲食,2,LOW,0
2220,2025-10-18,1.0,140.0,140.0,台灣屈臣氏個人用品商店得和,r麻-斯斯鼻炎膠囊 10粒,醫療健康,2,LOW,5
2221,2025-10-18,1.0,49.0,49.0,台灣屈臣氏個人用品商店得和,屈臣氏袖珍面紙10抽28入柴犬工房,購物,2,VERY_LOW,2
2222,2025-10-18,1.0,69.0,69.0,台灣屈臣氏個人用品商店得和,屈臣氏柔淨洗臉巾70片抽取式,購物,2,LOW,2
2223,2025-10-18,1.0,79.0,79.0,台灣屈臣氏個人用品商店得和,曼秀雷敦涼舒薄荷精油棒10g,醫療健康,2,LOW,5
2224,2025-10-18,1.0,125.0,125.0,台灣屈臣氏個人用品商店得和,曼秀雷敦涼舒薄荷滾珠精油棒72ml,醫療健康,2,LOW,5
2225,2025-10-19,1.0,78.0,78.0,京站實業,食品,飲食,2,LOW,0
2226,2025-10-19,1.0,129.0,129.0,京站實業,食品,飲食,2,LOW,0
2227,2025-10-19,1.0,123.0,123.0,全聯實業永和成功,倍潔雅柔軟抽衛,購物,2,LOW,2
2228,2025-10-19,1.0,48.0,48.0,全聯實業永和成功,味丹多喝水,飲食,2,VERY_LOW,0
2229,2025-10-19,1.0,27.0,27.0,三商家購永和四維,統一麥香阿薩姆奶茶600ml,飲食,2,VERY_LOW,0
2230,2025-10-19,1.0,39.0,39.0,全聯實業永和成功,威猛潔廁凝膠,購物,2,VERY_LOW,2
2231,2025-10-20,1.0,29.0,29.0,全聯實業永和成功,隨緣紅燒嫩菇麵,飲食,2,VERY_LOW,0
2232,2025-10-20,2.0,15.0,30.0,全聯實業永和成功,美國加拉125,購物,2,VERY_LOW,2
2233,2025-10-20,1.0,39.0,39.0,全聯實業永和成功,起司qq球,飲食,2,VERY_LOW,0
2234,2025-10-20,1.0,39.0,39.0,全聯實業永和成功,丹麥奶酥菠蘿,飲食,2,VERY_LOW,0
2235,2025-10-21,1.0,49.0,49.0,全聯實業永和成功,蕉滴滴,飲食,2,VERY_LOW,0
2236,2025-10-22,1.0,236.0,236.0,大馬勝光,sf04 炒粿條-小辣,飲食,2,MID,0
2237,2025-10-22,1.0,64.0,64.0,大馬勝光,d06 怡保白咖啡 - 冰,飲食,2,LOW,0
2238,2025-10-22,1.0,236.0,236.0,大馬勝光,vg01 椰漿飯配雜菜咖哩,飲食,2,MID,0
2239,2025-10-22,1.0,52.0,52.0,傑洛國際台大店,起司蛋堡,飲食,2,LOW,0
2240,2025-10-22,1.0,64.0,64.0,大馬勝光,d08 豆漿仙草,飲食,2,LOW,0
2241,2025-10-22,1.0,20.0,20.0,全聯實業永和成功,多喝水鹼性竹炭,飲食,2,VERY_LOW,0
2242,2025-10-22,1.0,65.0,65.0,美德耐台大卓越商場,(學)極饗-真飽香辣麻醬涼麵,飲食,2,LOW,0
2243,2025-10-22,1.0,42.0,42.0,美德耐台大卓越商場,(吊)玫瑰鹽水煮蛋,飲食,2,VERY_LOW,0
2244,2025-10-23,1.0,178.0,178.0,京站實業,食品,飲食,2,MID,0
2245,2025-10-24,1.0,49.0,49.0,全家便利商店台中市第五五二,真松露巧克力奶蓋雪糕,飲食,2,VERY_LOW,0
2246,2025-10-24,1.0,40.0,40.0,全家便利商店台中市第五五二,niseko海鹽焦糖雪糕,飲食,2,VERY_LOW,0
2247,2025-10-24,1.0,49.0,49.0,全家便利商店台中市第五五二,反烤焦糖布丁蛋糕,飲食,2,VERY_LOW,0
2248,2025-10-24,1.0,36.0,36.0,全家便利商店台中市第五五二,愛之味寒天檸檬,飲食,2,VERY_LOW,0
2249,2025-10-24,1.0,35.0,35.0,全家便利商店台中市第五九,二配芝麻香鬆飯糰,飲食,2,VERY_LOW,0
2250,2025-10-26,1.0,22.0,22.0,全聯實業永和成功,fin補給飲料,飲食,2,VERY_LOW,0
2251,2025-10-26,1.0,138.0,138.0,京站實業,食品,飲食,2,LOW,0
2252,2025-10-26,1.0,48.0,48.0,全聯實業永和成功,味丹多喝水,飲食,2,VERY_LOW,0
2253,2025-10-28,1.0,50.0,50.0,全聯實業永和成功,多喝水鹼性竹炭,飲食,2,LOW,0
2254,2025-10-28,1.0,77.0,77.0,全聯實業永和成功,炸醬麵-素食,飲食,2,LOW,0
2255,2025-10-28,1.0,79.0,79.0,全聯實業永和成功,果繆繆草莓,飲食,2,LOW,0
2256,2025-10-29,1.0,88.0,88.0,樂富食堂,冰火菠蘿油,飲食,2,LOW,0
2257,2025-10-29,1.0,52.0,52.0,傑洛國際台大店,起司蛋堡,飲食,2,LOW,0
2258,2025-10-29,1.0,168.0,168.0,樂富食堂,素羅漢齋炒一丁,飲食,2,MID,0
2259,2025-10-30,1.0,100.0,100.0,聖必嘉健康餐館,健康蔬活菜飯(餐盒),飲食,2,LOW,0
2260,2025-10-31,1.0,21.0,21.0,全聯實業永和成功,統一鹼性離子水,飲食,2,VERY_LOW,0
2261,2025-10-31,1.0,50.0,50.0,全聯實業永和成功,多喝水鹼性竹炭,飲食,2,LOW,0
2262,2025-11-01,1.0,139.0,139.0,全聯實業永和成功,乳酪火山布蕾,飲食,2,LOW,0
2263,2025-11-01,1.0,28.0,28.0,全聯實業永和成功,福樂莓果優果昔,飲食,2,VERY_LOW,0
2264,2025-11-01,1.0,119.0,119.0,全聯實業永和成功,好來花香牙膏,購物,2,LOW,2
2265,2025-11-05,1.0,48.0,48.0,全聯實業永和成功,味丹多喝水,飲食,2,VERY_LOW,0
2266,2025-11-05,1.0,360.0,360.0,鐵邦國際事業炎弟公館,餐飲費,飲食,2,MID,0
2267,2025-11-06,1.0,599.0,599.0,燦坤實業新景美,intopic displayport 14版 8k影音線-3m 型號cb-dp-l05,購物,2,HIGH,2
2268,2025-11-06,1.0,21.0,21.0,全聯實業永和成功,統一鹼性離子水,飲食,2,VERY_LOW,0
2269,2025-11-07,1.0,115.0,115.0,聖必嘉健康餐館,健康蔬活菜飯(餐盒),飲食,2,LOW,0
2270,2025-11-08,1.0,32.0,32.0,全聯實業永和成功,喬亞滴濾拿鐵,飲食,2,VERY_LOW,0
2271,2025-11-08,1.0,50.0,50.0,全聯實業永和成功,多喝水鹼性竹炭,飲食,2,LOW,0
2272,2025-11-08,2.0,36.0,72.0,全聯實業永和成功,什麼丸意兒梅子,飲食,2,LOW,0
2273,2025-11-08,1.0,36.0,36.0,全聯實業永和成功,kirin 午後奶茶,飲食,2,VERY_LOW,0
2274,2025-11-09,1.0,50.0,50.0,全聯實業永和成功,多喝水鹼性竹炭,飲食,2,LOW,0
2275,2025-11-09,1.0,20.0,20.0,全家便利商店西站,悅氏light鹼性水,飲食,2,VERY_LOW,0
2276,2025-11-09,1.0,39.0,39.0,全聯實業永和成功,寶山黑糖麻糬手,飲食,2,VERY_LOW,0
2277,2025-11-10,1.0,29.0,29.0,全聯實業永和成功,優意思蜜桃優格,飲食,2,VERY_LOW,0
2278,2025-11-10,1.0,110.0,110.0,詠觀國際,清爽沙拉飯,飲食,2,LOW,0
2279,2025-11-10,1.0,45.0,45.0,詠觀國際,馬鈴薯沙拉(熟),飲食,2,VERY_LOW,0
2280,2025-11-12,1.0,55.0,55.0,全聯實業永和成功,蕉滴滴,飲食,2,LOW,0
2281,2025-11-12,1.0,50.0,50.0,全聯實業永和成功,多喝水鹼性竹炭,飲食,2,LOW,0
2282,2025-11-14,1.0,47.0,47.0,全聯實業永和成功,抹茶本味,飲食,2,VERY_LOW,0
2283,2025-11-14,1.0,50.0,50.0,全聯實業永和成功,多喝水鹼性竹炭,飲食,2,LOW,0
2284,2025-11-14,1.0,169.0,169.0,全聯實業永和成功,無患子沐浴檸檬,購物,2,MID,2
2285,2025-11-15,1.0,29.0,29.0,全聯實業永和成功,隨緣沙茶豆腐麵,飲食,2,VERY_LOW,0
2286,2025-11-17,1.0,48.0,48.0,全聯實業永和成功,味丹多喝水,飲食,2,VERY_LOW,0
2287,2025-11-18,1.0,99.0,99.0,統一超商新北市第九五七,(蔬)祥和川味水煮牛若燴飯,飲食,2,LOW,0
2288,2025-11-20,2.0,49.5,99.0,台灣屈臣氏個人用品商店學士,darlie好來專業牙齦護理牙刷,醫療健康,2,LOW,5
2289,2025-11-20,1.0,49.0,49.0,全家便利商店台中市第五九,杯裝起司蛋糕霜淇淋,飲食,2,VERY_LOW,0
2290,2025-11-21,1.0,105.0,105.0,享諨學士,便當,飲食,2,LOW,0
2291,2025-11-22,1.0,1490.0,1490.0,荷蘭商愛特思台灣波絲卡中友店,褲子,購物,2,HIGH,2
2292,2025-11-22,1.0,29.0,29.0,全家便利商店台中市第六五二,fmc鹼性離子水800ml,飲食,2,VERY_LOW,0
2293,2025-11-23,1.0,85.0,85.0,三角龍商行,青檸甘蔗蕎麥綠寶,飲食,2,LOW,0
2294,2025-11-24,1.0,50.0,50.0,全聯實業永和成功,多喝水鹼性竹炭,飲食,2,LOW,0
2295,2025-11-24,1.0,119.0,119.0,全聯實業永和成功,好來小蘇打牙刷,醫療健康,2,LOW,5
2296,2025-11-24,1.0,370.0,370.0,泡泡瑪特台灣西門町店,玩具公仔,娛樂,2,MID,3
2297,2025-11-24,1.0,52.0,52.0,傑洛國際台大店,起司蛋堡,飲食,2,LOW,0
2298,2025-11-26,1.0,29.0,29.0,統一超商台北市第350,黑松fin好菌補給飲pet580,飲食,2,VERY_LOW,0
2299,2025-11-26,1.0,680.0,680.0,鐵邦國際事業炎弟公館,餐飲費,飲食,2,HIGH,0
2300,2025-11-26,1.0,15.0,15.0,統一超商台北市第350,舒潔袖珍面紙10抽3入,購物,2,VERY_LOW,2
2301,2025-11-26,1.0,28.0,28.0,全聯實業永和成功,雙響泡日式雞白,飲食,2,VERY_LOW,0
2302,2025-11-26,2.0,15.0,30.0,全聯實業永和成功,美國加拉125,購物,2,VERY_LOW,2
2303,2025-11-26,1.0,30.0,30.0,全聯實業永和成功,味味a 川香椒麻,飲食,2,VERY_LOW,0
2304,2025-11-26,1.0,39.0,39.0,全聯實業永和成功,三重起司麵包,飲食,2,VERY_LOW,0
2305,2025-11-26,4.0,15.0,60.0,全聯實業永和成功,紐綠果104,購物,2,LOW,2
2306,2025-11-28,1.0,52.0,52.0,微風場站開發,餐飲-麥當勞,飲食,2,LOW,0
2307,2025-11-28,6.0,55.0,330.0,微風場站開發,阿聰師芋單,飲食,2,MID,0
2308,2025-11-28,1.0,400.0,400.0,微風場站開發,食品,飲食,2,MID,0
2309,2025-11-28,1.0,56.0,56.0,笑笑笑國際台北公館,萬事捷uchida粗字油漆筆300-s/白,教育,2,LOW,4
2310,2025-11-28,1.0,56.0,56.0,笑笑笑國際台北公館,萬事捷uchida粗字油漆筆300-s/黑,教育,2,LOW,4
2311,2025-11-28,2.0,35.0,70.0,全家便利商店台北市第三三三門市部,黑松沙士,飲食,2,LOW,0
2312,2025-11-28,2.0,35.0,70.0,全家便利商店台北市第三三三門市部,波的多濃厚蚵仔煎洋芋片,飲食,2,LOW,0
2313,2025-11-28,1.0,30.0,30.0,全家便利商店台北市第三三三門市部,乖乖奶油椰子,飲食,2,VERY_LOW,0
2314,2025-11-28,1.0,35.0,35.0,全家便利商店台北市第三三三門市部,真魷味紅燒口味82g,飲食,2,VERY_LOW,0
2315,2025-11-28,2.0,20.0,40.0,全家便利商店台北市第三三三門市部,統一大雞蛋布丁,飲食,2,VERY_LOW,0
2316,2025-11-29,1.0,8.0,8.0,笑笑笑國際台北公館,雄獅681油性簽字筆/黑,教育,2,VERY_LOW,4
2317,2025-11-29,1.0,10.0,10.0,笑笑笑國際台北公館,飛龍ns75油性筆黑,教育,2,VERY_LOW,4
2318,2025-11-29,1.0,36.0,36.0,笑笑笑國際台北公館,飛龍nlf50油性筆黑,教育,2,VERY_LOW,4
2319,2025-11-29,10.0,15.0,150.0,全家便利商店公館,健達倍多,飲食,2,MID,0
2320,2025-11-29,1.0,23.0,23.0,全聯實業永和成功,福樂草莓優酪乳,飲食,2,VERY_LOW,0
2321,2025-11-29,1.0,50.0,50.0,全聯實業永和成功,多喝水鹼性竹炭,飲食,2,LOW,0
2322,2025-11-29,1.0,16.0,16.0,笑笑笑國際台北公館,英士no50速乾筆黑,教育,2,VERY_LOW,4
2323,2025-11-30,1.0,370.0,370.0,三創數位,pop mart-動漫生活-玩具公仔,娛樂,2,MID,3
2324,2025-11-30,1.0,594.0,594.0,微風場站開發,餐飲,飲食,2,HIGH,0
2325,2025-11-30,1.0,39.0,39.0,全家便利商店台北市第五二七,酒精擦濕巾,購物,2,VERY_LOW,2
2326,2025-11-30,1.0,39.0,39.0,全家便利商店台北市第五二七,酒精擦濕巾,購物,2,VERY_LOW,2
2327,2025-11-30,1.0,29.0,29.0,全家便利商店台大二活門市部,fmc鹼性離子水800ml,飲食,2,VERY_LOW,0
2328,2025-12-02,1.0,66.0,66.0,和德昌永和得和,薯條-大,飲食,2,LOW,0
2329,2025-12-02,1.0,139.0,139.0,和德昌永和得和,藜麥烤雞沙拉,飲食,2,LOW,0
2330,2025-12-02,1.0,52.0,52.0,和德昌永和得和,麥香魚,飲食,2,LOW,0
2331,2025-12-02,1.0,65.0,65.0,三角龍商行,馥莓蕎麥綠寶,飲食,2,LOW,0
2332,2025-12-03,1.0,365.0,365.0,全聯實業永和成功,consofy三層抽,購物,2,MID,2
2333,2025-12-03,1.0,55.0,55.0,全聯實業永和成功,質立蜂蜜優格,飲食,2,LOW,0
2334,2025-12-03,1.0,32.0,32.0,全聯實業永和成功,冰戀雙旋冰淇淋,飲食,2,VERY_LOW,0
2335,2025-12-04,1.0,39.0,39.0,全聯實業永和成功,寶山黑糖麻糬手,飲食,2,VERY_LOW,0
2336,2025-12-04,1.0,39.0,39.0,全聯實業永和成功,巧克力濃心菠蘿,飲食,2,VERY_LOW,0
2337,2025-12-04,1.0,36.0,36.0,全聯實業永和成功,什麼丸意兒梅子,飲食,2,VERY_LOW,0
2338,2025-12-04,1.0,32.0,32.0,全聯實業永和成功,光泉優質蛋白牛,飲食,2,VERY_LOW,0
2339,2025-12-05,1.0,227.0,227.0,飛捷廣告印刷公館,影印費,教育,2,MID,4
2340,2025-12-05,1.0,55.0,55.0,全聯實業永和成功,蕉滴滴,飲食,2,LOW,0
2341,2025-12-05,1.0,55.0,55.0,全聯實業永和成功,麵大師醬香小醋,飲食,2,LOW,0
2342,2025-12-05,1.0,30.0,30.0,全聯實業永和成功,起司燒,飲食,2,VERY_LOW,0
2343,2025-12-05,1.0,89.0,89.0,全聯實業永和成功,脆皮可可慕斯杯,購物,2,LOW,2
2344,2025-12-05,1.0,50.0,50.0,全聯實業永和成功,多喝水鹼性竹炭,飲食,2,LOW,0
2345,2025-12-07,1.0,139.0,139.0,和德昌永和得和,藜麥辣脆雞沙拉,飲食,2,LOW,0
2346,2025-12-07,1.0,1235.0,1235.0,富康活力民誌藥局,2001556,醫療健康,2,HIGH,5
2347,2025-12-07,1.0,13.0,13.0,富康活力民誌藥局,9000302,醫療健康,2,VERY_LOW,5
2348,2025-12-08,1.0,240.0,240.0,湖心亭國際,卡滋脆皮燒肉螺螄粉,飲食,2,MID,0
2349,2025-12-08,1.0,240.0,240.0,湖心亭國際,卡滋脆皮燒肉螺螄粉,飲食,2,MID,0
2350,2025-12-08,1.0,59.0,59.0,全聯實業永和成功,克潮靈集水袋,飲食,2,LOW,0
2351,2025-12-08,1.0,208.0,208.0,全聯實業永和成功,好來清新淨白組,購物,2,MID,2
2352,2025-12-08,1.0,50.0,50.0,全聯實業永和成功,多喝水鹼性竹炭,飲食,2,LOW,0
2353,2025-12-08,1.0,169.0,169.0,全聯實業永和成功,domori100%黑巧,購物,2,MID,2
2354,2025-12-08,1.0,93.0,93.0,全聯實業永和成功,甘百世黑巧88 %,購物,2,LOW,2
2355,2025-12-08,1.0,39.0,39.0,全聯實業永和成功,巧克力濃心菠蘿,飲食,2,VERY_LOW,0
2356,2025-12-08,1.0,18.0,18.0,全聯實業永和成功,茶裏王日式無糖,飲食,2,VERY_LOW,0
2357,2025-12-08,1.0,149.0,149.0,全聯實業永和成功,無調味核桃,飲食,2,LOW,0
2358,2025-12-08,1.0,129.0,129.0,全聯實業永和成功,老媽蔥香椒麻,飲食,2,LOW,0
2359,2025-12-09,32.0,3.0,96.0,全家便利商店永和國艷,列印服務全錄黑白-a4,教育,2,LOW,4
2360,2025-12-10,1.0,29.0,29.0,全聯實業永和成功,桂格養蔘蜂蜜飲,飲食,2,VERY_LOW,0
2361,2025-12-10,1.0,61.0,61.0,全聯實業永和成功,海鹽焦糖千層酥,飲食,2,LOW,0
2362,2025-12-12,1.0,69.0,69.0,全聯實業永和成功,金脆雞棒腿便當,飲食,2,LOW,0
2363,2025-12-12,1.0,95.0,95.0,全聯實業永和成功,經典排骨便當,飲食,2,LOW,0
2364,2025-12-13,1.0,50.0,50.0,全聯實業永和成功,多喝水鹼性竹炭,飲食,2,LOW,0
2365,2025-12-13,1.0,26.0,26.0,全聯實業永和成功,美國加拉88,購物,2,VERY_LOW,2
2366,2025-12-13,1.0,69.0,69.0,全聯實業永和成功,繽紛鑽石杯,購物,2,LOW,2
2367,2025-12-15,,1.0,329.0,主富服裝公館二店,275,購物,2,MID,2
2368,2025-12-15,,1.0,329.0,主富服裝公館二店,275,購物,2,MID,2
2369,2025-12-16,1.0,55.0,55.0,飛捷廣告印刷公館,影印費,教育,2,LOW,4
2370,2025-12-17,3.0,614.0,1842.0,鑫蒙牛金大鋤中壢門市部,a套餐,飲食,2,VERY_HIGH,0
2371,2025-12-17,1.0,54.0,54.0,鑫蒙牛金大鋤中壢門市部,川味麻辣鍋,飲食,2,LOW,0
2372,2025-12-17,1.0,52.0,52.0,傑洛國際台大店,起司蛋堡,飲食,2,LOW,0
2373,2025-12-17,1.0,50.0,50.0,全聯實業永和成功,多喝水鹼性竹炭,飲食,2,LOW,0
2374,2025-12-19,1.0,55.0,55.0,江江好商行,黃金香橙大吉嶺大,飲食,2,LOW,0
2375,2025-12-20,1.0,50.0,50.0,全聯實業永和成功,多喝水鹼性竹炭,飲食,2,LOW,0
2376,2025-12-20,1.0,59.0,59.0,全聯實業永和成功,福樂覆盆莓優酪,飲食,2,LOW,0
2377,2025-12-22,1.0,213.0,213.0,誠品生活松山,東利多丸龜製麵 烏龍麵丼飯 正價品,飲食,2,MID,0
2378,2025-12-22,1.0,52.0,52.0,傑洛國際台大店,起司蛋堡,飲食,2,LOW,0
2379,2025-12-23,1.0,1.0,1.0,爭鮮北捷外,筷子(計價餐具),飲食,2,VERY_LOW,0
2380,2025-12-23,1.0,50.0,48.0,久研茶飲店,原味嫩仙草凍,飲食,2,VERY_LOW,0
2381,2025-12-24,1.0,105.0,105.0,享諨學士,便當,飲食,2,LOW,0
2382,2025-12-25,1.0,48.0,48.0,全聯實業台中健行,味丹多喝水,飲食,2,VERY_LOW,0
2383,2025-12-25,1.0,49.0,49.0,中友百貨台中,大創 大創百貨,購物,2,VERY_LOW,2
2384,2025-12-25,1.0,329.0,329.0,主富服裝台中三民,2032590003,購物,2,MID,2
2385,2025-12-25,1.0,279.0,250.0,主富服裝台中十三店,2031700205,購物,2,MID,2
2386,2025-12-25,1.0,279.0,250.0,主富服裝台中十三店,2031820003,購物,2,MID,2
2387,2025-12-25,1.0,799.0,799.0,台灣小米通訊台中,xiaomi 電動刮鬍刀 s200 銀色,購物,2,HIGH,2
2388,2025-12-25,1.0,769.0,769.0,台灣小米通訊台中,xiaomi 變焦落地自拍棒,購物,2,HIGH,2
2389,2025-12-25,1.0,329.0,329.0,主富服裝台中三民,2032590005,購物,2,MID,2
2390,2025-12-25,1.0,165.0,165.0,悠旅生活事業中醫門市部,焦糖可可碎片大,飲食,2,MID,0
2391,2025-12-25,1.0,151.0,151.0,悠旅生活事業中醫門市部,冰醇濃抹茶那堤大,飲食,2,MID,0
2392,2025-12-25,1.0,42.0,42.0,全家便利商店台中市第五五二,一配照燒雞肉飯糰,飲食,2,VERY_LOW,0
2393,2025-12-25,1.0,99.0,99.0,中友百貨台中,大創 大創百貨,購物,2,LOW,2
2394,2025-12-25,1.0,113.0,113.0,悠旅生活事業中醫門市部,法式岩漿巧克力,飲食,2,LOW,0
2395,2025-12-25,1.0,66.0,66.0,悠旅生活事業中醫門市部,芋泥可麗露,飲食,2,LOW,0
2396,2025-12-26,1.0,95.0,95.0,勤美台中,31冰淇淋,飲食,2,LOW,0
2397,2025-12-26,1.0,115.0,115.0,享諨學士,便當,飲食,2,LOW,0
2398,2025-12-27,1.0,50.0,50.0,全聯實業永和成功,多喝水鹼性竹炭,飲食,2,LOW,0
2399,2025-12-27,1.0,150.0,150.0,京站實業,食品,飲食,2,MID,0
2400,2025-12-27,1.0,10.0,10.0,京站實業,食品,飲食,2,VERY_LOW,0
2401,2025-12-30,1.0,48.0,48.0,全聯實業永和成功,味丹多喝水,飲食,2,VERY_LOW,0
2402,2025-12-31,1.0,1430.0,1430.0,微風場站開發,伴手禮,購物,2,HIGH,2
2403,2025-12-31,1.0,70.0,70.0,三角龍商行,青梅春烏龍,飲食,2,LOW,0
2404,2026-01-01,1.0,39.0,39.0,全聯實業永和成功,巧克力濃心菠蘿,飲食,2,VERY_LOW,0
2405,2026-01-02,1.0,124.0,124.0,新東陽桃園國際機場第一航廈綜合商場門市部,漢堡王,飲食,2,LOW,0
2406,2026-02-21,1.0,27.0,27.0,三商家購永和得和二,悅氏天然水2200ml,飲食,2,VERY_LOW,0
2407,2026-02-21,1.0,28.0,28.0,三商家購永和得和二,悅氏天然水2200ml,飲食,2,VERY_LOW,0
2408,2026-02-22,1.0,109.0,109.0,笑笑笑國際台北許昌,美琪抗菌洗手露-澄淨白茶700ml,購物,2,LOW,2
2409,2026-02-22,1.0,49.0,49.0,笑笑笑國際台北許昌,hi-five蔬果造型珊瑚絨擦手巾(加厚),購物,2,VERY_LOW,2
2410,2026-02-22,13.0,40.0,520.0,亞洲藏壽司台北館前店,壽司盤,飲食,2,HIGH,0
2411,2026-02-22,1.0,390.0,390.0,台灣優衣庫台北站前店,圓領t恤(短袖),購物,2,MID,2
2412,2026-02-22,1.0,119.0,119.0,台灣屈臣氏個人用品商店得和,lumina棉柔珍珠紋洗臉巾-大胖包,購物,2,LOW,2
2413,2026-02-22,1.0,390.0,390.0,台灣優衣庫台北站前店,圓領t恤(短袖),購物,2,MID,2
2414,2026-02-22,2.0,99.5,199.0,台灣屈臣氏個人用品商店得和,enhance 依涵絲珍珠紋掛抽式洗臉巾120抽加厚版,購物,2,MID,2
2415,2026-02-22,1.0,46.0,46.0,全聯實業永和成功,味丹多喝水,飲食,2,VERY_LOW,0
2416,2026-02-22,1.0,590.0,590.0,台灣優衣庫台北站前店,airism棉質寬版圓領t恤(五分袖),購物,2,HIGH,2
2417,2026-02-22,1.0,169.0,169.0,全聯實業永和成功,無患子檀香沐浴,購物,2,MID,2
2418,2026-02-23,1.0,30.0,30.0,全聯實業永和成功,起司燒,飲食,2,VERY_LOW,0
2419,2026-02-23,1.0,198.0,198.0,傑洛國際台大店,嫩切雞肉堡12吋,飲食,2,MID,0
2420,2026-02-24,1.0,41.0,41.0,全聯實業永和成功,旗山珍珠芭樂,飲食,2,VERY_LOW,0
2421,2026-02-26,1.0,29.0,29.0,全聯實業永和成功,桂格白柚檸檬飲,飲食,2,VERY_LOW,0
2422,2026-02-26,1.0,165.0,165.0,鑫光威登得和營業所,獅子頭雞肉飯-加蔥,飲食,2,MID,0
2423,2026-02-27,1.0,110.0,110.0,嚐鱻食品中山一店,滿意總匯餐,飲食,2,LOW,0
2424,2026-02-27,1.0,65.0,65.0,八中中友,八曜和風,飲食,2,LOW,0
2425,2026-02-28,1.0,172.0,172.0,誠品生活台中市政,台灣東利多丸龜製麵 烏龍麵 正價品,飲食,2,MID,0
2426,2026-02-28,1.0,130.0,130.0,販樂群,雙球冰淇淋,飲食,2,LOW,0
2427,2026-02-28,1.0,1045.0,1045.0,地表最潮審計新創聚落營業所,香氛-+ 加價,購物,2,HIGH,2
2428,2026-02-28,1.0,168.0,267.0,太初,香辣麵里肌,飲食,2,MID,0
2429,2026-02-28,1.0,30.0,30.0,統一超商台中市第四九九,統一h2o純水pet1500,飲食,2,VERY_LOW,0
2430,2026-02-28,1.0,168.0,168.0,太初,香辣麵q雞,飲食,2,MID,0
2431,2026-02-28,1.0,98.0,98.0,太初,經典滷味組合,飲食,2,LOW,0
2432,2026-03-01,1.0,49.0,49.0,全聯實業永和成功,多喝水鹼性竹炭,飲食,2,VERY_LOW,0
2433,2026-03-02,1.0,140.0,140.0,統一生活事業台北市第一七一,r)斯斯咳嗽膠囊,醫療健康,2,LOW,5
2434,2026-03-02,1.0,139.0,139.0,統一生活事業台北市第一七一,愛喜維生素c+鈣口嚼錠清新,醫療健康,2,LOW,5
2435,2026-03-02,1.0,49.0,49.0,台灣善商大直北安門市,2唐揚套餐 味噌湯,飲食,2,VERY_LOW,0
2436,2026-03-02,1.0,184.0,184.0,台灣善商大直北安門市,燒烤美乃雞丼 飯大,飲食,2,MID,0
2437,2026-03-03,1.0,32.0,32.0,全家便利商店台大二活門市部,二配花生夾心土司,飲食,2,VERY_LOW,0
2438,2026-03-05,1.0,49.0,49.0,美德耐台大卓越商場,起司四合奏三明治,飲食,2,VERY_LOW,0
2439,2026-03-08,1.0,80.0,80.0,京站實業,食品,飲食,2,LOW,0
2440,2026-03-08,1.0,45.0,45.0,台灣山崎台北中山營業所,鮮奶芋泥,飲食,2,VERY_LOW,0
2441,2026-03-09,1.0,49.0,49.0,美德耐台大卓越商場,鮪魚洋芋溏心蛋三明治,飲食,2,VERY_LOW,0
2442,2026-03-10,1.0,52.0,52.0,傑洛國際台大店,起司蛋堡,飲食,2,LOW,0
2443,2026-03-10,1.0,125.0,113.0,傑洛國際台大店,香烤雞肉堡6吋,飲食,2,LOW,0
2444,2026-03-11,1.0,920.0,920.0,鐵邦國際事業炎弟公館,餐飲費,飲食,2,HIGH,0
2445,2026-03-12,1.0,45.0,45.0,全家便利商店台大二活門市部,雞蛋沙拉三明治,飲食,2,VERY_LOW,0
2446,2026-03-13,4.0,658.0,2632.0,王品餐飲肉次方台北南京東店,658 成人,飲食,2,VERY_HIGH,0
2447,2026-03-13,1.0,263.0,263.0,王品餐飲肉次方台北南京東店,服務費,飲食,2,MID,0
2448,2026-03-13,4.0,79.0,316.0,王品餐飲肉次方台北南京東店,(贈)扇貝,飲食,2,MID,0
2449,2026-03-14,1.0,46.0,46.0,全聯實業永和成功,味丹多喝水,飲食,2,VERY_LOW,0
2450,2026-03-14,1.0,150.0,150.0,發娛樂微風南山門市,heypoca - 小卡,購物,2,MID,2
2451,2026-03-14,1.0,150.0,150.0,發娛樂微風南山門市,heypoca - 小卡,購物,2,MID,2
2452,2026-03-15,1.0,99.0,99.0,全家便利商店永和國艷,剝皮辣椒雞奶油細扁麵,飲食,2,LOW,0
2453,2026-03-15,1.0,15.0,15.0,全家便利商店永和國艷,麥香奶茶tp375,飲食,2,VERY_LOW,0
2454,2026-03-15,1.0,49.0,49.0,全家便利商店永和國艷,日式溫泉蛋,飲食,2,VERY_LOW,0
2455,2026-03-16,1.0,55.0,55.0,詠觀國際,鮮蝦(熟),教育,2,LOW,4
2456,2026-03-16,1.0,110.0,110.0,詠觀國際,清爽沙拉飯,飲食,2,LOW,0
2457,2026-03-17,1.0,45.0,45.0,全家便利商店台大二活門市部,經典總匯三明治,飲食,2,VERY_LOW,0
2458,2026-03-17,1.0,75.0,75.0,三德商行,黃金蕎麥鮮奶,飲食,2,LOW,0
2459,2026-03-19,1.0,15.0,15.0,美德耐台大卓越商場,統一麥香奶茶tp375,飲食,2,VERY_LOW,0
2460,2026-03-19,1.0,28.0,28.0,美德耐台大卓越商場,御選肉鬆飯糰,飲食,2,VERY_LOW,0
2461,2026-03-20,1.0,899.0,899.0,尊鴻餐飲企業混一中,雙人套餐,飲食,2,HIGH,0
2462,2026-03-20,1.0,50.0,50.0,穎冠茶飲企業學士,布丁奶茶-中,飲食,2,LOW,0
2463,2026-03-22,1.0,275.0,275.0,微風場站開發,餐飲,飲食,2,MID,0
2464,2026-03-23,1.0,160.0,160.0,福斯盟小吃店,客製醬油豚骨拉麵,飲食,2,MID,0
2465,2026-03-23,1.0,75.0,75.0,三德商行,黃金蕎麥鮮奶,飲食,2,LOW,0
2466,2026-03-23,1.0,170.0,170.0,福斯盟小吃店,客製麻辣豚骨拉麵,飲食,2,MID,0
2467,2026-03-24,1.0,195.5,195.5,台灣屈臣氏個人用品商店得和,活沛多 緩釋型維他命cb群 30錠,醫療健康,2,MID,5
2468,2026-03-26,1.0,285.0,285.0,新光三越百貨台北信義,小吃food court,飲食,2,MID,0
2469,2026-03-26,1.0,198.0,198.0,新光三越百貨台北信義,小吃food court,飲食,2,MID,0
2470,2026-03-26,1.0,273.0,273.0,品誠餐飲小吃店,日式壽喜燒鍋,飲食,2,MID,0
2471,2026-03-26,1.0,248.0,248.0,品誠餐飲小吃店,素-日式味噌鍋,飲食,2,MID,0
2472,2026-03-26,1.0,248.0,248.0,品誠餐飲小吃店,養生藥膳鍋,飲食,2,MID,0
2473,2026-03-26,1.0,273.0,273.0,品誠餐飲小吃店,義式蕃茄鍋,飲食,2,MID,0
2474,2026-03-26,1.0,288.0,288.0,品誠餐飲小吃店,日式壽喜燒鍋,飲食,2,MID,0
2475,2026-03-27,1.0,46.0,46.0,全聯實業永和成功,味丹多喝水,飲食,2,VERY_LOW,0
2476,2026-03-27,1.0,55.0,55.0,全聯實業永和成功,安親抑菌濕巾,購物,2,LOW,2
2477,2026-03-28,1.0,55.0,55.0,三德商行,焦糖粉粿奶茶,飲食,2,LOW,0
2478,2026-03-28,1.0,52.0,52.0,和德昌永和得和,麥香魚,飲食,2,LOW,0
2479,2026-03-28,1.0,85.0,85.0,三德商行,黃金蕎麥鮮奶,飲食,2,LOW,0
2480,2026-03-30,1.0,39.0,39.0,全聯實業永和成功,奇巧酥脆威化巧,飲食,2,VERY_LOW,0
2481,2026-04-01,1.0,261.0,261.0,大馬勝光,sf01 印度炒麵,飲食,2,MID,0
2482,2026-04-01,1.0,251.0,251.0,大馬勝光,ns01 椰漿飯配炸雞,飲食,2,MID,0
2483,2026-04-01,1.0,89.0,89.0,秦華科技公館店,長臂夾鐵-黑,購物,2,LOW,2
2484,2026-04-01,1.0,251.0,251.0,大馬勝光,sf04 炒粿條,飲食,2,MID,0
2485,2026-04-01,1.0,72.0,72.0,大馬勝光,d02 大馬式拉茶,飲食,2,LOW,0
2486,2026-04-02,1.0,35.0,35.0,美德耐台大卓越商場,金黃起司火腿蛋三明治,飲食,2,VERY_LOW,0
2487,2026-04-02,1.0,30.0,30.0,全聯實業永和成功,纖維+600ml,飲食,2,VERY_LOW,0
2488,2026-04-03,1.0,52.0,52.0,和德昌永和得和,麥香魚,飲食,2,LOW,0
2489,2026-04-03,2.0,66.0,132.0,和德昌永和得和,薯條-大,飲食,2,LOW,0
2490,2026-04-03,1.0,19.0,19.0,全聯實業永和成功,ex強氣泡水,飲食,2,VERY_LOW,0
2491,2026-04-03,1.0,55.0,55.0,三德商行,焦糖粉粿奶茶,飲食,2,LOW,0
2492,2026-04-03,1.0,43.12,43.12,台灣屈臣氏個人用品商店得和,義美生機甜心草莓12g,飲食,2,VERY_LOW,0
2493,2026-04-03,1.0,386.32,386.32,台灣屈臣氏個人用品商店得和,活沛多 gl雙效敏益菌30顆新升級,醫療健康,2,MID,5
2494,2026-04-03,1.0,48.0,48.0,全聯實業永和成功,泰山淨之水,飲食,2,VERY_LOW,0
2495,2026-04-03,1.0,139.0,139.0,和德昌永和得和,藜麥辣脆雞沙拉,飲食,2,LOW,0
2496,2026-04-04,1.0,28.0,28.0,統一超商新北市第九三三,御選肉鬆飯糰,飲食,2,VERY_LOW,0
2497,2026-04-04,1.0,15.0,15.0,統一超商新北市第九三三,統一麥香奶茶tp375,飲食,2,VERY_LOW,0
2498,2026-04-05,1.0,89.0,89.0,全家便利商店永和國艷,青花椒麻雞肉拌麵,飲食,2,LOW,0
2499,2026-04-05,1.0,25.0,25.0,全家便利商店永和國艷,大醇豆無加糖豆漿,飲食,2,VERY_LOW,0
2500,2026-04-05,1.0,19.0,19.0,全聯實業永和成功,ex強氣泡水,飲食,2,VERY_LOW,0
2501,2026-04-05,1.0,53.0,53.0,全聯實業永和成功,旺旺仙貝米果,飲食,2,LOW,0
2502,2026-04-05,1.0,28.0,28.0,全聯實業永和成功,家常起司口味,飲食,2,VERY_LOW,0
2503,2026-04-05,1.0,145.0,145.0,歐歐歐一號店,l-開心果抹茶-完美冰,飲食,2,LOW,0
2504,2026-04-05,1.0,120.0,120.0,歐歐歐一號店,gelato單球-杯裝,飲食,2,LOW,0
2505,2026-04-05,1.0,45.0,45.0,全家便利商店永和國艷,鮪魚起司溏心蛋三明治,飲食,2,VERY_LOW,0
2506,2026-04-06,1.0,82.0,82.0,金樂屋,小 手拍 小農蕃茄瑪,飲食,2,LOW,0
2507,2026-04-06,1.0,65.0,65.0,藏野捷運北車店,大列巴奶油夾心,飲食,2,LOW,0
2508,2026-04-06,1.0,60.0,60.0,誠品生活捷運南港線台北站第二,荃鴻krispy kreme 甜甜圈飲料 正價品,飲食,2,LOW,0
2509,2026-04-06,1.0,48.0,48.0,全聯實業永和成功,亨氏番茄醬,飲食,2,VERY_LOW,0
2510,2026-04-06,1.0,147.0,147.0,金樂屋,1 地瓜薯條,飲食,2,LOW,0
2511,2026-04-09,1.0,45.0,45.0,全家便利商店台大二活門市部,鮪魚起司溏心蛋三明治,飲食,2,VERY_LOW,0
2512,2026-04-10,2.0,50.0,100.0,台灣壽司郎台北公館店,50元盤子,飲食,2,LOW,0
2513,2026-04-10,12.0,40.0,480.0,台灣壽司郎台北公館店,40元盤子,飲食,2,MID,0
2514,2026-04-10,1.0,60.0,60.0,啾弟商行,冰火菠蘿油,飲食,2,LOW,0
2515,2026-04-10,1.0,50.0,50.0,啾弟商行,葡式蛋塔,飲食,2,LOW,0
2516,2026-04-10,1.0,55.0,55.0,三德商行,焦糖粉粿奶茶,飲食,2,LOW,0
2517,2026-04-11,1.0,10.0,10.0,全家便利商店台大二活門市部,a4彩色列印,教育,2,VERY_LOW,4
2518,2026-04-11,1.0,248.0,248.0,京站實業,食品,飲食,2,MID,0
2519,2026-04-11,1.0,48.0,48.0,全聯實業永和成功,泰山淨之水,飲食,2,VERY_LOW,0
2520,2026-04-11,1.0,60.0,60.0,微風場站開發,餐飲-麥當勞,飲食,2,LOW,0
2521,2026-04-12,1.0,69.0,69.0,全聯實業永和成功,愛可寧一般酒精,購物,2,LOW,2
2522,2026-04-12,1.0,48.0,48.0,全聯實業永和成功,泰山淨之水,飲食,2,VERY_LOW,0
2523,2026-04-12,1.0,55.0,55.0,全聯實業永和成功,安親抑菌濕巾,購物,2,LOW,2
2524,2026-04-13,1.0,42.0,42.0,全家便利商店台大二活門市部,瘋狂起司三明治,飲食,2,VERY_LOW,0
2525,2026-04-14,1.0,31.0,31.0,全聯實業永和成功,優意思藍莓優格,飲食,2,VERY_LOW,0
2526,2026-04-14,1.0,60.0,60.0,全聯實業永和成功,利口樂草本喉糖,飲食,2,LOW,0
2527,2026-04-15,1.0,75.0,75.0,統一超商新北市第九三三,易口舒無糖薄荷錠-清爽蜜桃,飲食,2,LOW,0
2528,2026-04-16,1.0,29.0,29.0,笑笑笑國際台北公館,wh-626智慧型修正帶黑,教育,2,VERY_LOW,4
2529,2026-04-16,1.0,25.0,25.0,笑笑笑國際台北公館,百樂038果汁筆黑,教育,2,VERY_LOW,4
2530,2026-04-16,1.0,44.0,44.0,笑笑笑國際台北公館,加新入袋a4單線簿白,教育,2,VERY_LOW,4
2531,2026-04-16,1.0,49.0,49.0,美德耐台大卓越商場,鮪魚洋芋溏心蛋三明治,飲食,2,VERY_LOW,0
2532,2026-04-16,1.0,25.0,25.0,笑笑笑國際台北公館,百樂038果汁筆藍,教育,2,VERY_LOW,4
2533,2026-04-18,1.0,48.0,48.0,全聯實業永和成功,泰山淨之水,飲食,2,VERY_LOW,0
2534,2026-04-18,1.0,169.0,169.0,全聯實業永和成功,無患子沐浴檸檬,購物,2,MID,2
2535,2026-04-18,1.0,99.0,99.0,全聯實業永和成功,紐西蘭紅奇異果,飲食,2,LOW,0
2536,2026-04-19,15.0,40.0,600.0,亞洲藏壽司台北館前店,壽司盤,飲食,2,HIGH,0
2537,2026-04-19,1.0,60.0,60.0,亞洲藏壽司台北館前店,茶碗蒸,飲食,2,LOW,0
2538,2026-04-19,1.0,36.0,36.0,笑笑笑國際台北公館,百樂g2 07鋼珠筆紅,教育,2,VERY_LOW,4
2539,2026-04-19,1.0,48.0,48.0,全聯實業永和成功,泰山淨之水,飲食,2,VERY_LOW,0
2540,2026-04-19,1.0,36.0,36.0,笑笑笑國際台北公館,百樂g2 07鋼珠筆黑,教育,2,VERY_LOW,4
2541,2026-04-19,1.0,36.0,36.0,笑笑笑國際台北公館,百樂g2 07鋼珠筆藍,教育,2,VERY_LOW,4
2542,2026-04-19,1.0,21.0,21.0,全聯實業永和成功,ex強氣泡水,飲食,2,VERY_LOW,0
2543,2026-04-21,1.0,45.0,45.0,全家便利商店台大二活門市部,鮪魚起司溏心蛋三明治,飲食,2,VERY_LOW,0
2544,2026-04-21,1.0,35.0,35.0,統一超商新北市第九三三,黑松c&c氣泡飲(葡萄)pet500,飲食,2,VERY_LOW,0
2545,2026-04-22,5.0,16.0,80.0,全聯實業永和成功,紐-加拉120,購物,2,LOW,2
2546,2026-04-22,5.0,16.0,80.0,全聯實業永和成功,紐-加拉120,購物,2,LOW,2
2547,2026-04-23,1.0,39.0,39.0,美德耐台大卓越商場,(區)雙倍起司火腿蛋三明治,飲食,2,VERY_LOW,0
2548,2026-04-23,1.0,13.0,13.0,松深食品,pkl330ml黑松蘋果c,飲食,2,VERY_LOW,0
2549,2026-04-24,1.0,60.0,60.0,啾弟商行,冰火菠蘿油,飲食,2,LOW,0
2550,2026-04-24,,1.0,99.0,主富服裝公館二店,99,購物,2,LOW,2
2551,2026-04-24,1.0,30.0,30.0,啾弟商行,脆皮年糕,飲食,2,VERY_LOW,0
2552,2026-04-24,,1.0,1599.0,主富服裝公館二店,1599,購物,2,VERY_HIGH,2
2553,2026-04-26,1.0,85.0,85.0,沐盛商行,黃金蕎麥鮮奶,飲食,2,LOW,0
2554,2026-04-27,1.0,35.0,35.0,全家便利商店台大二活門市部,火腿起司蛋三明治,飲食,2,VERY_LOW,0
2555,2026-04-28,1.0,48.0,48.0,全聯實業永和成功,泰山淨之水,飲食,2,VERY_LOW,0
2556,2026-04-28,1.0,23.0,23.0,全聯實業永和成功,麥香阿薩姆奶茶,飲食,2,VERY_LOW,0
2557,2026-04-28,1.0,159.0,159.0,全聯實業永和成功,scott3層抽取,購物,2,MID,2
2558,2026-04-28,1.0,91.0,91.0,和德昌民生東路,蕈菇嫩蛋焙果堡,飲食,2,LOW,0
2559,2026-04-30,1.0,110.0,110.0,詠觀國際,清爽沙拉飯,飲食,2,LOW,0
2560,2026-04-30,1.0,35.0,35.0,美德耐台大卓越商場,金黃起司火腿蛋三明治,飲食,2,VERY_LOW,0
2561,2026-04-30,2.0,249.0,498.0,微風場站開發,巧克力起司蛋糕,飲食,2,MID,0
2562,2026-04-30,1.0,1890.0,1890.0,華泰名品城企業,鞋履,購物,2,VERY_HIGH,2
2563,2026-04-30,1.0,45.0,45.0,詠觀國際,烤雞(熟),飲食,2,VERY_LOW,0
2564,2026-05-01,1.0,59.0,59.0,全聯實業台中新民,壹把蕉金,購物,2,LOW,2
2565,2026-05-01,1.0,570.0,570.0,漢神購物中心台中,餃子の王將,飲食,2,HIGH,0
2566,2026-05-01,1.0,70.0,70.0,漢神購物中心台中,mini one,飲食,2,LOW,0
2567,2026-05-01,1.0,26.0,26.0,全聯實業台中新民,愛之味分解茶秋,飲食,2,VERY_LOW,0
2568,2026-05-01,1.0,15.0,15.0,全聯實業台中新民,泰山純水 700ml,飲食,2,VERY_LOW,0
2569,2026-05-02,1.0,20.0,20.0,全家便利商店台中大進,泰山純水,飲食,2,VERY_LOW,0
2570,2026-05-02,1.0,20.0,20.0,全家便利商店台中市第七三二,泰山純水,飲食,2,VERY_LOW,0
2571,2026-05-04,1.0,59.0,59.0,全家便利商店台大二活門市部,好多蛋三明治,飲食,2,LOW,0
2572,2026-05-04,1.0,199.0,199.0,向禾餐飲,腰內豬排咖哩飯,飲食,2,MID,0
2573,2026-05-06,1.0,198.0,198.0,創新維新,花g,飲食,2,MID,0
2574,2026-05-06,1.0,84.0,84.0,全聯實業永和成功,古寶制菌洗手乳,購物,2,LOW,2
2575,2026-05-06,1.0,129.0,129.0,全聯實業永和成功,浴廁消臭劑皂香,購物,2,LOW,2
2576,2026-05-06,1.0,80.0,80.0,創新維新,炸餃子,飲食,2,LOW,0
2577,2026-05-07,1.0,35.0,35.0,美德耐台大卓越商場,金黃起司火腿蛋三明治,飲食,2,VERY_LOW,0
2578,2026-05-07,1.0,35.0,35.0,美德耐台大卓越商場,(e )光泉生乳米漿,飲食,2,VERY_LOW,0
2579,2026-05-08,1.0,29.0,29.0,笑笑笑國際台北公館,網品雙色spa沐浴球50g,購物,2,VERY_LOW,2
2580,2026-05-08,1.0,55.0,55.0,笑笑笑國際台北公館,衛浴馬桶刷1入,購物,2,LOW,2
2581,2026-05-09,1.0,50.0,50.0,和德昌永和得和,薯條-中,飲食,2,LOW,0
2582,2026-05-09,1.0,46.0,46.0,全聯實業永和成功,味丹多喝水,飲食,2,VERY_LOW,0
2583,2026-05-09,1.0,68.0,68.0,和德昌永和得和,六塊麥克雞塊,飲食,2,LOW,0
2584,2026-05-09,1.0,65.0,65.0,沐盛商行,焦糖粉粿奶茶,飲食,2,LOW,0
2585,2026-05-10,1.0,29.0,29.0,全家便利商店台北市第三五三門市部,fmc檸檬氣泡水,飲食,2,VERY_LOW,0
2586,2026-05-10,1.0,50.0,50.0,小品雅廚中原,高麗菜50,飲食,2,LOW,0
2587,2026-05-10,1.0,48.0,48.0,全聯實業永和成功,泰山淨之水,飲食,2,VERY_LOW,0
2588,2026-05-10,1.0,90.0,90.0,小品雅廚中原,辣子雞丁90,飲食,2,LOW,0
2589,2026-05-10,1.0,40.0,40.0,小品雅廚中原,麵筋40,飲食,2,VERY_LOW,0
2590,2026-05-10,1.0,70.0,70.0,小品雅廚中原,香菇肉70,飲食,2,LOW,0
2591,2026-05-10,1.0,80.0,80.0,小品雅廚中原,金沙杏鮑菇80,飲食,2,LOW,0
2592,2026-05-10,2.0,10.0,20.0,小品雅廚中原,粥一杯10,飲食,2,VERY_LOW,0
2593,2026-05-10,1.0,20.0,20.0,小品雅廚中原,白飯一杯20,飲食,2,VERY_LOW,0
2594,2026-05-10,1.0,60.0,60.0,小品雅廚中原,番茄炒蛋60,飲食,2,LOW,0
2595,2026-05-10,1.0,60.0,60.0,小品雅廚中原,季節青菜60,飲食,2,LOW,0
2596,2026-05-11,1.0,235.0,235.0,欣享食業公館店,套餐1,飲食,2,MID,0
2597,2026-05-13,2.0,39.0,78.0,魯山國際餐飲事業台大門市部,鴛鴦鍋,飲食,2,LOW,0
2598,2026-05-13,4.0,299.0,1196.0,魯山國際餐飲事業台大門市部,299成人,飲食,2,HIGH,0
2599,2026-05-14,1.0,35.0,35.0,全家便利商店新竹鐵道,經典爆汁熱狗,飲食,2,VERY_LOW,0
2600,2026-05-14,1.0,15.0,15.0,全家便利商店新竹鐵道,二配熱狗麵包,飲食,2,VERY_LOW,0
2601,2026-05-16,1.0,10.0,10.0,笑笑笑國際國寶園門市部,統一h2o純水600ml,飲食,2,VERY_LOW,0
2602,2026-05-16,1.0,140.0,140.0,永記虱目魚丸,綜合湯,飲食,2,LOW,0
2603,2026-05-18,1.0,20.0,20.0,全家便利商店台大二活門市部,香蕉單入,飲食,2,VERY_LOW,0
2604,2026-05-19,1.0,30.0,30.0,全家便利商店台大二活門市部,二配經典肉鬆飯糰,飲食,2,VERY_LOW,0
2605,2026-05-19,1.0,21.0,21.0,全聯實業永和成功,ex強氣泡水,飲食,2,VERY_LOW,0
2606,2026-05-19,1.0,69.0,69.0,全聯實業永和成功,嚴選紅龍果金,飲食,2,LOW,0
2607,2026-05-19,5.0,22.0,110.0,全聯實業永和成功,陽光金圓頭52,飲食,2,LOW,0
2608,2026-05-21,1.0,39.0,39.0,全家便利商店台大二活門市部,香蕉可可三明治,飲食,2,VERY_LOW,0
2609,2026-05-21,1.0,38.0,38.0,全家便利商店新北市第一一二,午后時光重乳奶茶,飲食,2,VERY_LOW,0
2610,2026-05-22,1.0,65.0,65.0,和德昌台中學士路,雙倍or冰炫風,飲食,2,LOW,0
2611,2026-05-23,1.0,330.0,330.0,勤美台中,星球工坊爆米花,飲食,2,MID,0
2612,2026-05-23,1.0,220.0,220.0,勤美台中,oasis馬琳糖輕食 正價品,飲食,2,MID,0
