發票日期,消費明細_數量,消費明細_單價,消費明細_金額,store_clean,item_clean,label,user_id,price_bucket,label_id,date,month,pu_topic
2025-09-01,1.0,115.0,115.0,福康事業,法式特餐,飲食,0,LOW,0,2025-09-01,2025-09,u0_27
2025-09-01,1.0,95.0,95.0,一之軒食品南西分店,生吐司,飲食,0,LOW,0,2025-09-01,2025-09,u0_25
2025-09-02,1.0,990.0,990.0,新光三越百貨台北信義,咖啡廳coffee shops & tea salons,飲食,0,HIGH,0,2025-09-02,2025-09,noise
2025-09-02,1.0,80.0,80.0,新光三越百貨台北信義,小吃food court,飲食,0,LOW,0,2025-09-02,2025-09,noise
2025-09-03,1.0,35.0,35.0,統一超商台北市第148,桂格100%燕麥(顆粒微甜)290ml,飲食,0,VERY_LOW,0,2025-09-03,2025-09,u0_14
2025-09-03,1.0,100.0,100.0,博客停車場開發政大場,parkingfee,交通,0,LOW,1,2025-09-03,2025-09,noise
2025-09-05,1.0,1287.0,1287.0,太平洋崇光百貨敦化,開飯川食堂,飲食,0,HIGH,0,2025-09-05,2025-09,u0_26
2025-09-05,1.0,35.0,35.0,統一超商台北市第七四一,桂格100%燕麥(顆粒微甜)290ml,飲食,0,VERY_LOW,0,2025-09-05,2025-09,u0_14
2025-09-06,1.0,57.0,57.0,國立臺灣大學生物資源暨農學院附設農業試驗場,豆乳原味奶酪,飲食,0,LOW,0,2025-09-06,2025-09,u0_14
2025-09-07,1.0,35.0,35.0,和德昌台北指南,冰綠茶-小,飲食,0,VERY_LOW,0,2025-09-07,2025-09,u0_23
2025-09-07,1.0,68.0,68.0,和德昌台北指南,b10_四重麥香雞,飲食,0,LOW,0,2025-09-07,2025-09,u0_3
2025-09-08,1.0,35.0,35.0,統一超商台北市第七四一,桂格100%燕麥(顆粒微甜)290ml,飲食,0,VERY_LOW,0,2025-09-08,2025-09,u0_14
2025-09-08,1.0,55.0,55.0,統一超商台北市第七四一,ladears 開心果可麗露,飲食,0,LOW,0,2025-09-08,2025-09,u0_32
2025-09-08,1.0,15.0,15.0,統一超商台北市第七四一,紅牌速纖纖維飲料tp330,飲食,0,VERY_LOW,0,2025-09-08,2025-09,u0_22
2025-09-08,1.0,88.0,88.0,魚王四口,g餓遊戲,娛樂,0,LOW,3,2025-09-08,2025-09,u0_22
2025-09-08,1.0,40.0,40.0,魚王四口,四季春茶(冰),飲食,0,VERY_LOW,0,2025-09-08,2025-09,u0_23
2025-09-10,1.0,57.0,57.0,國立臺灣大學生物資源暨農學院附設農業試驗場,豆乳原味奶酪,飲食,0,LOW,0,2025-09-10,2025-09,u0_14
2025-09-11,1.0,49.0,49.0,統一超商台北市第148,ab原味優酪乳517ml(瓶),飲食,0,VERY_LOW,0,2025-09-11,2025-09,u0_10
2025-09-11,1.0,110.0,99.0,傑洛國際台大店,嫩切雞肉堡6吋,飲食,0,LOW,0,2025-09-11,2025-09,u0_0
2025-09-12,1.0,60.0,60.0,龍鱗餐飲,叉燒飯,飲食,0,LOW,0,2025-09-12,2025-09,u0_27
2025-09-12,1.0,350.0,350.0,龍鱗餐飲,豚骨魚介肉盛,飲食,0,MID,0,2025-09-12,2025-09,u0_27
2025-09-12,1.0,350.0,350.0,龍鱗餐飲,松露雞白湯,飲食,0,MID,0,2025-09-12,2025-09,u0_27
2025-09-12,1.0,669.0,669.0,琨夏精品服飾,商品一批,購物,0,HIGH,2,2025-09-12,2025-09,u0_4
2025-09-12,1.0,163.0,163.0,穀果國際曉鹿鳴樓(台大店),鹽味舒肥雞poke-加購免洗餐盒2元,飲食,0,MID,0,2025-09-12,2025-09,u0_13
2025-09-13,1.0,150.0,150.0,睿鼎數位,cremia 北海道冰淇淋之神生日快樂冰淇淋(口味任選),飲食,0,MID,0,2025-09-13,2025-09,u0_2
2025-09-14,2.0,300.0,600.0,高氏柴胡,豬腳能量碗,飲食,0,HIGH,0,2025-09-14,2025-09,noise
2025-09-14,1.0,246.5,246.5,台灣屈臣氏個人用品商店政大,solone天生好手極細三角眉筆ex04深霧灰,購物,0,MID,2,2025-09-14,2025-09,u0_4
2025-09-14,1.0,189.0,189.0,台灣屈臣氏個人用品商店政大,rr粉底液粉撲五角型30p-845522,購物,0,MID,2,2025-09-14,2025-09,u0_4
2025-09-14,1.0,67.0,67.0,和德昌台北指南,a01_大薯+1多1,飲食,0,LOW,0,2025-09-14,2025-09,u0_3
2025-09-14,1.0,140.0,140.0,高氏柴胡,140元套餐,飲食,0,LOW,0,2025-09-14,2025-09,u0_27
2025-09-15,1.0,55.0,55.0,福康事業,鮮蛋沙拉可頌,飲食,0,LOW,0,2025-09-15,2025-09,u0_25
2025-09-17,1.0,129.0,116.0,傑洛國際台大店,義大利牛肉丸堡6吋,飲食,0,LOW,0,2025-09-17,2025-09,u0_0
2025-09-17,1.0,110.0,99.0,傑洛國際台大店,嫩切雞肉堡6吋,飲食,0,LOW,0,2025-09-17,2025-09,u0_0
2025-09-19,1.0,65.0,65.0,統一超商台北市第一一八六,極饗-真飽經典麻醬涼麵,飲食,0,LOW,0,2025-09-19,2025-09,u0_22
2025-09-19,1.0,28.0,28.0,統一超商台北市第一一八六,ab原味優酪乳206ml(瓶),飲食,0,VERY_LOW,0,2025-09-19,2025-09,u0_10
2025-09-20,4.0,20.0,80.0,統一超商台北市第九三三,多喝水pet700,飲食,0,LOW,0,2025-09-20,2025-09,u0_22
2025-09-20,1.0,45.0,45.0,品都串燒,培根麻糬,飲食,0,VERY_LOW,0,2025-09-20,2025-09,u0_28
2025-09-20,1.0,30.0,30.0,品都串燒,櫛瓜,飲食,0,VERY_LOW,0,2025-09-20,2025-09,u0_28
2025-09-20,1.0,30.0,30.0,品都串燒,香菇,飲食,0,VERY_LOW,0,2025-09-20,2025-09,u0_28
2025-09-20,1.0,30.0,30.0,品都串燒,豆皮,飲食,0,VERY_LOW,0,2025-09-20,2025-09,u0_28
2025-09-20,1.0,45.0,45.0,品都串燒,孜然羊肉串,飲食,0,VERY_LOW,0,2025-09-20,2025-09,u0_28
2025-09-20,1.0,40.0,40.0,品都串燒,多汁雞肉捲,飲食,0,VERY_LOW,0,2025-09-20,2025-09,u0_28
2025-09-20,2.0,30.0,60.0,品都串燒,豆皮,飲食,0,LOW,0,2025-09-20,2025-09,u0_28
2025-09-20,3.0,30.0,90.0,品都串燒,櫛瓜,飲食,0,LOW,0,2025-09-20,2025-09,u0_28
2025-09-20,1.0,30.0,30.0,品都串燒,香菇,飲食,0,VERY_LOW,0,2025-09-20,2025-09,u0_28
2025-09-20,1.0,45.0,45.0,品都串燒,特選牛肉串,飲食,0,VERY_LOW,0,2025-09-20,2025-09,u0_28
2025-09-20,1.0,30.0,30.0,品都串燒,櫛瓜,飲食,0,VERY_LOW,0,2025-09-20,2025-09,u0_28
2025-09-20,1.0,30.0,30.0,品都串燒,豆皮,飲食,0,VERY_LOW,0,2025-09-20,2025-09,u0_28
2025-09-20,1.0,45.0,45.0,品都串燒,孜然羊肉串,飲食,0,VERY_LOW,0,2025-09-20,2025-09,u0_28
2025-09-20,1.0,30.0,30.0,品都串燒,杏鮑菇,飲食,0,VERY_LOW,0,2025-09-20,2025-09,u0_28
2025-09-20,2.0,40.0,80.0,品都串燒,雞腿肉串,飲食,0,LOW,0,2025-09-20,2025-09,u0_28
2025-09-21,1.0,268.0,268.0,台灣三井不動產南港,中式料理,飲食,0,MID,0,2025-09-21,2025-09,noise
2025-09-22,1.0,49.0,49.0,統一超商台北市第七四一,ab原味優酪乳517ml(瓶),飲食,0,VERY_LOW,0,2025-09-22,2025-09,u0_10
2025-09-22,1.0,35.0,35.0,統一超商台北市第七四一,卡辣姆久平切洋芋片勁辣唐辛35元,飲食,0,VERY_LOW,0,2025-09-22,2025-09,u0_2
2025-09-22,1.0,30.0,30.0,統一超商台北市第七四一,晨光葡萄土司,飲食,0,VERY_LOW,0,2025-09-22,2025-09,noise
2025-09-23,1.0,35.0,35.0,統一超商台北市第七四一,卡辣姆久平切洋芋片勁辣唐辛35元,飲食,0,VERY_LOW,0,2025-09-23,2025-09,u0_2
2025-09-23,1.0,100.0,100.0,悠旅生活事業松仁門市部,起司牛肉可頌,飲食,0,LOW,0,2025-09-23,2025-09,u0_31
2025-09-23,1.0,35.0,35.0,統一超商台北市第七四一,桂格100%燕麥(顆粒微甜)290ml,飲食,0,VERY_LOW,0,2025-09-23,2025-09,u0_14
2025-09-23,1.0,69.0,69.0,統一超商台北市第七四一,粥天子-廣式皮蛋瘦肉煲粥,飲食,0,LOW,0,2025-09-23,2025-09,u0_1
2025-09-24,1.0,35.0,35.0,和德昌台北台大門市部,冰綠茶-小,飲食,0,VERY_LOW,0,2025-09-24,2025-09,u0_23
2025-09-24,1.0,110.0,99.0,傑洛國際台大店,嫩切雞肉堡6吋,飲食,0,LOW,0,2025-09-24,2025-09,u0_0
2025-09-24,1.0,68.0,68.0,和德昌台北台大門市部,b10_四重麥香雞,飲食,0,LOW,0,2025-09-24,2025-09,u0_3
2025-09-25,1.0,28.0,28.0,統一超商台北市第五十四門市,ab原味優酪乳206ml(瓶),飲食,0,VERY_LOW,0,2025-09-25,2025-09,u0_10
2025-09-25,1.0,45.0,45.0,統一超商台北市第五十四門市,(a)御料小館香辣炸雞球,飲食,0,VERY_LOW,0,2025-09-25,2025-09,u0_16
2025-09-25,1.0,35.0,35.0,統一超商台北市第五十四門市,卡辣姆久平切洋芋片勁辣唐辛35元,飲食,0,VERY_LOW,0,2025-09-25,2025-09,u0_2
2025-09-26,1.0,113.0,113.0,穀果國際曉鹿鳴樓(台大店),無蛋白質poke-加購免洗餐盒2元,飲食,0,LOW,0,2025-09-26,2025-09,u0_14
2025-09-26,1.0,35.0,35.0,美德耐台大卓越商場,桂格100%燕麥(顆粒微甜)290ml,飲食,0,VERY_LOW,0,2025-09-26,2025-09,u0_14
2025-09-26,1.0,45.0,45.0,美德耐台大卓越商場,(a)金莎3粒裝,飲食,0,VERY_LOW,0,2025-09-26,2025-09,u0_15
2025-09-26,1.0,25.0,25.0,全家便利商店台大二活門市部,一配蜂蜜牛奶球,飲食,0,VERY_LOW,0,2025-09-26,2025-09,noise
2025-09-26,1.0,42.0,42.0,全家便利商店台大二活門市部,光泉杯裝全脂鮮乳,飲食,0,VERY_LOW,0,2025-09-26,2025-09,u0_31
2025-09-27,1.0,2.0,2.0,寶雅國際信義松壽,代收(售)-台北市購物兩用袋(中),購物,0,VERY_LOW,2,2025-09-27,2025-09,u0_4
2025-09-27,1.0,32.0,32.0,寶雅國際信義松壽,老中醫天然仙楂70g,飲食,0,VERY_LOW,0,2025-09-27,2025-09,u0_15
2025-09-27,1.0,199.0,199.0,寶雅國際信義松壽,meko好簡單免膠單株睫毛36簇-太陽花款,購物,0,MID,2,2025-09-27,2025-09,u0_4
2025-09-27,1.0,139.0,139.0,寶雅國際信義松壽,蘇菲彈力貼身超薄基本14片4入日用23cm,購物,0,LOW,2,2025-09-27,2025-09,u0_4
2025-09-27,1.0,990.0,990.0,極品國際餐飲信義營業所,餐飲費,飲食,0,HIGH,0,2025-09-27,2025-09,u0_26
2025-09-27,1.0,80.0,80.0,新光三越百貨台北信義,小吃food court,飲食,0,LOW,0,2025-09-27,2025-09,noise
2025-09-28,1.0,30.0,30.0,統一超商台北市第七四一,福樂自然零藍莓優酪,飲食,0,VERY_LOW,0,2025-09-28,2025-09,u0_32
2025-09-28,1.0,45.0,45.0,統一超商台北市第七四一,(a)御料小館香辣炸雞球,飲食,0,VERY_LOW,0,2025-09-28,2025-09,u0_17
2025-09-28,1.0,25.0,25.0,統一超商台北市第七四一,來一客杯麵京燉肉骨風味,飲食,0,VERY_LOW,0,2025-09-28,2025-09,u0_22
2025-09-28,1.0,79.0,79.0,統一超商台北市第七四一,ab原味優酪乳902ml(瓶),飲食,0,LOW,0,2025-09-28,2025-09,u0_10
2025-09-29,1.0,12.0,12.0,學成國際,劃位-+ 加價,教育,0,VERY_LOW,4,2025-09-29,2025-09,u0_7
2025-09-29,1.0,349.0,349.0,台灣吉豚屋餐飲館前,ei壽喜牛里肌豬排鍋定食,飲食,0,MID,0,2025-09-29,2025-09,u0_27
2025-09-29,1.0,189.0,189.0,台灣吉豚屋餐飲館前,ei吉豚豬排丼 (梅),飲食,0,MID,0,2025-09-29,2025-09,u0_27
2025-09-29,1.0,250.0,250.0,長揚停車館前站,票號2025092916046243,交通,0,MID,1,2025-09-29,2025-09,noise
2025-10-01,1.0,35.0,35.0,和德昌台北公館,冰綠茶-小,飲食,0,VERY_LOW,0,2025-10-01,2025-10,u0_23
2025-10-01,1.0,68.0,68.0,和德昌台北公館,b10_四重麥香雞,飲食,0,LOW,0,2025-10-01,2025-10,u0_3
2025-10-01,1.0,25.0,25.0,傑洛國際台大店,餅乾1片,飲食,0,VERY_LOW,0,2025-10-01,2025-10,u0_12
2025-10-01,1.0,110.0,110.0,傑洛國際台大店,嫩切雞肉堡6吋,飲食,0,LOW,0,2025-10-01,2025-10,u0_0
2025-10-03,1.0,35.0,35.0,統一超商台北市第七四一,(a)多力多滋超濃起司味玉米片,飲食,0,VERY_LOW,0,2025-10-03,2025-10,u0_25
2025-10-03,1.0,25.0,25.0,統一超商台北市第七四一,(a)來一客杯麵鮮蝦魚板風味,飲食,0,VERY_LOW,0,2025-10-03,2025-10,u0_22
2025-10-03,1.0,36.0,36.0,美德耐台大卓越商場,林聰明-雞肉飯飯糰,飲食,0,VERY_LOW,0,2025-10-03,2025-10,u0_21
2025-10-03,1.0,45.0,45.0,美德耐台大卓越商場,(a)御料小館香辣炸雞球,飲食,0,VERY_LOW,0,2025-10-03,2025-10,u0_13
2025-10-03,1.0,28.0,28.0,全家便利商店台大二活門市部,ab優酪乳原味,飲食,0,VERY_LOW,0,2025-10-03,2025-10,u0_31
2025-10-03,1.0,45.0,45.0,全家便利商店台大二活門市部,金莎三粒入,飲食,0,VERY_LOW,0,2025-10-03,2025-10,noise
2025-10-03,1.0,30.0,30.0,美德耐台大卓越商場,福樂自然零藍莓優酪,飲食,0,VERY_LOW,0,2025-10-03,2025-10,u0_32
2025-10-04,1.0,65.0,65.0,微風場站開發,餐飲,飲食,0,LOW,0,2025-10-04,2025-10,u0_26
2025-10-13,1.0,30.0,30.0,正好停臺北車站東區地下停車場,parking fee,交通,0,VERY_LOW,1,2025-10-13,2025-10,noise
2025-10-14,1.0,109.0,109.0,和德昌台北公館,餐-十塊雞,飲食,0,LOW,0,2025-10-14,2025-10,u0_27
2025-10-14,1.0,43.0,43.0,和德昌台北公館,配-經典大薯,飲食,0,VERY_LOW,0,2025-10-14,2025-10,u0_3
2025-10-14,1.0,45.0,45.0,和德昌台北公館,玉米湯-小,飲食,0,VERY_LOW,0,2025-10-14,2025-10,noise
2025-10-15,1.0,110.0,99.0,傑洛國際台大店,嫩切雞肉堡6吋,飲食,0,LOW,0,2025-10-15,2025-10,u0_0
2025-10-15,1.0,25.0,25.0,傑洛國際台大店,餅乾1片,飲食,0,VERY_LOW,0,2025-10-15,2025-10,u0_12
2025-10-15,1.0,33.0,33.0,國立臺灣大學生物資源暨農學院附設農業試驗場,(臺大)小鮮乳,飲食,0,VERY_LOW,0,2025-10-15,2025-10,u0_14
2025-10-16,1.0,268.0,268.0,台灣三井不動產南港,中式料理,飲食,0,MID,0,2025-10-16,2025-10,noise
2025-10-16,1.0,70.0,70.0,日商樂比亞台灣lalaport南港店,耕豆漿布丁燒 (蛋奶素)150g,飲食,0,LOW,0,2025-10-16,2025-10,u0_25
2025-10-17,1.0,28.0,28.0,美德耐台大卓越商場,ab原味優酪乳206ml(瓶),飲食,0,VERY_LOW,0,2025-10-17,2025-10,u0_10
2025-10-17,1.0,35.0,35.0,美德耐台大卓越商場,御料小館蔥抓餅,飲食,0,VERY_LOW,0,2025-10-17,2025-10,u0_13
2025-10-17,1.0,35.0,35.0,美德耐台大卓越商場,統一蛋糕屋典藏蜂蜜,飲食,0,VERY_LOW,0,2025-10-17,2025-10,u0_31
2025-10-18,1.0,69.0,69.0,統一超商台北市第七四一,粥天子-廣式皮蛋瘦肉煲粥,飲食,0,LOW,0,2025-10-18,2025-10,u0_1
2025-10-18,1.0,30.0,30.0,統一超商台北市第七四一,福樂自然零藍莓優酪,飲食,0,VERY_LOW,0,2025-10-18,2025-10,u0_32
2025-10-18,1.0,18.0,18.0,統一超商台北市第七四一,金蘋果蘋果牛奶乳飲品175ml,飲食,0,VERY_LOW,0,2025-10-18,2025-10,u0_10
2025-10-18,2.0,35.0,70.0,統一超商台北市第七四一,拉麵道日式豚骨風味,飲食,0,LOW,0,2025-10-18,2025-10,u0_22
2025-10-18,1.0,45.0,45.0,統一超商台北市第七四一,(a)御料小館香辣炸雞球,飲食,0,VERY_LOW,0,2025-10-18,2025-10,noise
2025-10-19,1.0,35.0,35.0,太隆商行,可樂餅,飲食,0,VERY_LOW,0,2025-10-19,2025-10,u0_11
2025-10-19,1.0,40.0,40.0,太隆商行,各種蔬菜餅,飲食,0,VERY_LOW,0,2025-10-19,2025-10,u0_12
2025-10-19,1.0,135.0,135.0,太隆商行,豆皮烏龍麵,飲食,0,LOW,0,2025-10-19,2025-10,noise
2025-10-20,1.0,29.0,29.0,笑笑笑國際台北公館,南寶透明裝飾貼4 size,教育,0,VERY_LOW,4,2025-10-20,2025-10,u0_7
2025-10-20,1.0,12.0,12.0,笑笑笑國際台北公館,藝舍黑田桑小卡,教育,0,VERY_LOW,4,2025-10-20,2025-10,u0_7
2025-10-20,1.0,12.0,12.0,笑笑笑國際台北公館,藝舍黑田桑小卡,教育,0,VERY_LOW,4,2025-10-20,2025-10,u0_7
2025-10-20,1.0,12.0,12.0,笑笑笑國際台北公館,藝舍黑田桑小卡,教育,0,VERY_LOW,4,2025-10-20,2025-10,u0_7
2025-10-22,1.0,25.0,25.0,傑洛國際台大店,餅乾1片,飲食,0,VERY_LOW,0,2025-10-22,2025-10,u0_12
2025-10-22,1.0,110.0,99.0,傑洛國際台大店,嫩切雞肉堡6吋,飲食,0,LOW,0,2025-10-22,2025-10,u0_0
2025-10-23,1.0,154.0,154.0,新加坡商海底撈事業台灣第二,撈派巴沙魚片(半),飲食,0,MID,0,2025-10-23,2025-10,u0_24
2025-10-23,1.0,49.0,49.0,新加坡商海底撈事業台灣第二,凍豆腐(半),飲食,0,VERY_LOW,0,2025-10-23,2025-10,u0_24
2025-10-23,1.0,50.0,50.0,新加坡商海底撈事業台灣第二,自選小料,飲食,0,LOW,0,2025-10-23,2025-10,u0_24
2025-10-23,1.0,88.0,88.0,新加坡商海底撈事業台灣第二,撈派撈麵,飲食,0,LOW,0,2025-10-23,2025-10,u0_24
2025-10-23,1.0,249.0,249.0,新加坡商海底撈事業台灣第二,美國特選肥牛(半),飲食,0,MID,0,2025-10-23,2025-10,u0_24
2025-10-23,1.0,249.0,249.0,新加坡商海底撈事業台灣第二,招牌蝦滑(半),飲食,0,MID,0,2025-10-23,2025-10,u0_24
2025-10-23,1.0,84.0,84.0,新加坡商海底撈事業台灣第二,紅糖滋粑(半),飲食,0,LOW,0,2025-10-23,2025-10,u0_24
2025-10-23,1.0,189.0,189.0,新加坡商海底撈事業台灣第二,豬肚雞火鍋,飲食,0,MID,0,2025-10-23,2025-10,u0_24
2025-10-23,1.0,95.0,95.0,新加坡商海底撈事業台灣第二,娃娃菜(半),飲食,0,LOW,0,2025-10-23,2025-10,u0_24
2025-10-23,1.0,99.0,99.0,新加坡商海底撈事業台灣第二,水蓮菜(半),飲食,0,LOW,0,2025-10-23,2025-10,u0_24
2025-10-23,1.0,159.0,159.0,新加坡商海底撈事業台灣第二,三鮮火鍋(海鮮風味),飲食,0,MID,0,2025-10-23,2025-10,u0_24
2025-10-23,1.0,50.0,50.0,新加坡商海底撈事業台灣第二,日本越光米,飲食,0,LOW,0,2025-10-23,2025-10,u0_24
2025-10-23,1.0,79.0,79.0,新加坡商海底撈事業台灣第二,響鈴卷(半),飲食,0,LOW,0,2025-10-23,2025-10,u0_24
2025-10-23,1.0,69.0,69.0,新加坡商海底撈事業台灣第二,千張豆皮(半),飲食,0,LOW,0,2025-10-23,2025-10,u0_24
2025-10-24,1.0,200.0,200.0,台灣三井不動產南港,中式料理,飲食,0,MID,0,2025-10-24,2025-10,noise
2025-10-26,1.0,79.0,79.0,統一超商台北市第七四一,ab原味優酪乳902ml(瓶),飲食,0,LOW,0,2025-10-26,2025-10,u0_10
2025-10-26,2.0,40.0,80.0,統一超商台北市第七四一,(a)義美葡萄qq巧克力球,飲食,0,LOW,0,2025-10-26,2025-10,noise
2025-10-26,1.0,28.0,28.0,統一超商台北市第七四一,ab原味優酪乳206ml(瓶),飲食,0,VERY_LOW,0,2025-10-26,2025-10,u0_10
2025-10-26,1.0,30.0,30.0,統一超商台北市第七四一,台灣香蕉重量分享包(2入),飲食,0,VERY_LOW,0,2025-10-26,2025-10,u0_18
2025-10-26,1.0,69.0,69.0,統一超商台北市第七四一,粥天子-廣式皮蛋瘦肉煲粥,飲食,0,LOW,0,2025-10-26,2025-10,u0_1
2025-10-26,1.0,35.0,35.0,統一超商台北市第七四一,(a)多力多滋超濃起司味玉米片,飲食,0,VERY_LOW,0,2025-10-26,2025-10,u0_25
2025-10-27,1.0,110.0,99.0,傑洛國際台大店,嫩切雞肉堡6吋,飲食,0,LOW,0,2025-10-27,2025-10,u0_0
2025-10-27,2.0,25.0,50.0,傑洛國際台大店,餅乾1片,飲食,0,LOW,0,2025-10-27,2025-10,u0_11
2025-10-27,1.0,45.0,45.0,統一超商台北市第七四一,(a)御料小館香辣炸雞球,飲食,0,VERY_LOW,0,2025-10-27,2025-10,u0_17
2025-10-29,1.0,98.0,98.0,慵懶國際餐飲,例湯+飲料98元套餐,飲食,0,LOW,0,2025-10-29,2025-10,u0_27
2025-10-29,1.0,268.0,268.0,慵懶國際餐飲,島嶼咖哩雞肉燉飯 chicken & vegetables risotto with red curry cream sauce,飲食,0,MID,0,2025-10-29,2025-10,u0_13
2025-10-29,1.0,10.0,10.0,慵懶國際餐飲,薯球(肯)(活動),飲食,0,VERY_LOW,0,2025-10-29,2025-10,u0_13
2025-10-29,1.0,278.0,278.0,慵懶國際餐飲,香蒜白酒蛤蠣麵 clams spaghetti with white wine & garlic oil,飲食,0,MID,0,2025-10-29,2025-10,u0_13
2025-10-30,1.0,30.0,30.0,萊爾富國際第四七二六營業處,新-哆啦a夢小蛋糕,飲食,0,VERY_LOW,0,2025-10-30,2025-10,noise
2025-10-30,1.0,35.0,35.0,萊爾富國際第四七二六營業處,桂格顆粒豆漿燕麥,飲食,0,VERY_LOW,0,2025-10-30,2025-10,u0_14
2025-10-30,1.0,250.0,250.0,大飲信義門市,烏龍,飲食,0,MID,0,2025-10-30,2025-10,u0_27
2025-10-31,1.0,36.0,36.0,統一超商台北市第七四一,林聰明-雞肉飯飯糰,飲食,0,VERY_LOW,0,2025-10-31,2025-10,u0_21
2025-10-31,1.0,30.0,30.0,統一超商台北市第七四一,台灣香蕉重量分享包(2入),飲食,0,VERY_LOW,0,2025-10-31,2025-10,u0_18
2025-11-02,1.0,35.0,35.0,統一超商台北市第七四一,桂格100%燕麥(顆粒微甜)290ml,飲食,0,VERY_LOW,0,2025-11-02,2025-11,u0_14
2025-11-02,1.0,49.0,49.0,統一超商台北市第七四一,韓國農心辛香菇杯麵,飲食,0,VERY_LOW,0,2025-11-02,2025-11,u0_20
2025-11-02,1.0,25.0,25.0,統一超商台北市第七四一,(區)現蒸地瓜25元,飲食,0,VERY_LOW,0,2025-11-02,2025-11,u0_9
2025-11-02,1.0,35.0,35.0,統一超商台北市第七四一,卡辣姆久平切洋芋片勁辣唐辛35元,飲食,0,VERY_LOW,0,2025-11-02,2025-11,u0_2
2025-11-02,1.0,30.0,30.0,統一超商台北市第七四一,福樂自然零藍莓優酪,飲食,0,VERY_LOW,0,2025-11-02,2025-11,u0_32
2025-11-02,1.0,45.0,45.0,統一超商台北市第七四一,(a)御料小館香辣炸雞球,飲食,0,VERY_LOW,0,2025-11-02,2025-11,u0_17
2025-11-02,1.0,25.0,25.0,統一超商台北市第七四一,來一客杯麵京燉肉骨風味,飲食,0,VERY_LOW,0,2025-11-02,2025-11,u0_22
2025-11-03,1.0,110.0,99.0,傑洛國際台大店,嫩切雞肉堡6吋,飲食,0,LOW,0,2025-11-03,2025-11,u0_0
2025-11-03,1.0,25.0,25.0,全家便利商店台大二活門市部,一配蜂蜜牛奶球,飲食,0,VERY_LOW,0,2025-11-03,2025-11,noise
2025-11-03,1.0,28.0,28.0,全家便利商店台大二活門市部,ab優酪乳原味,飲食,0,VERY_LOW,0,2025-11-03,2025-11,u0_31
2025-11-03,1.0,35.0,35.0,全家便利商店台大二活門市部,星二配雞肉飯飯糰,飲食,0,VERY_LOW,0,2025-11-03,2025-11,u0_21
2025-11-03,1.0,25.0,25.0,傑洛國際台大店,餅乾1片,飲食,0,VERY_LOW,0,2025-11-03,2025-11,u0_12
2025-11-04,1.0,299.0,299.0,台灣屈臣氏個人用品商店政大,活沛多游離型葉黃素30粒,醫療健康,0,MID,5,2025-11-04,2025-11,u0_4
2025-11-04,2.0,54.5,109.0,台灣屈臣氏個人用品商店政大,屈臣氏棉花棒200支3入柴犬工房,購物,0,LOW,2,2025-11-04,2025-11,u0_4
2025-11-05,1.0,35.0,35.0,全家便利商店台大二活門市部,桂格顆粒燕麥飲,飲食,0,VERY_LOW,0,2025-11-05,2025-11,noise
2025-11-05,1.0,35.0,35.0,全家便利商店台大二活門市部,星一配雞肉飯飯糰,飲食,0,VERY_LOW,0,2025-11-05,2025-11,u0_21
2025-11-05,1.0,30.0,30.0,全家便利商店台大二活門市部,一配哆啦a夢小蛋糕,飲食,0,VERY_LOW,0,2025-11-05,2025-11,u0_25
2025-11-05,1.0,92.0,92.0,來佳商行,7號餐(台大店),飲食,0,LOW,0,2025-11-05,2025-11,u0_26
2025-11-07,1.0,58.0,58.0,統一超商台北市第七四一,瑞穗鮮乳土司,飲食,0,LOW,0,2025-11-07,2025-11,u0_32
2025-11-07,1.0,69.0,69.0,統一超商台北市第七四一,粥天子-廣式皮蛋瘦肉煲粥,飲食,0,LOW,0,2025-11-07,2025-11,u0_1
2025-11-07,1.0,36.0,36.0,美德耐台大卓越商場,林聰明-雞肉飯飯糰,飲食,0,VERY_LOW,0,2025-11-07,2025-11,u0_21
2025-11-07,1.0,45.0,45.0,統一超商台北市第七四一,(a)金莎3粒裝,飲食,0,VERY_LOW,0,2025-11-07,2025-11,u0_14
2025-11-07,1.0,20.0,20.0,美德耐台大卓越商場,台灣上等蕉(裸賣),飲食,0,VERY_LOW,0,2025-11-07,2025-11,u0_18
2025-11-07,1.0,28.0,28.0,美德耐台大卓越商場,ab原味優酪乳206ml(瓶),飲食,0,VERY_LOW,0,2025-11-07,2025-11,u0_10
2025-11-07,1.0,45.0,45.0,美德耐台大卓越商場,(a)御料小館香辣炸雞球,飲食,0,VERY_LOW,0,2025-11-07,2025-11,u0_13
2025-11-08,1.0,198.0,198.0,新光三越百貨台北信義二館,小吃food court,飲食,0,MID,0,2025-11-08,2025-11,noise
2025-11-08,1.0,3.0,3.0,台灣優衣庫att4fun信義店,shopping bag,購物,0,VERY_LOW,2,2025-11-08,2025-11,u0_4
2025-11-08,1.0,990.0,990.0,台灣優衣庫att4fun信義店,w 柔軟舒膚針織短版開襟外套(長袖),購物,0,HIGH,2,2025-11-08,2025-11,u0_4
2025-11-08,1.0,790.0,790.0,台灣優衣庫att4fun信義店,w 法蘭絨寬版襯衫(長袖),購物,0,HIGH,2,2025-11-08,2025-11,u0_4
2025-11-09,1.0,30.0,30.0,全家便利商店台北市第六一九,自然零藍莓優酪,飲食,0,VERY_LOW,0,2025-11-09,2025-11,u0_32
2025-11-09,1.0,380.0,380.0,誠品生活新店,try 日本語n3達陣 從日檢文法展開全方位學習 (附m,教育,0,MID,4,2025-11-09,2025-11,u0_7
2025-11-09,1.0,350.0,350.0,誠品生活新店,新日檢完勝500題n3 文字語彙文法,教育,0,MID,4,2025-11-09,2025-11,u0_7
2025-11-10,1.0,45.0,45.0,詠觀國際,馬鈴薯沙拉(熟),飲食,0,VERY_LOW,0,2025-11-10,2025-11,u0_0
2025-11-10,1.0,110.0,110.0,詠觀國際,清爽沙拉飯,飲食,0,LOW,0,2025-11-10,2025-11,u0_27
2025-11-12,1.0,142.9,150.0,精誠資訊,商品電子兌換憑證165元星享飲料券,飲食,0,MID,0,2025-11-12,2025-11,noise
2025-11-12,1.0,50.0,50.0,統一超商台北市第四三四,(a)北海鱈魚香絲(大),飲食,0,LOW,0,2025-11-12,2025-11,u0_24
2025-11-12,1.0,25.0,25.0,統一超商台北市第四三四,來一客杯麵京燉肉骨風味,飲食,0,VERY_LOW,0,2025-11-12,2025-11,u0_22
2025-11-13,1.0,110.0,99.0,傑洛國際台大店,嫩切雞肉堡6吋,飲食,0,LOW,0,2025-11-13,2025-11,u0_0
2025-11-13,1.0,25.0,25.0,傑洛國際台大店,餅乾1片,飲食,0,VERY_LOW,0,2025-11-13,2025-11,u0_12
2025-11-14,1.0,55.0,55.0,和德昌台北公館,玉米湯-大,飲食,0,LOW,0,2025-11-14,2025-11,noise
2025-11-14,1.0,109.0,109.0,和德昌台北公館,餐-十塊雞,飲食,0,LOW,0,2025-11-14,2025-11,u0_27
2025-11-14,1.0,25.0,25.0,傑洛國際台大店,餅乾1片,飲食,0,VERY_LOW,0,2025-11-14,2025-11,u0_12
2025-11-14,1.0,110.0,99.0,傑洛國際台大店,嫩切雞肉堡6吋,飲食,0,LOW,0,2025-11-14,2025-11,u0_0
2025-11-14,1.0,43.0,43.0,和德昌台北公館,配-經典大薯,飲食,0,VERY_LOW,0,2025-11-14,2025-11,u0_3
2025-11-15,1.0,142.9,150.0,精誠資訊,商品電子兌換憑證165元星享飲料券,飲食,0,MID,0,2025-11-15,2025-11,noise
2025-11-15,1.0,85.0,85.0,八川商行,青檸甘蔗蕎麥綠寶,飲食,0,LOW,0,2025-11-15,2025-11,u0_3
2025-11-15,1.0,65.0,65.0,八川商行,輕烏龍鮮奶,飲食,0,LOW,0,2025-11-15,2025-11,noise
2025-11-16,1.0,36.0,36.0,統一超商台北市第七四一,林聰明-雞肉飯飯糰,飲食,0,VERY_LOW,0,2025-11-16,2025-11,u0_21
2025-11-16,1.0,45.0,45.0,統一超商台北市第七四一,(a)御料小館香辣炸雞球,飲食,0,VERY_LOW,0,2025-11-16,2025-11,u0_17
2025-11-16,1.0,10.0,10.0,統一超商台北市第七四一,(a)科學麵原味,飲食,0,VERY_LOW,0,2025-11-16,2025-11,u0_20
2025-11-16,1.0,35.0,35.0,統一超商台北市第七四一,卡辣姆久平切洋芋片勁辣唐辛35元,飲食,0,VERY_LOW,0,2025-11-16,2025-11,u0_2
2025-11-16,1.0,49.0,49.0,統一超商台北市第七四一,ab原味優酪乳517ml(瓶),飲食,0,VERY_LOW,0,2025-11-16,2025-11,u0_10
2025-11-16,2.0,50.0,100.0,統一超商台北市第七四一,(a)北海鱈魚香絲(大),飲食,0,LOW,0,2025-11-16,2025-11,u0_24
2025-11-16,1.0,25.0,25.0,統一超商台北市第七四一,來一客杯麵京燉肉骨風味,飲食,0,VERY_LOW,0,2025-11-16,2025-11,u0_22
2025-11-17,1.0,25.0,25.0,傑洛國際台大店,餅乾1片,飲食,0,VERY_LOW,0,2025-11-17,2025-11,u0_12
2025-11-17,1.0,110.0,99.0,傑洛國際台大店,嫩切雞肉堡6吋,飲食,0,LOW,0,2025-11-17,2025-11,u0_0
2025-11-18,1.0,32.0,32.0,寶雅國際台北南西,老中醫天然仙楂70g,飲食,0,VERY_LOW,0,2025-11-18,2025-11,u0_15
2025-11-18,1.0,15.0,15.0,統一超商台北市第七四一,a4彩色160g列印web,飲食,0,VERY_LOW,0,2025-11-18,2025-11,u0_6
2025-11-19,1.0,25.0,25.0,傑洛國際台大店,餅乾1片,飲食,0,VERY_LOW,0,2025-11-19,2025-11,u0_12
2025-11-19,1.0,110.0,99.0,傑洛國際台大店,嫩切雞肉堡6吋,飲食,0,LOW,0,2025-11-19,2025-11,u0_0
2025-11-19,1.0,32.0,32.0,笑笑笑國際台北公館,四季螺旋蠟燭中藍,教育,0,VERY_LOW,4,2025-11-19,2025-11,u0_7
2025-11-19,1.0,45.0,45.0,統一超商台北市第七四一,(a)御料小館香辣炸雞球,飲食,0,VERY_LOW,0,2025-11-19,2025-11,u0_17
2025-11-19,1.0,45.0,45.0,笑笑笑國際台北公館,晴天快樂派對帽3,教育,0,VERY_LOW,4,2025-11-19,2025-11,u0_7
2025-11-19,1.0,21.0,21.0,笑笑笑國際台北公館,藝舍黑田桑生日卡,教育,0,VERY_LOW,4,2025-11-19,2025-11,u0_7
2025-11-19,1.0,109.0,109.0,笑笑笑國際台北公館,立得清酒精擦濕巾90抽,購物,0,LOW,2,2025-11-19,2025-11,u0_4
2025-11-20,1.0,1880.0,1880.0,金鍋玉葉餐飲,壽日本國產牛羽下套餐,飲食,0,VERY_HIGH,0,2025-11-20,2025-11,u0_27
2025-11-20,1.0,280.0,280.0,百亨堂文創,松露野菇牛肝菌燉飯,飲食,0,MID,0,2025-11-20,2025-11,u0_27
2025-11-20,1.0,290.0,290.0,百亨堂文創,香辣鮮蝦義大利麵,飲食,0,MID,0,2025-11-20,2025-11,u0_0
2025-11-20,1.0,160.0,160.0,百亨堂文創,冰蜜桃蘋果茶 iced apple & peach,飲食,0,MID,0,2025-11-20,2025-11,u0_32
2025-11-20,1.0,2380.0,2380.0,金鍋玉葉餐飲,壽日本和牛a5紐約客套餐,飲食,0,VERY_HIGH,0,2025-11-20,2025-11,u0_27
2025-11-20,1.0,120.0,120.0,金鍋玉葉餐飲,生豆皮1份,飲食,0,LOW,0,2025-11-20,2025-11,u0_27
2025-11-20,1.0,80.0,80.0,金鍋玉葉餐飲,綠茶冰,飲食,0,LOW,0,2025-11-20,2025-11,u0_27
2025-11-20,1.0,170.0,170.0,百亨堂文創,蘋果香蕉奶昔 apple banana shake,飲食,0,MID,0,2025-11-20,2025-11,u0_32
2025-11-20,1.0,100.0,100.0,金鍋玉葉餐飲,黑糖仙草汁,飲食,0,LOW,0,2025-11-20,2025-11,u0_27
2025-11-20,1.0,60.0,60.0,金鍋玉葉餐飲,加北海道七星米飯,飲食,0,LOW,0,2025-11-20,2025-11,u0_27
2025-11-20,1.0,462.0,462.0,金鍋玉葉餐飲,服務費,飲食,0,MID,0,2025-11-20,2025-11,u0_27
2025-11-26,1.0,28.0,28.0,統一超商台北市第四三四,ab原味優酪乳206ml(瓶),飲食,0,VERY_LOW,0,2025-11-26,2025-11,u0_10
2025-11-26,1.0,45.0,45.0,統一超商台北市第四三四,(a)御料小館香辣炸雞球,飲食,0,VERY_LOW,0,2025-11-26,2025-11,u0_17
2025-11-28,1.0,109.0,109.0,和德昌台北公館,餐-十塊雞,飲食,0,LOW,0,2025-11-28,2025-11,u0_27
2025-11-28,1.0,43.0,43.0,和德昌台北公館,配-經典大薯,飲食,0,VERY_LOW,0,2025-11-28,2025-11,u0_3
2025-11-28,1.0,55.0,55.0,和德昌台北公館,玉米湯-大,飲食,0,LOW,0,2025-11-28,2025-11,noise
2025-11-29,1.0,45.0,45.0,統一超商台北市第七四一,(a)御料小館香辣炸雞球,飲食,0,VERY_LOW,0,2025-11-29,2025-11,u0_17
2025-11-29,1.0,28.0,28.0,統一超商台北市第七四一,ab原味優酪乳206ml(瓶),飲食,0,VERY_LOW,0,2025-11-29,2025-11,u0_10
2025-11-29,1.0,59.0,59.0,統一超商台北市第七四一,粥天子-廣式皮蛋瘦肉煲粥,飲食,0,LOW,0,2025-11-29,2025-11,u0_1
2025-11-30,1.0,80.0,80.0,新光三越百貨台北信義,小吃food court,飲食,0,LOW,0,2025-11-30,2025-11,noise
2025-11-30,1.0,129.0,129.0,新光三越百貨台北信義二館,小吃food court,飲食,0,LOW,0,2025-11-30,2025-11,noise
2025-11-30,1.0,32.0,32.0,寶雅國際信義松壽,老中醫天然仙楂70g,飲食,0,VERY_LOW,0,2025-11-30,2025-11,u0_15
2025-12-01,1.0,25.0,25.0,傑洛國際台大店,餅乾1片,飲食,0,VERY_LOW,0,2025-12-01,2025-12,u0_12
2025-12-01,1.0,110.0,99.0,傑洛國際台大店,嫩切雞肉堡6吋,飲食,0,LOW,0,2025-12-01,2025-12,u0_0
2025-12-02,22.0,3.0,66.0,統一超商台北市第七四一,a4黑白影印,教育,0,LOW,4,2025-12-02,2025-12,u0_6
2025-12-02,1.0,35.0,35.0,統一超商台北市第七四一,卡辣姆久平切洋芋片勁辣唐辛35元,飲食,0,VERY_LOW,0,2025-12-02,2025-12,u0_2
2025-12-02,1.0,45.0,45.0,統一超商台北市第七四一,(a)御料小館香辣炸雞球,飲食,0,VERY_LOW,0,2025-12-02,2025-12,u0_17
2025-12-02,1.0,30.0,30.0,統一超商台北市第七四一,福樂自然零藍莓優酪,飲食,0,VERY_LOW,0,2025-12-02,2025-12,u0_32
2025-12-02,1.0,49.0,49.0,統一超商台北市第七四一,ab原味優酪乳517ml(瓶),飲食,0,VERY_LOW,0,2025-12-02,2025-12,u0_10
2025-12-02,1.0,30.0,30.0,統一超商台北市第七四一,台灣香蕉重量分享包(2入),飲食,0,VERY_LOW,0,2025-12-02,2025-12,u0_18
2025-12-03,1.0,90.0,90.0,國立臺灣大學臨時停車場,清潔維護費,交通,0,LOW,1,2025-12-03,2025-12,noise
2025-12-04,1.0,200.0,200.0,台灣三井不動產南港,中式料理,飲食,0,MID,0,2025-12-04,2025-12,noise
2025-12-04,1.0,690.0,690.0,台灣極優服飾lalaport南港店,女裝側百褶褲裙,購物,0,HIGH,2,2025-12-04,2025-12,u0_4
2025-12-04,1.0,690.0,690.0,台灣極優服飾lalaport南港店,女裝一片式百褶中長裙,購物,0,HIGH,2,2025-12-04,2025-12,u0_4
2025-12-05,1.0,110.0,99.0,傑洛國際台大店,嫩切雞肉堡6吋,飲食,0,LOW,0,2025-12-05,2025-12,u0_0
2025-12-05,1.0,25.0,25.0,傑洛國際台大店,餅乾1片,飲食,0,VERY_LOW,0,2025-12-05,2025-12,u0_12
2025-12-05,1.0,24.0,24.0,笑笑笑國際台北公館,文明mk-3001雙頭水性美工筆銘黃,教育,0,VERY_LOW,4,2025-12-05,2025-12,u0_7
2025-12-05,1.0,24.0,24.0,笑笑笑國際台北公館,文明mk-3001雙頭水性美工筆紅,教育,0,VERY_LOW,4,2025-12-05,2025-12,u0_7
2025-12-05,1.0,43.0,43.0,和德昌台北公館,配-經典大薯,飲食,0,VERY_LOW,0,2025-12-05,2025-12,u0_3
2025-12-05,1.0,13.0,13.0,笑笑笑國際台北公館,飛龍861平頭黑,教育,0,VERY_LOW,4,2025-12-05,2025-12,u0_7
2025-12-05,1.0,109.0,109.0,和德昌台北公館,餐-十塊雞,飲食,0,LOW,0,2025-12-05,2025-12,u0_27
2025-12-05,1.0,55.0,55.0,和德昌台北公館,玉米湯-大,飲食,0,LOW,0,2025-12-05,2025-12,noise
2025-12-05,1.0,24.0,24.0,笑笑笑國際台北公館,文明mk-3001雙頭水性美工筆柑,教育,0,VERY_LOW,4,2025-12-05,2025-12,u0_7
2025-12-09,1.0,45.0,45.0,統一超商台北市第七四一,(a)御料小館香辣炸雞球,飲食,0,VERY_LOW,0,2025-12-09,2025-12,u0_17
2025-12-09,1.0,25.0,25.0,統一超商台北市第七四一,來一客杯麵京燉肉骨風味,飲食,0,VERY_LOW,0,2025-12-09,2025-12,u0_22
2025-12-09,1.0,28.0,28.0,統一超商台北市第七四一,ab原味優酪乳206ml(瓶),飲食,0,VERY_LOW,0,2025-12-09,2025-12,u0_10
2025-12-09,1.0,20.0,20.0,統一超商台北市第七四一,台灣上等蕉(裸賣),飲食,0,VERY_LOW,0,2025-12-09,2025-12,u0_18
2025-12-09,1.0,18.0,18.0,統一超商台北市第七四一,黃金魚蛋,飲食,0,VERY_LOW,0,2025-12-09,2025-12,u0_24
2025-12-09,2.0,15.0,30.0,統一超商台北市第七四一,白蘿蔔,飲食,0,VERY_LOW,0,2025-12-09,2025-12,u0_9
2025-12-09,1.0,49.0,49.0,統一超商台北市第七四一,ab原味優酪乳517ml(瓶),飲食,0,VERY_LOW,0,2025-12-09,2025-12,u0_10
2025-12-09,1.0,25.0,25.0,統一超商台北市第七四一,(a)來一客杯麵鮮蝦魚板風味,飲食,0,VERY_LOW,0,2025-12-09,2025-12,u0_22
2025-12-10,12.0,3.0,36.0,統一超商台北市第七四一,a4黑白列印ibon,教育,0,VERY_LOW,4,2025-12-10,2025-12,u0_6
2025-12-10,1.0,110.0,99.0,傑洛國際台大店,嫩切雞肉堡6吋,飲食,0,LOW,0,2025-12-10,2025-12,u0_0
2025-12-10,1.0,25.0,25.0,傑洛國際台大店,餅乾1片,飲食,0,VERY_LOW,0,2025-12-10,2025-12,u0_12
2025-12-10,14.0,3.0,42.0,統一超商台北市第七四一,a4黑白列印ibon,教育,0,VERY_LOW,4,2025-12-10,2025-12,u0_6
2025-12-10,32.0,3.0,96.0,統一超商台北市第七四一,a4黑白列印ibon,教育,0,LOW,4,2025-12-10,2025-12,u0_6
2025-12-10,1.0,56.0,56.0,寶雅國際台北公館,蘇菲彈力貼身超薄潔翼18片日用23cm,購物,0,LOW,2,2025-12-10,2025-12,u0_4
2025-12-10,1.0,39.0,39.0,寶雅國際台北公館,蘇菲超熟睡彈力貼身衛生棉8片35cm,購物,0,VERY_LOW,2,2025-12-10,2025-12,u0_4
2025-12-10,1.0,78.0,78.0,寶雅國際台北公館,蘇菲彈力貼身極薄01潔翼18片日用23cm,購物,0,LOW,2,2025-12-10,2025-12,u0_4
2025-12-10,1.0,2.0,2.0,寶雅國際台北公館,代收(售)-台北市購物兩用袋(中),購物,0,VERY_LOW,2,2025-12-10,2025-12,u0_4
2025-12-10,18.0,3.0,54.0,統一超商台北市第七四一,a4黑白列印ibon,教育,0,LOW,4,2025-12-10,2025-12,u0_6
2025-12-12,1.0,25.0,25.0,傑洛國際台大店,餅乾1片,飲食,0,VERY_LOW,0,2025-12-12,2025-12,u0_12
2025-12-12,1.0,110.0,99.0,傑洛國際台大店,嫩切雞肉堡6吋,飲食,0,LOW,0,2025-12-12,2025-12,u0_0
2025-12-14,1.0,45.0,45.0,統一超商台北市第七四一,(a)御料小館香辣炸雞球,飲食,0,VERY_LOW,0,2025-12-14,2025-12,u0_17
2025-12-14,1.0,35.0,35.0,統一超商台北市第七四一,卡辣姆久平切洋芋片勁辣唐辛35元,飲食,0,VERY_LOW,0,2025-12-14,2025-12,u0_2
2025-12-14,1.0,59.0,59.0,統一超商台北市第七四一,粥天子-廣式皮蛋瘦肉煲粥,飲食,0,LOW,0,2025-12-14,2025-12,u0_1
2025-12-14,1.0,30.0,30.0,統一超商台北市第七四一,(區)現蒸地瓜30元,飲食,0,VERY_LOW,0,2025-12-14,2025-12,u0_9
2025-12-15,1.0,110.0,99.0,傑洛國際台大店,嫩切雞肉堡6吋,飲食,0,LOW,0,2025-12-15,2025-12,u0_0
2025-12-15,1.0,25.0,25.0,傑洛國際台大店,餅乾1片,飲食,0,VERY_LOW,0,2025-12-15,2025-12,u0_12
2025-12-16,1.0,45.0,45.0,統一超商台北市第七四一,(a)御料小館香辣炸雞球,飲食,0,VERY_LOW,0,2025-12-16,2025-12,u0_16
2025-12-16,1.0,35.0,35.0,統一超商台北市第七四一,拉麵道日式豚骨風味,飲食,0,VERY_LOW,0,2025-12-16,2025-12,u0_22
2025-12-16,1.0,36.0,36.0,統一超商台北市第七四一,林聰明-雞肉飯飯糰,飲食,0,VERY_LOW,0,2025-12-16,2025-12,u0_21
2025-12-16,1.0,49.0,49.0,統一超商台北市第七四一,韓國農心辛香菇杯麵,飲食,0,VERY_LOW,0,2025-12-16,2025-12,u0_20
2025-12-16,1.0,30.0,30.0,統一超商台北市第七四一,晨光葡萄土司,飲食,0,VERY_LOW,0,2025-12-16,2025-12,noise
2025-12-16,1.0,160.0,160.0,國立臺灣大學臨時停車場,清潔維護費,交通,0,MID,1,2025-12-16,2025-12,noise
2025-12-17,1.0,25.0,25.0,傑洛國際台大店,餅乾1片,飲食,0,VERY_LOW,0,2025-12-17,2025-12,u0_12
2025-12-17,14.0,3.0,42.0,統一超商台北市第七四一,a4黑白列印ibon,教育,0,VERY_LOW,4,2025-12-17,2025-12,u0_6
2025-12-17,1.0,3.0,3.0,台灣極優服飾lalaport南港店,shopping bag,購物,0,VERY_LOW,2,2025-12-17,2025-12,u0_4
2025-12-17,1.0,690.0,690.0,台灣極優服飾lalaport南港店,puff蓬鬆柔軟圓領針織開襟(菱格紋),購物,0,HIGH,2,2025-12-17,2025-12,u0_4
2025-12-17,1.0,228.0,228.0,台灣三井不動產南港,五色石鍋拌飯,飲食,0,MID,0,2025-12-17,2025-12,noise
2025-12-17,1.0,110.0,99.0,傑洛國際台大店,嫩切雞肉堡6吋,飲食,0,LOW,0,2025-12-17,2025-12,u0_0
2025-12-17,46.0,3.0,138.0,統一超商台北市第七四一,a4黑白列印ibon,教育,0,LOW,4,2025-12-17,2025-12,u0_6
2025-12-18,1.0,161.0,161.0,新加坡商宜睿智慧台灣,麥當勞勁辣鷄腿堡+薯條(小)+四塊麥克鷄塊+可樂(中) 好禮即享券,飲食,0,MID,0,2025-12-18,2025-12,u0_2
2025-12-18,1.0,902.0,902.0,威秀影城新店,餐飲,飲食,0,HIGH,0,2025-12-18,2025-12,u0_26
2025-12-20,1.0,49.0,49.0,統一超商台北市第七四一,ab原味優酪乳517ml(瓶),飲食,0,VERY_LOW,0,2025-12-20,2025-12,u0_10
2025-12-20,1.0,50.0,50.0,統一超商台北市第七四一,(a)北海鱈魚香絲(大),飲食,0,LOW,0,2025-12-20,2025-12,u0_24
2025-12-20,1.0,45.0,45.0,統一超商台北市第七四一,(a)御料小館香辣炸雞球,飲食,0,VERY_LOW,0,2025-12-20,2025-12,u0_16
2025-12-21,1.0,60.0,60.0,國雲公寓大廈管理維護中安場,停車費,交通,0,LOW,1,2025-12-21,2025-12,noise
2025-12-22,1.0,110.0,99.0,傑洛國際台大店,嫩切雞肉堡6吋,飲食,0,LOW,0,2025-12-22,2025-12,u0_0
2025-12-22,1.0,25.0,25.0,傑洛國際台大店,餅乾1片,飲食,0,VERY_LOW,0,2025-12-22,2025-12,u0_12
2025-12-22,1.0,55.0,55.0,和德昌台北公館,玉米湯-大,飲食,0,LOW,0,2025-12-22,2025-12,noise
2025-12-22,1.0,43.0,43.0,和德昌台北公館,配-經典大薯,飲食,0,VERY_LOW,0,2025-12-22,2025-12,u0_3
2025-12-22,1.0,109.0,109.0,和德昌台北公館,餐-咖哩10塊雞,飲食,0,LOW,0,2025-12-22,2025-12,u0_27
2025-12-23,1.0,99.0,99.0,寶雅國際台北南西,高露潔纖柔備長炭牙刷3入,醫療健康,0,LOW,5,2025-12-23,2025-12,u0_4
2025-12-23,1.0,142.9,150.0,精誠資訊,商品電子兌換憑證165元星享飲料券,飲食,0,MID,0,2025-12-23,2025-12,noise
2025-12-23,1.0,70.0,70.0,沐亞,蜜桃烏龍(小心果核),飲食,0,LOW,0,2025-12-23,2025-12,u0_18
2025-12-24,1.0,49.0,49.0,統一超商台北市第七四一,ab原味優酪乳517ml(瓶),飲食,0,VERY_LOW,0,2025-12-24,2025-12,u0_10
2025-12-24,1.0,25.0,25.0,統一超商台北市第七四一,統一麵包快樂牛奶球,飲食,0,VERY_LOW,0,2025-12-24,2025-12,u0_25
2025-12-26,1.0,25.0,25.0,統一超商台北市第七四一,統一麵包快樂牛奶球,飲食,0,VERY_LOW,0,2025-12-26,2025-12,u0_25
2025-12-26,1.0,35.0,35.0,統一超商台北市第七四一,卡辣姆久平切洋芋片勁辣唐辛35元,飲食,0,VERY_LOW,0,2025-12-26,2025-12,u0_2
2025-12-27,1.0,159.0,159.0,主富服裝信義二店,2051101301,購物,0,MID,2,2025-12-27,2025-12,u0_4
2025-12-27,1.0,310.0,310.0,香港商一蘭台灣,拉麵,飲食,0,MID,0,2025-12-27,2025-12,noise
2025-12-27,1.0,310.0,310.0,香港商一蘭台灣,拉麵,飲食,0,MID,0,2025-12-27,2025-12,noise
2025-12-27,1.0,60.0,60.0,香港商一蘭台灣,白飯,飲食,0,LOW,0,2025-12-27,2025-12,noise
2025-12-27,1.0,32.0,32.0,寶雅國際信義松壽,老中醫天然仙楂70g,飲食,0,VERY_LOW,0,2025-12-27,2025-12,u0_15
2025-12-27,1.0,145.0,145.0,香港商一蘭台灣,燉煮叉燒肉,飲食,0,LOW,0,2025-12-27,2025-12,noise
2025-12-28,1.0,825.0,825.0,微風場站開發,餐飲,飲食,0,HIGH,0,2025-12-28,2025-12,u0_26
2025-12-28,1.0,69.0,69.0,萊爾富國際第四三四三,高露潔護齦牙刷,醫療健康,0,LOW,5,2025-12-28,2025-12,u0_4
2025-12-28,3.0,120.0,360.0,威秀影城新竹南門,優惠單人套餐,飲食,0,MID,0,2025-12-28,2025-12,u0_26
2025-12-29,1.0,25.0,25.0,傑洛國際台大店,餅乾1片,飲食,0,VERY_LOW,0,2025-12-29,2025-12,u0_12
2025-12-29,1.0,110.0,99.0,傑洛國際台大店,嫩切雞肉堡6吋,飲食,0,LOW,0,2025-12-29,2025-12,u0_0
2025-12-31,1.0,25.0,25.0,統一超商台北市第七四一,雪花嘉義方塊酥,飲食,0,VERY_LOW,0,2025-12-31,2025-12,u0_25
2025-12-31,1.0,49.0,49.0,統一超商台北市第七四一,健達巧克力含牛奶內餡(4入),飲食,0,VERY_LOW,0,2025-12-31,2025-12,u0_25
2025-12-31,1.0,50.0,50.0,統一超商台北市第七四一,(a)北海鱈魚香絲(大),飲食,0,LOW,0,2025-12-31,2025-12,u0_24
2025-12-31,1.0,35.0,35.0,統一超商台北市第七四一,比菲多減糖綠茶350ml,飲食,0,VERY_LOW,0,2025-12-31,2025-12,u0_32
2025-12-31,1.0,45.0,45.0,統一超商台北市第七四一,(a)御料小館香辣炸雞球,飲食,0,VERY_LOW,0,2025-12-31,2025-12,u0_17
2025-12-31,1.0,35.0,35.0,統一超商台北市第七四一,阜杭原味豆漿,飲食,0,VERY_LOW,0,2025-12-31,2025-12,u0_20
2026-01-07,1.0,68.0,68.0,和德昌竹山大明,餐-六塊雞,飲食,0,LOW,0,2026-01-07,2026-01,u0_27
2026-01-07,1.0,55.0,55.0,和德昌竹山大明,玉米湯-大,飲食,0,LOW,0,2026-01-07,2026-01,noise
2026-01-07,1.0,10.0,10.0,和德昌竹山大明,d小薯,飲食,0,VERY_LOW,0,2026-01-07,2026-01,u0_3
2026-01-07,1.0,27.0,27.0,和德昌竹山大明,配-經典中薯,飲食,0,VERY_LOW,0,2026-01-07,2026-01,u0_3
2026-01-13,1.0,15.0,15.0,統一超商台北市第一0三二,統一麵包愛心牛奶球,飲食,0,VERY_LOW,0,2026-01-13,2026-01,u0_25
2026-01-13,1.0,35.0,35.0,統一超商台北市第一0三二,桂格100%燕麥(顆粒微甜)290ml,飲食,0,VERY_LOW,0,2026-01-13,2026-01,u0_14
2026-01-13,1.0,45.0,45.0,統一超商台北市第七四一,(a)御料小館香辣炸雞球,飲食,0,VERY_LOW,0,2026-01-13,2026-01,u0_17
2026-01-13,1.0,70.0,70.0,沐亞,蜜桃烏龍(小心果核),飲食,0,LOW,0,2026-01-13,2026-01,u0_18
2026-01-14,1.0,210.0,210.0,昇恒昌桃園二期,a5牛肉湯麵套餐,飲食,0,MID,0,2026-01-14,2026-01,u0_27
2026-01-14,2.0,89.0,178.0,統一超商台北市第七四一,biory 女用日拋免洗內褲3入-l,購物,0,MID,2,2026-01-14,2026-01,u0_4
2026-01-21,1.0,28.0,28.0,微風場站開發,美妝雜貨-松本清,購物,0,VERY_LOW,2,2026-01-21,2026-01,u0_4
2026-01-22,1.0,152.4,160.0,精誠資訊,商品電子兌換憑證星巴克175元星享飲料券,飲食,0,MID,0,2026-01-22,2026-01,noise
2026-01-22,1.0,152.4,160.0,精誠資訊,商品電子兌換憑證星巴克175元星享飲料券,飲食,0,MID,0,2026-01-22,2026-01,noise
2026-01-23,1.0,59.0,59.0,統一超商台北市第七四一,粥天子-廣式皮蛋瘦肉煲粥,飲食,0,LOW,0,2026-01-23,2026-01,u0_1
2026-01-23,1.0,45.0,45.0,統一超商台北市第七四一,(a)御料小館香辣炸雞球,飲食,0,VERY_LOW,0,2026-01-23,2026-01,u0_17
2026-01-23,1.0,79.0,79.0,統一超商台北市第七四一,ab原味優酪乳902ml(瓶),飲食,0,LOW,0,2026-01-23,2026-01,u0_10
2026-01-25,1.0,30.0,30.0,統一超商台北市第七四一,福樂自然零藍莓優酪,飲食,0,VERY_LOW,0,2026-01-25,2026-01,u0_32
2026-01-25,1.0,25.0,25.0,統一超商台北市第七四一,來一客杯麵京燉肉骨風味,飲食,0,VERY_LOW,0,2026-01-25,2026-01,u0_22
2026-01-25,2.0,25.0,50.0,統一超商台北市第七四一,(a)來一客杯麵鮮蝦魚板風味,飲食,0,LOW,0,2026-01-25,2026-01,u0_22
2026-01-25,1.0,30.0,30.0,統一超商台北市第七四一,台灣香蕉重量分享包(2入),飲食,0,VERY_LOW,0,2026-01-25,2026-01,u0_18
2026-01-25,1.0,45.0,45.0,統一超商台北市第七四一,(a)御料小館香辣炸雞球,飲食,0,VERY_LOW,0,2026-01-25,2026-01,u0_17
2026-01-25,2.0,36.0,72.0,統一超商台北市第七四一,林聰明-雞肉飯飯糰,飲食,0,LOW,0,2026-01-25,2026-01,u0_21
2026-01-26,1.0,990.0,990.0,美商蘋果亞洲台灣信義a13店,mw2r3za/a,購物,0,HIGH,2,2026-01-26,2026-01,u0_4
2026-01-27,1.0,25.0,25.0,傑洛國際台大店,餅乾1片,飲食,0,VERY_LOW,0,2026-01-27,2026-01,u0_12
2026-01-27,1.0,110.0,99.0,傑洛國際台大店,嫩切雞肉堡6吋,飲食,0,LOW,0,2026-01-27,2026-01,u0_0
2026-01-28,1.0,32.0,32.0,寶雅國際台北南西,老中醫天然仙楂70g,飲食,0,VERY_LOW,0,2026-01-28,2026-01,u0_15
2026-01-29,1.0,32.0,32.0,寶雅國際台北南西,老中醫天然仙楂70g,飲食,0,VERY_LOW,0,2026-01-29,2026-01,u0_15
2026-01-29,1.0,50.0,50.0,誠品生活南西,尚品捲髮奶奶甜甜圈 甜甜圈 正價品,教育,0,LOW,4,2026-01-29,2026-01,u0_4
2026-02-01,1.0,40.0,40.0,國立臺灣大學臨時停車場,停車場清潔維護費,交通,0,VERY_LOW,1,2026-02-01,2026-02,noise
2026-02-02,2.0,32.0,64.0,寶雅國際信義松壽,老中醫天然仙楂70g,飲食,0,LOW,0,2026-02-02,2026-02,u0_15
2026-02-04,1.0,28.0,28.0,統一超商台北市第七四一,ab原味優酪乳206ml(瓶),飲食,0,VERY_LOW,0,2026-02-04,2026-02,u0_10
2026-02-04,1.0,45.0,45.0,統一超商台北市第七四一,(a)御料小館香辣炸雞球,飲食,0,VERY_LOW,0,2026-02-04,2026-02,u0_17
2026-02-04,1.0,35.0,35.0,統一超商台北市第七四一,卡辣姆久平切洋芋片勁辣唐辛35元,飲食,0,VERY_LOW,0,2026-02-04,2026-02,u0_2
2026-02-04,1.0,152.4,160.0,精誠資訊,商品電子兌換憑證星巴克175元星享飲料券,飲食,0,MID,0,2026-02-04,2026-02,noise
2026-02-04,1.0,280.0,280.0,丁崔兄弟,唐揚雞咖哩飯,飲食,0,MID,0,2026-02-04,2026-02,u0_27
2026-02-04,1.0,250.0,250.0,丁崔兄弟,lasagna,飲食,0,MID,0,2026-02-04,2026-02,u0_29
2026-02-04,1.0,180.0,180.0,丁崔兄弟,抹茶牛奶(i),飲食,0,MID,0,2026-02-04,2026-02,u0_25
2026-02-04,1.0,170.0,170.0,丁崔兄弟,拿鐵(i),飲食,0,MID,0,2026-02-04,2026-02,u0_25
2026-02-05,1.0,60.0,60.0,傑洛國際台大店,餅乾3片,飲食,0,LOW,0,2026-02-05,2026-02,u0_11
2026-02-05,1.0,110.0,99.0,傑洛國際台大店,嫩切雞肉堡6吋,飲食,0,LOW,0,2026-02-05,2026-02,u0_0
2026-02-06,1.0,160.0,160.0,好泰商行,打拋豬豬-不辣,飲食,0,MID,0,2026-02-06,2026-02,u0_13
2026-02-07,1.0,28.0,28.0,統一超商台北市第七四一,ab原味優酪乳206ml(瓶),飲食,0,VERY_LOW,0,2026-02-07,2026-02,u0_10
2026-02-07,1.0,25.0,25.0,統一超商台北市第七四一,統一麵包快樂牛奶球,飲食,0,VERY_LOW,0,2026-02-07,2026-02,u0_25
2026-02-07,1.0,2325.0,2325.0,鼎王國際餐飲無老台北永康,餐飲,飲食,0,VERY_HIGH,0,2026-02-07,2026-02,u0_26
2026-02-07,1.0,2860.0,2860.0,誠品生活南西,每天穿什麼mini matters 服飾 正價品,購物,0,VERY_HIGH,2,2026-02-07,2026-02,u0_4
2026-02-08,1.0,45.0,45.0,聯發國際餐飲事業樂己中山南西店,三窨十五茉,飲食,0,VERY_LOW,0,2026-02-08,2026-02,u0_26
2026-02-12,1.0,110.0,110.0,微風場站開發,餐飲,飲食,0,LOW,0,2026-02-12,2026-02,u0_26
2026-02-16,1.0,15.0,15.0,統一超商南投縣第一一一,4x6專用紙-15元授權,教育,0,VERY_LOW,4,2026-02-16,2026-02,u0_4
2026-02-16,4.0,15.0,60.0,統一超商南投縣第一一一,4x6專用紙-15元授權,教育,0,LOW,4,2026-02-16,2026-02,u0_4
2026-02-21,1.0,30.0,30.0,東引快刀手企業社,蘿蔔,飲食,0,VERY_LOW,0,2026-02-21,2026-02,u0_29
2026-02-21,1.0,65.0,65.0,東引快刀手企業社,招牌(小),飲食,0,LOW,0,2026-02-21,2026-02,u0_29
2026-02-21,2.0,20.0,40.0,東引快刀手企業社,豆干,飲食,0,VERY_LOW,0,2026-02-21,2026-02,u0_29
2026-02-21,1.0,15.0,15.0,東引快刀手企業社,滷蛋,飲食,0,VERY_LOW,0,2026-02-21,2026-02,u0_29
2026-02-21,1.0,55.0,55.0,東引快刀手企業社,豬油麵(小),飲食,0,LOW,0,2026-02-21,2026-02,u0_30
2026-02-21,1.0,55.0,55.0,東引快刀手企業社,豬耳朵,飲食,0,LOW,0,2026-02-21,2026-02,u0_29
2026-02-21,1.0,40.0,40.0,東引快刀手企業社,嘴邊肉(半),飲食,0,VERY_LOW,0,2026-02-21,2026-02,u0_29
2026-02-21,1.0,30.0,30.0,東引快刀手企業社,蘿蔔,飲食,0,VERY_LOW,0,2026-02-21,2026-02,u0_29
2026-02-21,1.0,65.0,65.0,東引快刀手企業社,雙醬麵(小),飲食,0,LOW,0,2026-02-21,2026-02,u0_30
2026-02-21,1.0,75.0,75.0,東引快刀手企業社,餛飩麵(小),飲食,0,LOW,0,2026-02-21,2026-02,u0_30
2026-02-21,1.0,35.0,35.0,東引快刀手企業社,魯肉飯(小),飲食,0,VERY_LOW,0,2026-02-21,2026-02,u0_30
2026-02-21,1.0,45.0,45.0,東引快刀手企業社,燙青菜時蔬,飲食,0,VERY_LOW,0,2026-02-21,2026-02,u0_29
2026-02-21,1.0,70.0,70.0,東引快刀手企業社,蘿蔔牛肉清湯,飲食,0,LOW,0,2026-02-21,2026-02,u0_30
2026-02-21,1.0,20.0,20.0,東引快刀手企業社,豆干,飲食,0,VERY_LOW,0,2026-02-21,2026-02,u0_29
2026-02-22,1.0,60.0,60.0,國立臺灣大學臨時停車場,停車費,交通,0,LOW,1,2026-02-22,2026-02,noise
2026-02-23,1.0,35.0,35.0,和德昌台北公館,冰綠茶-小,飲食,0,VERY_LOW,0,2026-02-23,2026-02,u0_23
2026-02-23,1.0,68.0,68.0,和德昌台北公館,b12_四重麥香雞,飲食,0,LOW,0,2026-02-23,2026-02,u0_3
2026-02-23,4.0,230.0,920.0,寶島光學科技寶島汀州路,藥水,醫療健康,0,HIGH,5,2026-02-23,2026-02,u0_4
2026-02-23,2.0,1000.0,2000.0,寶島光學科技寶島汀州路,隱形,醫療健康,0,VERY_HIGH,5,2026-02-23,2026-02,u0_4
2026-02-24,1.0,110.0,99.0,傑洛國際台大店,嫩切雞肉堡6吋,飲食,0,LOW,0,2026-02-24,2026-02,u0_0
2026-02-24,1.0,60.0,60.0,傑洛國際台大店,餅乾3片,飲食,0,LOW,0,2026-02-24,2026-02,u0_11
2026-02-25,2.0,49.0,98.0,統一超商台北市第七四一,韓國農心辛香菇杯麵,飲食,0,LOW,0,2026-02-25,2026-02,u0_20
2026-02-25,1.0,1474.0,1474.0,台北金融大樓,餐食,飲食,0,HIGH,0,2026-02-25,2026-02,u0_26
2026-02-26,1.0,45.0,45.0,統一超商台北市第七四一,(a)御料小館香辣炸雞球,飲食,0,VERY_LOW,0,2026-02-26,2026-02,noise
2026-02-26,1.0,35.0,35.0,統一超商台北市第七四一,卡辣姆久平切洋芋片勁辣唐辛35元,飲食,0,VERY_LOW,0,2026-02-26,2026-02,u0_2
2026-02-26,1.0,49.0,49.0,統一超商台北市第七四一,ab原味優酪乳517ml(瓶),飲食,0,VERY_LOW,0,2026-02-26,2026-02,u0_10
2026-02-27,1.0,25.0,25.0,統一超商台北市第七四一,(區)現蒸地瓜25元,飲食,0,VERY_LOW,0,2026-02-27,2026-02,u0_9
2026-02-27,1.0,59.0,59.0,統一超商台北市第七四一,粥天子-廣式皮蛋瘦肉煲粥,飲食,0,LOW,0,2026-02-27,2026-02,u0_1
2026-02-27,1.0,25.0,25.0,統一超商台北市第七四一,來一客杯麵肉燥菠菜風味,飲食,0,VERY_LOW,0,2026-02-27,2026-02,u0_22
2026-02-27,2.0,35.0,70.0,統一超商台北市第七四一,卡辣姆久平切洋芋片勁辣唐辛35元,飲食,0,LOW,0,2026-02-27,2026-02,u0_5
2026-02-28,1.0,70.0,70.0,沐亞,蜜桃烏龍(小心果核),飲食,0,LOW,0,2026-02-28,2026-02,u0_18
2026-02-28,1.0,400.0,400.0,金興發南西,hangyodon寶藏夜市系列微盒max,購物,0,MID,2,2026-02-28,2026-02,u0_4
2026-02-28,1.0,19.0,15.0,金興發南西,早午餐兄弟純水濕紙巾_吐司款100抽,購物,0,VERY_LOW,2,2026-02-28,2026-02,u0_4
2026-02-28,2.0,32.0,64.0,寶雅國際台北南西,老中醫天然仙楂70g,飲食,0,LOW,0,2026-02-28,2026-02,u0_15
2026-02-28,1.0,366.0,366.0,寶雅國際台北南西,凱婷怪獸級持色唇膏3g-19,購物,0,MID,2,2026-02-28,2026-02,u0_4
2026-03-01,2.0,25.0,50.0,傑洛國際台大店,餅乾1片,飲食,0,LOW,0,2026-03-01,2026-03,u0_11
2026-03-01,1.0,125.0,113.0,傑洛國際台大店,鮮嫩雞柳堡6吋,飲食,0,LOW,0,2026-03-01,2026-03,u0_0
2026-03-02,1.0,45.0,45.0,統一超商台北市第七四一,(a)御料小館香辣炸雞球,飲食,0,VERY_LOW,0,2026-03-02,2026-03,u0_16
2026-03-02,1.0,25.0,25.0,統一超商台北市第七四一,(區)現蒸地瓜25元,飲食,0,VERY_LOW,0,2026-03-02,2026-03,u0_9
2026-03-02,1.0,59.0,59.0,統一超商台北市第七四一,粥天子-廣式皮蛋瘦肉煲粥,飲食,0,LOW,0,2026-03-02,2026-03,u0_1
2026-03-02,1.0,30.0,30.0,統一超商台北市第七四一,台灣香蕉重量分享包(2入),飲食,0,VERY_LOW,0,2026-03-02,2026-03,u0_18
2026-03-03,1.0,110.0,99.0,傑洛國際台大店,嫩切雞肉堡6吋,飲食,0,LOW,0,2026-03-03,2026-03,u0_0
2026-03-03,1.0,49.0,49.0,笑笑笑國際台北公館,15k赤牛皮公文信封50張,教育,0,VERY_LOW,4,2026-03-03,2026-03,u0_7
2026-03-03,2.0,25.0,50.0,傑洛國際台大店,餅乾1片,飲食,0,LOW,0,2026-03-03,2026-03,u0_11
2026-03-04,1.0,35.0,35.0,統一超商台北市第七四一,桂格100%燕麥(顆粒微甜)290ml,飲食,0,VERY_LOW,0,2026-03-04,2026-03,u0_14
2026-03-04,1.0,3.0,3.0,統一超商台北市第七四一,a4黑白列印ibon,教育,0,VERY_LOW,4,2026-03-04,2026-03,u0_6
2026-03-04,1.0,35.0,35.0,統一超商台北市第七四一,(區)現蒸地瓜35元,飲食,0,VERY_LOW,0,2026-03-04,2026-03,u0_9
2026-03-04,1.0,10.0,10.0,統一超商台北市第七四一,茶葉蛋,飲食,0,VERY_LOW,0,2026-03-04,2026-03,u0_21
2026-03-04,1.0,18.0,18.0,優食台灣,服務費和其他費用,飲食,0,VERY_LOW,0,2026-03-04,2026-03,u0_8
2026-03-04,1.0,35.0,35.0,優食台灣,外送費,飲食,0,VERY_LOW,0,2026-03-04,2026-03,u0_19
2026-03-04,1.0,185.0,185.0,小螺波餐飲公館店,uber經典招牌螺蛳粉-小辣,交通,0,MID,1,2026-03-04,2026-03,u0_30
2026-03-06,1.0,25.0,25.0,傑洛國際台大店,餅乾1片,飲食,0,VERY_LOW,0,2026-03-06,2026-03,u0_12
2026-03-06,1.0,110.0,99.0,傑洛國際台大店,嫩切雞肉堡6吋,飲食,0,LOW,0,2026-03-06,2026-03,u0_0
2026-03-07,1.0,110.0,99.0,傑洛國際台大店,嫩切雞肉堡6吋,飲食,0,LOW,0,2026-03-07,2026-03,u0_0
2026-03-07,1.0,60.0,60.0,傑洛國際台大店,餅乾3片,飲食,0,LOW,0,2026-03-07,2026-03,u0_11
2026-03-07,1.0,39.0,39.0,寶雅國際台北公館,潔霜s浴廁清潔劑650g,購物,0,VERY_LOW,2,2026-03-07,2026-03,u0_4
2026-03-07,1.0,99.0,99.0,寶雅國際台北公館,清秀佳人-三角免洗褲5入-l,購物,0,LOW,2,2026-03-07,2026-03,u0_4
2026-03-07,1.0,2.0,2.0,寶雅國際台北公館,代收(售)-台北市購物兩用袋(中),購物,0,VERY_LOW,2,2026-03-07,2026-03,u0_4
2026-03-07,1.0,65.0,65.0,寶雅國際台北公館,良澔仙楂梅160g,飲食,0,LOW,0,2026-03-07,2026-03,u0_15
2026-03-09,1.0,24.0,24.0,笑笑笑國際台北公館,亞柏25mm黑色長尾夾225,教育,0,VERY_LOW,4,2026-03-09,2026-03,u0_7
2026-03-09,1.0,30.0,30.0,統一超商台北市第七四一,(區)現蒸地瓜30元,飲食,0,VERY_LOW,0,2026-03-09,2026-03,u0_9
2026-03-10,1.0,60.0,60.0,傑洛國際台大店,餅乾3片,飲食,0,LOW,0,2026-03-10,2026-03,u0_11
2026-03-10,1.0,3.0,3.0,統一超商台北市第七四一,a4黑白列印ibon,教育,0,VERY_LOW,4,2026-03-10,2026-03,u0_6
2026-03-10,1.0,110.0,99.0,傑洛國際台大店,嫩切雞肉堡6吋,飲食,0,LOW,0,2026-03-10,2026-03,u0_0
2026-03-11,1.0,68.0,68.0,和德昌台北公館,b12_四重麥香雞,飲食,0,LOW,0,2026-03-11,2026-03,u0_3
2026-03-11,1.0,35.0,35.0,和德昌台北公館,冰綠茶-小,飲食,0,VERY_LOW,0,2026-03-11,2026-03,u0_23
2026-03-12,2.0,35.0,70.0,統一超商台北市第七四一,卡辣姆久平切洋芋片勁辣唐辛35元,飲食,0,LOW,0,2026-03-12,2026-03,u0_5
2026-03-12,1.0,25.0,25.0,統一超商台北市第七四一,(區)現蒸地瓜25元,飲食,0,VERY_LOW,0,2026-03-12,2026-03,u0_9
2026-03-12,1.0,20.0,20.0,統一超商台北市第七四一,台灣上等蕉(裸賣),飲食,0,VERY_LOW,0,2026-03-12,2026-03,u0_18
2026-03-12,1.0,59.0,59.0,統一超商台北市第七四一,粥天子-廣式皮蛋瘦肉煲粥,飲食,0,LOW,0,2026-03-12,2026-03,u0_1
2026-03-12,1.0,45.0,45.0,統一超商台北市第七四一,(a)御料小館香辣炸雞球,飲食,0,VERY_LOW,0,2026-03-12,2026-03,u0_16
2026-03-12,2.0,35.0,70.0,統一超商台北市第七四一,桂格100%燕麥(顆粒微甜)290ml,飲食,0,LOW,0,2026-03-12,2026-03,u0_14
2026-03-13,1.0,60.0,60.0,傑洛國際台大店,餅乾3片,飲食,0,LOW,0,2026-03-13,2026-03,u0_11
2026-03-14,1.0,187.0,187.0,師園食品,餐費,飲食,0,MID,0,2026-03-14,2026-03,u0_19
2026-03-14,1.0,55.0,55.0,優食台灣,外送費,飲食,0,LOW,0,2026-03-14,2026-03,u0_5
2026-03-14,1.0,15.0,15.0,優食台灣,服務費和其他費用,飲食,0,VERY_LOW,0,2026-03-14,2026-03,u0_8
2026-03-16,2.0,35.0,70.0,統一超商台北市第七四一,桂格100%燕麥(顆粒微甜)290ml,飲食,0,LOW,0,2026-03-16,2026-03,u0_14
2026-03-16,1.0,49.0,49.0,統一超商台北市第七四一,韓國農心辛香菇杯麵,飲食,0,VERY_LOW,0,2026-03-16,2026-03,u0_20
2026-03-16,1.0,25.0,25.0,統一超商台北市第七四一,來一客杯麵京燉肉骨風味,飲食,0,VERY_LOW,0,2026-03-16,2026-03,u0_22
2026-03-16,2.0,35.0,70.0,統一超商台北市第七四一,卡辣姆久厚切洋芋片勁辣唐辛35元,飲食,0,LOW,0,2026-03-16,2026-03,u0_5
2026-03-16,1.0,65.0,80.0,昭元咖啡館,義式磚壓-火腿起士,飲食,0,LOW,0,2026-03-16,2026-03,u0_23
2026-03-16,1.0,30.0,30.0,統一超商台北市第332,晨光葡萄土司,飲食,0,VERY_LOW,0,2026-03-16,2026-03,noise
2026-03-16,1.0,45.0,45.0,統一超商台北市第七四一,(a)御料小館香辣炸雞球,飲食,0,VERY_LOW,0,2026-03-16,2026-03,u0_16
2026-03-16,1.0,80.0,80.0,昭元咖啡館,hf焙茶鮮奶冰沙-中冰,飲食,0,LOW,0,2026-03-16,2026-03,u0_23
2026-03-17,1.0,105.0,105.0,寶雅國際台北公館,立得清酒精擦溼巾90抽,購物,0,LOW,2,2026-03-17,2026-03,u0_4
2026-03-17,1.0,139.0,139.0,寶雅國際台北公館,蘇菲彈力貼身超薄潔翼12片4入日用23cm,購物,0,LOW,2,2026-03-17,2026-03,u0_4
2026-03-17,1.0,25.0,25.0,傑洛國際台大店,餅乾1片,飲食,0,VERY_LOW,0,2026-03-17,2026-03,u0_12
2026-03-17,1.0,35.0,35.0,傑洛國際台大店,嫩煎蛋一片,飲食,0,VERY_LOW,0,2026-03-17,2026-03,u0_12
2026-03-17,1.0,125.0,113.0,傑洛國際台大店,鮮嫩雞柳堡6吋,飲食,0,LOW,0,2026-03-17,2026-03,u0_0
2026-03-17,1.0,95.0,95.0,陌生人商行,野生藍莓優格(m),飲食,0,LOW,0,2026-03-17,2026-03,noise
2026-03-18,1.0,60.0,60.0,傑洛國際台大店,餅乾3片,飲食,0,LOW,0,2026-03-18,2026-03,u0_11
2026-03-18,1.0,110.0,99.0,傑洛國際台大店,嫩切雞肉堡6吋,飲食,0,LOW,0,2026-03-18,2026-03,u0_0
2026-03-20,1.0,30.0,30.0,全家便利商店台大二活門市部,一配哆啦a夢小蛋糕,飲食,0,VERY_LOW,0,2026-03-20,2026-03,u0_25
2026-03-20,1.0,28.0,28.0,全家便利商店台大二活門市部,ab優酪乳原味,飲食,0,VERY_LOW,0,2026-03-20,2026-03,u0_31
2026-03-20,1.0,1000.0,1000.0,凡可企業社,任選四盒1000元(hellocik免膠睫毛 - 眨眼下睫毛ˊ 3/5左右出貨x2,購物,0,HIGH,2,2026-03-20,2026-03,u0_4
2026-03-21,1.0,820.0,820.0,魔法部,項鍊cliff,購物,0,HIGH,2,2026-03-21,2026-03,u0_4
2026-03-21,1.0,780.0,780.0,魔法部,項鍊cipher,購物,0,HIGH,2,2026-03-21,2026-03,u0_4
2026-03-21,1.0,20.0,20.0,東引快刀手企業社,豆干,飲食,0,VERY_LOW,0,2026-03-21,2026-03,u0_29
2026-03-21,1.0,15.0,15.0,東引快刀手企業社,海帶,飲食,0,VERY_LOW,0,2026-03-21,2026-03,u0_29
2026-03-21,1.0,90.0,90.0,東引快刀手企業社,餛飩牛肉湯麵(小),飲食,0,LOW,0,2026-03-21,2026-03,u0_30
2026-03-21,1.0,1447.0,1447.0,誠品生活南西,每天穿什麼mini matters 服飾 正價品,購物,0,HIGH,2,2026-03-21,2026-03,u0_4
2026-03-21,2.0,35.0,70.0,統一超商台北市第七四一,桂格100%燕麥(顆粒微甜)290ml,飲食,0,LOW,0,2026-03-21,2026-03,u0_14
2026-03-21,1.0,45.0,45.0,東引快刀手企業社,燙青菜時蔬,飲食,0,VERY_LOW,0,2026-03-21,2026-03,u0_29
2026-03-22,1.0,35.0,35.0,和德昌台北公館,冰綠茶-小,飲食,0,VERY_LOW,0,2026-03-22,2026-03,u0_23
2026-03-22,1.0,68.0,68.0,和德昌台北公館,b12_四重麥香雞,飲食,0,LOW,0,2026-03-22,2026-03,u0_3
2026-03-23,1.0,25.0,25.0,統一超商台北市第七四一,(區)現蒸地瓜25元,飲食,0,VERY_LOW,0,2026-03-23,2026-03,u0_9
2026-03-23,1.0,20.0,20.0,統一超商台北市第七四一,台灣上等蕉(裸賣),飲食,0,VERY_LOW,0,2026-03-23,2026-03,u0_18
2026-03-23,1.0,59.0,59.0,統一超商台北市第七四一,粥天子-廣式皮蛋瘦肉煲粥,飲食,0,LOW,0,2026-03-23,2026-03,u0_1
2026-03-23,3.0,12.0,36.0,統一超商台北市第七四一,統一布丁--雞蛋口味,飲食,0,VERY_LOW,0,2026-03-23,2026-03,u0_25
2026-03-24,1.0,110.0,99.0,傑洛國際台大店,嫩切雞肉堡6吋,飲食,0,LOW,0,2026-03-24,2026-03,u0_0
2026-03-24,1.0,60.0,60.0,傑洛國際台大店,餅乾3片,飲食,0,LOW,0,2026-03-24,2026-03,u0_11
2026-03-24,1.0,13.0,13.0,全家便利商店台大二活門市部,茶葉蛋(銷售用),飲食,0,VERY_LOW,0,2026-03-24,2026-03,u0_21
2026-03-24,1.0,18.0,18.0,全家便利商店台大二活門市部,金蘋果調味乳蘋果風味,飲食,0,VERY_LOW,0,2026-03-24,2026-03,u0_32
2026-03-25,1.0,30.0,30.0,全家便利商店台大二活門市部,蕃薯(30元),飲食,0,VERY_LOW,0,2026-03-25,2026-03,u0_21
2026-03-25,1.0,13.0,13.0,全家便利商店台大二活門市部,茶葉蛋(銷售用),飲食,0,VERY_LOW,0,2026-03-25,2026-03,u0_21
2026-03-26,1.0,16.0,16.0,優食台灣,服務費和其他費用,飲食,0,VERY_LOW,0,2026-03-26,2026-03,u0_8
2026-03-26,1.0,25.0,25.0,優食台灣,外送費,飲食,0,VERY_LOW,0,2026-03-26,2026-03,u0_19
2026-03-27,1.0,110.0,99.0,傑洛國際台大店,嫩切雞肉堡6吋,飲食,0,LOW,0,2026-03-27,2026-03,u0_0
2026-03-27,1.0,60.0,60.0,傑洛國際台大店,餅乾3片,飲食,0,LOW,0,2026-03-27,2026-03,u0_11
2026-03-27,1.0,45.0,45.0,統一超商台北市第七四一,(a)御料小館香辣炸雞球,飲食,0,VERY_LOW,0,2026-03-27,2026-03,u0_16
2026-03-27,2.0,35.0,70.0,統一超商台北市第七四一,卡辣姆久平切洋芋片勁辣唐辛35元,飲食,0,LOW,0,2026-03-27,2026-03,u0_5
2026-03-27,1.0,600.0,600.0,忠欣,toeic 證書,教育,0,HIGH,4,2026-03-27,2026-03,u0_7
2026-03-27,1.0,25.0,25.0,統一超商台北市第七四一,來一客杯麵京燉肉骨風味,飲食,0,VERY_LOW,0,2026-03-27,2026-03,u0_22
2026-03-27,1.0,20.0,20.0,統一超商台北市第七四一,台灣上等蕉(裸賣),飲食,0,VERY_LOW,0,2026-03-27,2026-03,u0_18
2026-03-27,1.0,3.0,3.0,美德耐台大卓越商場,a4黑白列印ibon,教育,0,VERY_LOW,4,2026-03-27,2026-03,u0_6
2026-03-27,1.0,49.0,49.0,統一超商台北市第七四一,韓國農心辛香菇杯麵,飲食,0,VERY_LOW,0,2026-03-27,2026-03,u0_20
2026-03-28,1.0,13.0,13.0,優食台灣,服務費和其他費用,飲食,0,VERY_LOW,0,2026-03-28,2026-03,u0_8
2026-03-28,1.0,55.0,55.0,優食台灣,外送費,飲食,0,LOW,0,2026-03-28,2026-03,u0_5
2026-03-29,1.0,55.0,55.0,優食台灣,外送費,飲食,0,LOW,0,2026-03-29,2026-03,u0_5
2026-03-29,1.0,18.0,18.0,優食台灣,服務費和其他費用,飲食,0,VERY_LOW,0,2026-03-29,2026-03,u0_8
2026-03-30,1.0,59.0,59.0,統一超商台北市第七四一,粥天子-廣式皮蛋瘦肉煲粥,飲食,0,LOW,0,2026-03-30,2026-03,u0_1
2026-03-30,1.0,45.0,45.0,統一超商台北市第七四一,(a)御料小館椒鹽鹽酥雞,飲食,0,VERY_LOW,0,2026-03-30,2026-03,u0_17
2026-03-31,1.0,21.0,21.0,笑笑笑國際台北公館,大菱定頁32k筆記本,教育,0,VERY_LOW,4,2026-03-31,2026-03,u0_7
2026-03-31,1.0,25.0,25.0,傑洛國際台大店,餅乾1片,飲食,0,VERY_LOW,0,2026-03-31,2026-03,u0_12
2026-03-31,1.0,110.0,99.0,傑洛國際台大店,嫩切雞肉堡6吋,飲食,0,LOW,0,2026-03-31,2026-03,u0_0
2026-04-01,1.0,45.0,45.0,統一超商台北市第七四一,(a)御料小館香辣炸雞球,飲食,0,VERY_LOW,0,2026-04-01,2026-04,u0_17
2026-04-01,1.0,35.0,35.0,統一超商台北市第七四一,桂格100%燕麥(顆粒微甜)290ml,飲食,0,VERY_LOW,0,2026-04-01,2026-04,u0_14
2026-04-01,1.0,35.0,35.0,統一超商台北市第七四一,(區)現蒸地瓜35元,飲食,0,VERY_LOW,0,2026-04-01,2026-04,u0_9
2026-04-07,1.0,35.0,35.0,全家便利商店台大二活門市部,桂格顆粒燕麥飲,飲食,0,VERY_LOW,0,2026-04-07,2026-04,noise
2026-04-07,1.0,13.0,13.0,全家便利商店台大二活門市部,茶葉蛋(銷售用),飲食,0,VERY_LOW,0,2026-04-07,2026-04,u0_21
2026-04-07,1.0,35.0,35.0,全家便利商店台大二活門市部,桂格顆粒燕麥飲,飲食,0,VERY_LOW,0,2026-04-07,2026-04,noise
2026-04-07,1.0,25.0,25.0,傑洛國際台大店,餅乾1片,飲食,0,VERY_LOW,0,2026-04-07,2026-04,u0_12
2026-04-07,1.0,110.0,99.0,傑洛國際台大店,嫩切雞肉堡6吋,飲食,0,LOW,0,2026-04-07,2026-04,u0_0
2026-04-08,1.0,40.0,40.0,統一超商台北市第七四一,(區)現蒸地瓜40元,飲食,0,VERY_LOW,0,2026-04-08,2026-04,u0_9
2026-04-09,1.0,17.0,17.0,優食台灣,服務費和其他費用,飲食,0,VERY_LOW,0,2026-04-09,2026-04,u0_8
2026-04-09,1.0,55.0,55.0,優食台灣,外送費,飲食,0,LOW,0,2026-04-09,2026-04,u0_5
2026-04-10,1.0,110.0,99.0,傑洛國際台大店,嫩切雞肉堡6吋,飲食,0,LOW,0,2026-04-10,2026-04,u0_0
2026-04-10,1.0,60.0,60.0,傑洛國際台大店,餅乾3片,飲食,0,LOW,0,2026-04-10,2026-04,u0_11
2026-04-11,1.0,10.0,10.0,優食台灣,外送費,飲食,0,VERY_LOW,0,2026-04-11,2026-04,u0_19
2026-04-11,1.0,15.0,15.0,優食台灣,服務費和其他費用,飲食,0,VERY_LOW,0,2026-04-11,2026-04,u0_8
2026-04-11,1.0,75.0,75.0,萬隆小吃店,粗-招牌乾麵p,飲食,0,LOW,0,2026-04-11,2026-04,u0_30
2026-04-11,1.0,11.0,11.0,優食台灣,服務費和其他費用,飲食,0,VERY_LOW,0,2026-04-11,2026-04,u0_8
2026-04-11,1.0,15.0,15.0,優食台灣,外送費,飲食,0,VERY_LOW,0,2026-04-11,2026-04,u0_19
2026-04-11,1.0,27.0,27.0,萬隆小吃店,白豆漿p,飲食,0,VERY_LOW,0,2026-04-11,2026-04,noise
2026-04-12,1.0,35.0,35.0,統一超商台北市第七四一,卡辣姆久平切洋芋片勁辣唐辛35元,飲食,0,VERY_LOW,0,2026-04-12,2026-04,u0_2
2026-04-12,1.0,45.0,45.0,統一超商台北市第七四一,(a)御料小館香辣炸雞球,飲食,0,VERY_LOW,0,2026-04-12,2026-04,u0_17
2026-04-12,2.0,35.0,70.0,統一超商台北市第七四一,拉麵道日式豚骨風味,飲食,0,LOW,0,2026-04-12,2026-04,u0_22
2026-04-14,1.0,116.0,116.0,悠旅生活事業台北市第六,經典咖啡松露生巧,飲食,0,LOW,0,2026-04-14,2026-04,u0_23
2026-04-14,1.0,154.0,154.0,悠旅生活事業台北市第六,冰蘋果青茶大,飲食,0,MID,0,2026-04-14,2026-04,u0_23
2026-04-14,1.0,110.0,99.0,傑洛國際台大店,嫩切雞肉堡6吋,飲食,0,LOW,0,2026-04-14,2026-04,u0_0
2026-04-14,1.0,90.0,90.0,東引快刀手企業社,餛飩牛肉湯麵(小),飲食,0,LOW,0,2026-04-14,2026-04,u0_30
2026-04-14,1.0,30.0,30.0,東引快刀手企業社,蘿蔔,飲食,0,VERY_LOW,0,2026-04-14,2026-04,u0_29
2026-04-14,1.0,20.0,20.0,東引快刀手企業社,豆干,飲食,0,VERY_LOW,0,2026-04-14,2026-04,u0_29
2026-04-15,1.0,13.0,13.0,全家便利商店台大二活門市部,茶葉蛋(銷售用),飲食,0,VERY_LOW,0,2026-04-15,2026-04,u0_21
2026-04-15,1.0,28.0,28.0,全家便利商店台大二活門市部,ab優酪乳原味,飲食,0,VERY_LOW,0,2026-04-15,2026-04,u0_31
2026-04-16,1.0,17.0,17.0,優食台灣,服務費和其他費用,飲食,0,VERY_LOW,0,2026-04-16,2026-04,u0_8
2026-04-16,1.0,55.0,55.0,優食台灣,外送費,飲食,0,LOW,0,2026-04-16,2026-04,u0_5
2026-04-17,1.0,45.0,45.0,統一超商台北市第七四一,(a)御料小館香辣炸雞球,飲食,0,VERY_LOW,0,2026-04-17,2026-04,u0_16
2026-04-17,1.0,35.0,35.0,統一超商台北市第七四一,桂格100%燕麥(顆粒微甜)290ml,飲食,0,VERY_LOW,0,2026-04-17,2026-04,u0_14
2026-04-17,1.0,30.0,30.0,統一超商台北市第七四一,晨光葡萄土司,飲食,0,VERY_LOW,0,2026-04-17,2026-04,noise
2026-04-18,1.0,16.0,16.0,優食台灣,服務費和其他費用,飲食,0,VERY_LOW,0,2026-04-18,2026-04,u0_8
2026-04-18,1.0,55.0,55.0,優食台灣,外送費,飲食,0,LOW,0,2026-04-18,2026-04,u0_5
2026-04-20,1.0,10.0,10.0,優食台灣,外送費,飲食,0,VERY_LOW,0,2026-04-20,2026-04,u0_19
2026-04-20,1.0,10.0,10.0,優食台灣,服務費和其他費用,飲食,0,VERY_LOW,0,2026-04-20,2026-04,u0_8
2026-04-20,1.0,25.0,25.0,統一超商台北市第七四一,統一麵包快樂牛奶球,飲食,0,VERY_LOW,0,2026-04-20,2026-04,u0_25
2026-04-20,1.0,27.0,27.0,萬隆小吃店,白豆漿p,飲食,0,VERY_LOW,0,2026-04-20,2026-04,noise
2026-04-20,1.0,45.0,45.0,統一超商台北市第七四一,(a)御料小館香辣炸雞球,飲食,0,VERY_LOW,0,2026-04-20,2026-04,u0_16
2026-04-20,1.0,30.0,30.0,統一超商台北市第七四一,台灣香蕉重量分享包(2入),飲食,0,VERY_LOW,0,2026-04-20,2026-04,u0_18
2026-04-20,1.0,75.0,75.0,萬隆小吃店,粗-招牌乾麵p,飲食,0,LOW,0,2026-04-20,2026-04,u0_30
2026-04-20,1.0,36.0,36.0,統一超商台北市第七四一,林聰明-雞肉飯飯糰,飲食,0,VERY_LOW,0,2026-04-20,2026-04,u0_21
2026-04-21,2.0,35.0,70.0,全家便利商店台大二活門市部,桂格顆粒燕麥飲,飲食,0,LOW,0,2026-04-21,2026-04,noise
2026-04-21,1.0,110.0,99.0,傑洛國際台大店,嫩切雞肉堡6吋,飲食,0,LOW,0,2026-04-21,2026-04,u0_0
2026-04-22,1.0,20.0,20.0,統一超商台北市第七四一,台灣上等蕉(裸賣),飲食,0,VERY_LOW,0,2026-04-22,2026-04,u0_18
2026-04-22,1.0,25.0,25.0,統一超商台北市第七四一,統一麵包快樂牛奶球,飲食,0,VERY_LOW,0,2026-04-22,2026-04,u0_25
2026-04-22,1.0,13.0,13.0,優食台灣,服務費和其他費用,飲食,0,VERY_LOW,0,2026-04-22,2026-04,u0_8
2026-04-22,1.0,55.0,55.0,優食台灣,外送費,飲食,0,LOW,0,2026-04-22,2026-04,u0_5
2026-04-22,1.0,25.0,25.0,統一超商台北市第七四一,來一客杯麵京燉肉骨風味,飲食,0,VERY_LOW,0,2026-04-22,2026-04,u0_22
2026-04-23,1.0,36.0,36.0,統一超商台北市第七四一,林聰明-雞肉飯飯糰,飲食,0,VERY_LOW,0,2026-04-23,2026-04,u0_21
2026-04-23,1.0,25.0,25.0,統一超商台北市第七四一,(區)現蒸地瓜25元,飲食,0,VERY_LOW,0,2026-04-23,2026-04,u0_9
2026-04-23,1.0,45.0,45.0,統一超商台北市第七四一,(a)御料小館香辣炸雞球,飲食,0,VERY_LOW,0,2026-04-23,2026-04,u0_16
2026-04-23,1.0,49.0,49.0,統一超商台北市第七四一,韓國農心辛香菇杯麵,飲食,0,VERY_LOW,0,2026-04-23,2026-04,u0_20
2026-04-23,1.0,35.0,35.0,統一超商台北市第七四一,卡辣姆久平切洋芋片勁辣唐辛35元,飲食,0,VERY_LOW,0,2026-04-23,2026-04,u0_2
2026-04-24,1.0,585.0,585.0,趣趣好食,鹹酥雞套餐-rextor,飲食,0,HIGH,0,2026-04-24,2026-04,u0_13
2026-04-24,1.0,69.0,69.0,寶雅國際台北公館,kesho乾濕兩用粉撲海綿12入-pb03房形,購物,0,LOW,2,2026-04-24,2026-04,u0_4
2026-04-24,1.0,38.0,38.0,寶雅國際台北公館,泰國皇家牛奶片 25g,飲食,0,VERY_LOW,0,2026-04-24,2026-04,u0_10
2026-04-24,1.0,120.0,120.0,趣趣好食,冷泡茶,飲食,0,LOW,0,2026-04-24,2026-04,u0_23
2026-04-24,2.0,100.0,200.0,趣趣好食,pink salt lemonade檸檬茶,飲食,0,MID,0,2026-04-24,2026-04,u0_13
2026-04-25,1.0,10.0,10.0,統一超商台北市第七四一,茶葉蛋,飲食,0,VERY_LOW,0,2026-04-25,2026-04,u0_21
2026-04-25,1.0,30.0,30.0,統一超商台北市第七四一,晨光葡萄土司,飲食,0,VERY_LOW,0,2026-04-25,2026-04,noise
2026-04-25,2.0,35.0,70.0,統一超商台北市第七四一,卡辣姆久平切洋芋片勁辣唐辛35元,飲食,0,LOW,0,2026-04-25,2026-04,u0_5
2026-04-25,1.0,45.0,45.0,統一超商台北市第七四一,(a)御料小館香辣炸雞球,飲食,0,VERY_LOW,0,2026-04-25,2026-04,u0_17
2026-04-26,1.0,80.0,80.0,新光三越百貨台北信義,小吃food court,飲食,0,LOW,0,2026-04-26,2026-04,noise
2026-04-26,1.0,75.0,75.0,百春飲料店,甜品,飲食,0,LOW,0,2026-04-26,2026-04,u0_27
2026-04-28,1.0,110.0,99.0,傑洛國際台大店,嫩切雞肉堡6吋,飲食,0,LOW,0,2026-04-28,2026-04,u0_0
2026-04-28,1.0,60.0,60.0,傑洛國際台大店,餅乾3片,飲食,0,LOW,0,2026-04-28,2026-04,u0_11
2026-04-28,1.0,219.0,230.0,精誠資訊,商品電子兌換憑證星巴克保佑 福吉平安組合,飲食,0,MID,0,2026-04-28,2026-04,noise
2026-04-30,1.0,166.7,175.0,精誠資訊,商品電子兌換憑證星巴克你最可愛組合,飲食,0,MID,0,2026-04-30,2026-04,noise
2026-05-02,1.0,32.0,32.0,寶雅國際秀泰文心,老中醫天然仙楂70g,娛樂,0,VERY_LOW,3,2026-05-02,2026-05,u0_15
2026-05-05,1.0,28.0,28.0,全家便利商店台大二活門市部,鮮乳坊起司銀絲卷,飲食,0,VERY_LOW,0,2026-05-05,2026-05,u0_31
2026-05-05,1.0,35.0,35.0,全家便利商店台大二活門市部,一配經典蜂蜜蛋糕,飲食,0,VERY_LOW,0,2026-05-05,2026-05,u0_31
2026-05-05,1.0,30.0,30.0,全家便利商店台大二活門市部,自然零藍莓優酪,飲食,0,VERY_LOW,0,2026-05-05,2026-05,u0_32
2026-05-05,1.0,25.0,25.0,傑洛國際台大店,餅乾1片,飲食,0,VERY_LOW,0,2026-05-05,2026-05,u0_12
2026-05-05,1.0,110.0,99.0,傑洛國際台大店,嫩切雞肉堡6吋,飲食,0,LOW,0,2026-05-05,2026-05,u0_0
2026-05-06,1.0,17.0,17.0,優食台灣,服務費和其他費用,飲食,0,VERY_LOW,0,2026-05-06,2026-05,u0_8
2026-05-06,1.0,55.0,55.0,優食台灣,外送費,飲食,0,LOW,0,2026-05-06,2026-05,u0_5
2026-05-06,1.0,247.0,247.0,寶雅國際台北公館,solone天生好手極細三角眉筆15g-ex04,購物,0,MID,2,2026-05-06,2026-05,u0_4
2026-05-06,1.0,32.0,32.0,寶雅國際台北公館,老中醫天然仙楂70g,飲食,0,VERY_LOW,0,2026-05-06,2026-05,u0_15
2026-05-07,1.0,90.0,90.0,東引快刀手企業社,餛飩牛肉湯麵(小),飲食,0,LOW,0,2026-05-07,2026-05,u0_30
2026-05-07,1.0,30.0,30.0,東引快刀手企業社,蘿蔔,飲食,0,VERY_LOW,0,2026-05-07,2026-05,u0_29
2026-05-07,1.0,20.0,20.0,東引快刀手企業社,豆干,飲食,0,VERY_LOW,0,2026-05-07,2026-05,u0_29
2026-05-08,2.0,15.0,30.0,統一超商台北市第七四一,a4彩色160g列印ibon,教育,0,VERY_LOW,4,2026-05-08,2026-05,u0_6
2026-05-08,1.0,60.0,60.0,傑洛國際台大店,餅乾3片,飲食,0,LOW,0,2026-05-08,2026-05,u0_11
2026-05-08,1.0,110.0,99.0,傑洛國際台大店,嫩切雞肉堡6吋,飲食,0,LOW,0,2026-05-08,2026-05,u0_0
2026-05-09,2.0,42.0,84.0,統一多拿滋小巨蛋門市部,濃醇豆香波堤250318,飲食,0,LOW,0,2026-05-09,2026-05,u0_25
2026-05-09,1.0,600.0,600.0,誠品生活站前忠孝,台灣客美多珈琲 餐飲 正價品,飲食,0,HIGH,0,2026-05-09,2026-05,u0_26
2026-05-10,1.0,38.0,38.0,和德昌台北公館,冰紅茶-中,飲食,0,VERY_LOW,0,2026-05-10,2026-05,u0_23
2026-05-10,1.0,109.0,109.0,和德昌台北公館,餐-十塊雞,飲食,0,LOW,0,2026-05-10,2026-05,u0_27
2026-05-10,1.0,43.0,43.0,和德昌台北公館,配-經典大薯,飲食,0,VERY_LOW,0,2026-05-10,2026-05,u0_3
2026-05-10,1.0,238.1,250.0,精誠資訊,商品電子兌換憑證星巴克你是最特別的人組合,飲食,0,MID,0,2026-05-10,2026-05,noise
2026-05-10,1.0,20.0,20.0,萊爾富國際第3088,uni water550水,飲食,0,VERY_LOW,0,2026-05-10,2026-05,u0_31
2026-05-10,1.0,52.0,52.0,全家便利商店台北市第六三四,富士蘋果(截切-袋),飲食,0,LOW,0,2026-05-10,2026-05,u0_18
2026-05-10,2.0,99.0,198.0,統一超商台北市第一0三四,蘇菲清新涼感薄荷日用23cm9片,飲食,0,MID,0,2026-05-10,2026-05,u0_18
2026-05-11,1.0,35.0,35.0,統一超商台北市第七四一,卡辣姆久平切洋芋片勁辣唐辛35元,飲食,0,VERY_LOW,0,2026-05-11,2026-05,u0_2
2026-05-11,1.0,59.0,59.0,統一超商台北市第七四一,粥天子-廣式皮蛋瘦肉煲粥,飲食,0,LOW,0,2026-05-11,2026-05,u0_1
2026-05-11,1.0,45.0,45.0,統一超商台北市第七四一,(a)御料小館香辣炸雞球,飲食,0,VERY_LOW,0,2026-05-11,2026-05,u0_17
2026-05-11,1.0,110.0,99.0,傑洛國際台大店,嫩切雞肉堡6吋,飲食,0,LOW,0,2026-05-11,2026-05,u0_0
2026-05-12,1.0,30.0,30.0,全家便利商店台大二活門市部,大高麗菜包,飲食,0,VERY_LOW,0,2026-05-12,2026-05,u0_21
2026-05-12,2.0,28.0,56.0,全家便利商店台大二活門市部,ab優酪乳原味,飲食,0,LOW,0,2026-05-12,2026-05,u0_31
2026-05-13,1.0,110.0,99.0,傑洛國際台大店,嫩切雞肉堡6吋,飲食,0,LOW,0,2026-05-13,2026-05,u0_0
2026-05-13,1.0,25.0,25.0,傑洛國際台大店,餅乾1片,飲食,0,VERY_LOW,0,2026-05-13,2026-05,u0_12
2026-05-13,1.0,25.0,25.0,全家便利商店台大二活門市部,一配蜂蜜牛奶球,飲食,0,VERY_LOW,0,2026-05-13,2026-05,noise
2026-05-14,1.0,15.0,15.0,優食台灣,服務費和其他費用,飲食,0,VERY_LOW,0,2026-05-14,2026-05,u0_8
2026-05-14,1.0,55.0,55.0,優食台灣,外送費,飲食,0,LOW,0,2026-05-14,2026-05,u0_5
2026-05-15,1.0,28.0,28.0,全家便利商店台大二活門市部,鮮乳坊起司銀絲卷,飲食,0,VERY_LOW,0,2026-05-15,2026-05,u0_31
2026-05-15,1.0,35.0,35.0,全家便利商店台大二活門市部,桂格顆粒燕麥飲,飲食,0,VERY_LOW,0,2026-05-15,2026-05,noise
2026-05-15,1.0,383.0,383.0,寶雅國際台北公館,im meme我愛魔皮柔焦蜜粉10g,購物,0,MID,2,2026-05-15,2026-05,u0_4
2026-05-15,1.0,15.0,15.0,優食台灣,服務費和其他費用,飲食,0,VERY_LOW,0,2026-05-15,2026-05,u0_8
2026-05-15,1.0,30.0,30.0,優食台灣,外送費,飲食,0,VERY_LOW,0,2026-05-15,2026-05,u0_19
2026-05-16,1.0,45.0,45.0,統一超商台北市第七四一,(a)御料小館香辣炸雞球,飲食,0,VERY_LOW,0,2026-05-16,2026-05,u0_17
2026-05-16,1.0,35.0,35.0,統一超商台北市第七四一,卡辣姆久平切洋芋片勁辣唐辛35元,飲食,0,VERY_LOW,0,2026-05-16,2026-05,u0_2
2026-05-16,1.0,30.0,30.0,統一超商台北市第七四一,台灣香蕉重量分享包(2入),飲食,0,VERY_LOW,0,2026-05-16,2026-05,u0_18
2026-05-16,1.0,36.0,36.0,統一超商台北市第七四一,林聰明-雞肉飯飯糰,飲食,0,VERY_LOW,0,2026-05-16,2026-05,u0_21
2026-05-17,1.0,49.0,49.0,統一超商台北市第七四一,韓國農心辛香菇杯麵,飲食,0,VERY_LOW,0,2026-05-17,2026-05,u0_20
2026-05-17,1.0,45.0,45.0,統一超商台北市第七四一,(a)御料小館香辣炸雞球,飲食,0,VERY_LOW,0,2026-05-17,2026-05,u0_17
2026-05-17,2.0,50.0,100.0,統一超商台北市第七四一,(a)北海鱈魚香絲(大),飲食,0,LOW,0,2026-05-17,2026-05,u0_24
2026-05-17,2.0,30.0,60.0,統一超商台北市第七四一,福樂自然零藍莓優酪,飲食,0,LOW,0,2026-05-17,2026-05,u0_32
2026-05-17,1.0,59.0,59.0,統一超商台北市第七四一,(區)粥天子-田園雞蓉玉米粥,飲食,0,LOW,0,2026-05-17,2026-05,u0_21
2026-05-18,1.0,15.0,15.0,優食台灣,服務費和其他費用,飲食,0,VERY_LOW,0,2026-05-18,2026-05,u0_8
2026-05-18,1.0,20.0,20.0,優食台灣,外送費,飲食,0,VERY_LOW,0,2026-05-18,2026-05,u0_19
2026-05-19,1.0,110.0,99.0,傑洛國際台大店,嫩切雞肉堡6吋,飲食,0,LOW,0,2026-05-19,2026-05,u0_0
2026-05-19,2.0,28.0,56.0,全家便利商店台大二活門市部,ab優酪乳原味,飲食,0,LOW,0,2026-05-19,2026-05,u0_31
2026-05-20,1.0,49.0,49.0,統一超商台北市第七四一,ab原味優酪乳517ml(瓶),飲食,0,VERY_LOW,0,2026-05-20,2026-05,u0_10
2026-05-21,1.0,15.0,15.0,優食台灣,服務費和其他費用,飲食,0,VERY_LOW,0,2026-05-21,2026-05,u0_8
2026-05-21,1.0,35.0,35.0,全家便利商店台大二活門市部,桂格顆粒燕麥飲,飲食,0,VERY_LOW,0,2026-05-21,2026-05,noise
2026-05-21,1.0,10.0,10.0,優食台灣,外送費,飲食,0,VERY_LOW,0,2026-05-21,2026-05,u0_19
2026-05-22,1.0,300.0,300.0,韓星國際廣場,泡菜煎餅 김치전 kimchi pancake,飲食,0,MID,0,2026-05-22,2026-05,u0_13
2026-05-22,1.0,150.0,150.0,韓星國際廣場,服務費,飲食,0,MID,0,2026-05-22,2026-05,u0_24
2026-05-22,1.0,1199.0,1199.0,韓星國際廣場,豬肉拼盤 돼지모둠 pork combo 2人套餐五花肉 삼겹살 pork belly+松阪肉항정살pork jowl+梅花목살boston butt+海鮮大醬鍋(附飯) 된장찌개 soybean paste soup+韓式起司蒸雞蛋 치즈폭탄계란찜 cheese steamed eggs,飲食,0,HIGH,0,2026-05-22,2026-05,u0_13
2026-05-22,1.0,22.0,22.0,全家便利商店台大二活門市部,金蘋果調味乳蘋果風味,飲食,0,VERY_LOW,0,2026-05-22,2026-05,u0_32
2026-05-22,1.0,18.0,18.0,全家便利商店台大二活門市部,芝麻包,飲食,0,VERY_LOW,0,2026-05-22,2026-05,u0_21
2026-05-22,1.0,30.0,30.0,全家便利商店台大二活門市部,大高麗菜包,飲食,0,VERY_LOW,0,2026-05-22,2026-05,u0_21
2026-05-23,1.0,43.0,43.0,和德昌台北公館,配-經典大薯,飲食,0,VERY_LOW,0,2026-05-23,2026-05,u0_3
2026-05-23,1.0,43.0,43.0,和德昌台北公館,冰綠茶-中,飲食,0,VERY_LOW,0,2026-05-23,2026-05,u0_23
2026-05-23,1.0,78.0,78.0,和德昌台北公館,餐-勁辣雞腿,飲食,0,LOW,0,2026-05-23,2026-05,u0_27
2026-05-23,1.0,160.0,160.0,瑤池企業社,黑糖牛奶-ice,飲食,0,MID,0,2026-05-23,2026-05,u0_25
2026-05-23,1.0,160.0,160.0,瑤池企業社,水餃10粒-辣,飲食,0,MID,0,2026-05-23,2026-05,u0_20
2026-05-24,1.0,25.0,25.0,優食台灣,外送費,飲食,0,VERY_LOW,0,2026-05-24,2026-05,u0_19
2026-05-24,1.0,16.0,16.0,優食台灣,服務費和其他費用,飲食,0,VERY_LOW,0,2026-05-24,2026-05,u0_8
2026-05-24,1.0,25.0,25.0,統一超商台北市第七四一,來一客杯麵京燉肉骨風味,飲食,0,VERY_LOW,0,2026-05-24,2026-05,u0_22
2026-05-24,1.0,59.0,59.0,統一超商台北市第七四一,粥天子-廣式皮蛋瘦肉煲粥,飲食,0,LOW,0,2026-05-24,2026-05,u0_1
2026-05-24,1.0,45.0,45.0,統一超商台北市第七四一,(a)御料小館香辣炸雞球,飲食,0,VERY_LOW,0,2026-05-24,2026-05,u0_16
2026-05-24,2.0,35.0,70.0,統一超商台北市第七四一,卡辣姆久平切洋芋片勁辣唐辛35元,飲食,0,LOW,0,2026-05-24,2026-05,u0_5
2026-05-24,1.0,10.0,10.0,統一超商台北市第七四一,茶葉蛋,飲食,0,VERY_LOW,0,2026-05-24,2026-05,u0_21
2026-05-24,1.0,49.0,49.0,統一超商台北市第七四一,韓國農心辛香菇杯麵,飲食,0,VERY_LOW,0,2026-05-24,2026-05,u0_20
2026-05-25,1.0,15.0,15.0,優食台灣,服務費和其他費用,飲食,0,VERY_LOW,0,2026-05-25,2026-05,u0_8
2026-05-25,1.0,15.0,15.0,優食台灣,外送費,飲食,0,VERY_LOW,0,2026-05-25,2026-05,u0_19
2026-05-26,1.0,29.0,29.0,笑笑笑國際台北公館,三菱sxn155溜溜筆黑,教育,0,VERY_LOW,4,2026-05-26,2026-05,u0_7
2026-05-26,1.0,25.0,25.0,傑洛國際台大店,餅乾1片,飲食,0,VERY_LOW,0,2026-05-26,2026-05,u0_12
2026-05-26,1.0,26.0,26.0,笑笑笑國際台北公館,飛龍c205鉛芯hb,教育,0,VERY_LOW,4,2026-05-26,2026-05,u0_7
2026-05-26,1.0,275.0,275.0,飛捷影印數位印刷,影印費,教育,0,MID,4,2026-05-26,2026-05,u0_7
2026-05-26,1.0,39.0,39.0,笑笑笑國際台北公館,3m細滑牙線棒散裝36支入,醫療健康,0,VERY_LOW,5,2026-05-26,2026-05,u0_4
2026-05-26,2.0,28.0,56.0,全家便利商店台大二活門市部,ab優酪乳原味,飲食,0,LOW,0,2026-05-26,2026-05,u0_31
2026-05-26,1.0,35.0,35.0,笑笑笑國際台北公館,丰荷3d日系醫用成人口罩10入氣質白,醫療健康,0,VERY_LOW,5,2026-05-26,2026-05,u0_4
2026-05-26,1.0,110.0,99.0,傑洛國際台大店,嫩切雞肉堡6吋,飲食,0,LOW,0,2026-05-26,2026-05,u0_0
2025-09-01,1.0,60.0,60.0,全家便利商店台大二活門市部,特大冰美式,飲食,1,LOW,0,2025-09-01,2025-09,u1_19
2025-09-01,1.0,35.0,35.0,全家便利商店台大二活門市部,星一配雞肉飯飯糰,飲食,1,VERY_LOW,0,2025-09-01,2025-09,u1_34
2025-09-01,1.0,59.0,59.0,美德耐台大卓越商場,路易莎咖啡餐點類,飲食,1,LOW,0,2025-09-01,2025-09,u1_44
2025-09-01,1.0,350.0,350.0,冠樺生活,熟食,飲食,1,MID,0,2025-09-01,2025-09,u1_12
2025-09-01,1.0,35.0,35.0,正好停樹林車站停車場,parking fee,交通,1,VERY_LOW,1,2025-09-01,2025-09,u1_4
2025-09-02,1.0,40.0,40.0,冠樺生活,熟食,飲食,1,VERY_LOW,0,2025-09-02,2025-09,u1_8
2025-09-02,1.0,100.0,100.0,長佳機電工程大安運動中心暨和平籃球館營業所,桌球場,娛樂,1,LOW,3,2025-09-02,2025-09,u1_20
2025-09-02,1.0,35.0,35.0,正好停樹林車站停車場,parking fee,交通,1,VERY_LOW,1,2025-09-02,2025-09,u1_4
2025-09-02,1.0,135.0,135.0,作燴餐飲科技,珍大雞排 - 炙燒火烤雞腿(b),飲食,1,LOW,0,2025-09-02,2025-09,u1_61
2025-09-02,1.0,42.0,42.0,統一聖娜多堡市站門市部,金塊香蒜-小單位,飲食,1,VERY_LOW,0,2025-09-02,2025-09,u1_11
2025-09-02,1.0,60.0,60.0,統一聖娜多堡市站門市部,16oz(冰)特選美式咖啡,飲食,1,LOW,0,2025-09-02,2025-09,u1_43
2025-09-02,1.0,45.0,45.0,作燴餐飲科技,大茗內湖店 - 玉露青茶(l),飲食,1,VERY_LOW,0,2025-09-02,2025-09,u1_51
2025-09-03,1.0,35.0,35.0,正好停樹林車站停車場,parking fee,交通,1,VERY_LOW,1,2025-09-03,2025-09,u1_4
2025-09-03,1.0,40.0,40.0,冠樺生活,熟食,飲食,1,VERY_LOW,0,2025-09-03,2025-09,u1_8
2025-09-03,1.0,130.0,130.0,揚秦國際企業北市台視,茄汁原塊嫩雞義大利麵,飲食,1,LOW,0,2025-09-03,2025-09,noise
2025-09-03,1.0,35.0,35.0,全家便利商店台大二活門市部,一配菠蘿麵包,飲食,1,VERY_LOW,0,2025-09-03,2025-09,u1_36
2025-09-03,1.0,40.0,40.0,揚秦國際企業北市台視,黃金脆薯,飲食,1,VERY_LOW,0,2025-09-03,2025-09,u1_55
2025-09-03,1.0,30.0,30.0,揚秦國際企業北市台視,奶茶(l)(冰),飲食,1,VERY_LOW,0,2025-09-03,2025-09,u1_47
2025-09-03,1.0,2.0,2.0,全家便利商店台大二活門市部,咖啡專用不織布提袋(1杯袋),飲食,1,VERY_LOW,0,2025-09-03,2025-09,u1_55
2025-09-03,1.0,60.0,60.0,全家便利商店台大二活門市部,特大冰美式,飲食,1,LOW,0,2025-09-03,2025-09,u1_19
2025-09-03,1.0,35.0,35.0,揚秦國際企業北市台視,蘿蔔糕,飲食,1,VERY_LOW,0,2025-09-03,2025-09,u1_55
2025-09-04,1.0,35.0,35.0,正好停樹林車站停車場,parking fee,交通,1,VERY_LOW,1,2025-09-04,2025-09,u1_4
2025-09-04,1.0,125.0,125.0,作燴餐飲科技,珍大雞排 - 珍大雞排飯(f),飲食,1,LOW,0,2025-09-04,2025-09,u1_61
2025-09-04,1.0,45.0,45.0,作燴餐飲科技,teatop延吉 - 招牌高山青(l),飲食,1,VERY_LOW,0,2025-09-04,2025-09,u1_51
2025-09-04,1.0,60.0,60.0,統一聖娜多堡市站門市部,16oz(冰)特選美式咖啡,飲食,1,LOW,0,2025-09-04,2025-09,u1_43
2025-09-04,1.0,42.0,42.0,統一聖娜多堡市站門市部,金塊香蒜-小單位,飲食,1,VERY_LOW,0,2025-09-04,2025-09,u1_11
2025-09-05,1.0,105.0,95.0,傑洛國際台大店,火腿堡6吋,飲食,1,LOW,0,2025-09-05,2025-09,u1_59
2025-09-05,1.0,143.0,143.0,統一超商,冰/熱 美式咖啡(大),飲食,1,LOW,0,2025-09-05,2025-09,noise
2025-09-05,1.0,40.0,40.0,冠樺生活,熟食,飲食,1,VERY_LOW,0,2025-09-05,2025-09,u1_8
2025-09-05,1.0,41.0,41.0,美德耐台大卓越商場,路易莎咖啡餐點類,飲食,1,VERY_LOW,0,2025-09-05,2025-09,u1_44
2025-09-05,1.0,25.0,25.0,全家便利商店台大二活門市部,飲冰室茶集綠奶茶,飲食,1,VERY_LOW,0,2025-09-05,2025-09,u1_47
2025-09-06,1.0,40.0,40.0,歐特儀市民廣場地下停車場,停車費,交通,1,VERY_LOW,1,2025-09-06,2025-09,u1_5
2025-09-06,1.0,5990.0,5990.0,富邦媒體科技,whirlpool 惠而浦一級能效10公升節能除濕機wdee101w(貨物稅減免900),購物,1,VERY_HIGH,2,2025-09-06,2025-09,u1_22
2025-09-06,1.0,489.0,489.0,遠東百貨板橋新站,超市餐飲其他,飲食,1,MID,0,2025-09-06,2025-09,noise
2025-09-06,1.0,50.0,50.0,源湧商行,金萱雙q,飲食,1,LOW,0,2025-09-06,2025-09,u1_6
2025-09-07,1.0,50.0,50.0,頂尖運動行銷樹林營業所,體適能-全票,娛樂,1,LOW,3,2025-09-07,2025-09,u1_21
2025-09-07,1.0,100.0,100.0,長佳機電工程大安運動中心暨和平籃球館營業所,桌球場,娛樂,1,LOW,3,2025-09-07,2025-09,u1_20
2025-09-08,1.0,40.0,40.0,冠樺生活,熟食,飲食,1,VERY_LOW,0,2025-09-08,2025-09,u1_8
2025-09-08,1.0,65.0,65.0,美德耐台大卓越商場,特選美式冰咖啡(大),飲食,1,LOW,0,2025-09-08,2025-09,u1_44
2025-09-08,1.0,20.0,20.0,美德耐台大卓越商場,台灣上等蕉(裸賣),飲食,1,VERY_LOW,0,2025-09-08,2025-09,u1_55
2025-09-08,1.0,35.0,35.0,正好停樹林車站停車場,parking fee,交通,1,VERY_LOW,1,2025-09-08,2025-09,u1_0
2025-09-09,1.0,170.0,170.0,九南商行,黑蒜豚骨拉麵,飲食,1,MID,0,2025-09-09,2025-09,u1_31
2025-09-09,2.0,25.0,50.0,統一超商新北市第一四三五,午后時光-重乳奶茶tp330,飲食,1,LOW,0,2025-09-09,2025-09,u1_47
2025-09-09,1.0,45.0,45.0,作燴餐飲科技,大茗通化 - 玉露青茶(l),飲食,1,VERY_LOW,0,2025-09-09,2025-09,u1_51
2025-09-09,1.0,60.0,60.0,統一聖娜多堡市站門市部,16oz(冰)特選美式咖啡,飲食,1,LOW,0,2025-09-09,2025-09,u1_43
2025-09-09,1.0,39.0,39.0,統一聖娜多堡市站門市部,極選厚菠蘿,飲食,1,VERY_LOW,0,2025-09-09,2025-09,u1_15
2025-09-09,1.0,150.0,150.0,九南商行,韓式泡菜拉麵,飲食,1,MID,0,2025-09-09,2025-09,u1_39
2025-09-09,1.0,35.0,35.0,正好停樹林車站停車場,parking fee,交通,1,VERY_LOW,1,2025-09-09,2025-09,u1_0
2025-09-09,1.0,100.0,100.0,長佳機電工程大安運動中心暨和平籃球館營業所,桌球場,娛樂,1,LOW,3,2025-09-09,2025-09,u1_20
2025-09-09,1.0,30.0,30.0,九南商行,糖心蛋(兩片),飲食,1,VERY_LOW,0,2025-09-09,2025-09,u1_29
2025-09-09,1.0,15.0,15.0,九南商行,配料,飲食,1,VERY_LOW,0,2025-09-09,2025-09,u1_7
2025-09-10,1.0,35.0,35.0,正好停樹林車站停車場,parking fee,交通,1,VERY_LOW,1,2025-09-10,2025-09,u1_0
2025-09-10,1.0,128.0,128.0,傑洛國際台大店,照燒雞肉堡6吋,飲食,1,LOW,0,2025-09-10,2025-09,u1_59
2025-09-10,1.0,65.0,65.0,美德耐台大卓越商場,特選美式冰咖啡(大),飲食,1,LOW,0,2025-09-10,2025-09,u1_44
2025-09-10,2.0,29.0,58.0,美德耐台大卓越商場,舒潔淨99抗菌濕巾10抽,購物,1,LOW,2,2025-09-10,2025-09,u1_22
2025-09-10,1.0,39.0,39.0,美德耐台大卓越商場,石安牧場溏心蛋飯糰(圓),飲食,1,VERY_LOW,0,2025-09-10,2025-09,u1_35
2025-09-10,1.0,65.0,65.0,美德耐台大卓越商場,特選美式冰咖啡(大),飲食,1,LOW,0,2025-09-10,2025-09,u1_44
2025-09-11,1.0,35.0,35.0,正好停樹林車站停車場,parking fee,交通,1,VERY_LOW,1,2025-09-11,2025-09,u1_4
2025-09-11,1.0,42.0,42.0,統一聖娜多堡市站門市部,金塊香蒜-小單位,飲食,1,VERY_LOW,0,2025-09-11,2025-09,u1_11
2025-09-11,1.0,60.0,60.0,統一聖娜多堡市站門市部,16oz(冰)特選美式咖啡,飲食,1,LOW,0,2025-09-11,2025-09,u1_43
2025-09-11,1.0,40.0,40.0,作燴餐飲科技,五桐號南港 - 一把青茶(l),飲食,1,VERY_LOW,0,2025-09-11,2025-09,u1_51
2025-09-11,1.0,40.0,40.0,冠樺生活,熟食,飲食,1,VERY_LOW,0,2025-09-11,2025-09,u1_8
2025-09-12,1.0,40.0,40.0,冠樺生活,熟食,飲食,1,VERY_LOW,0,2025-09-12,2025-09,u1_8
2025-09-12,1.0,29.0,29.0,國立臺灣大學生物資源暨農學院附設農業試驗場,三明治冰淇淋,飲食,1,VERY_LOW,0,2025-09-12,2025-09,u1_25
2025-09-12,1.0,45.0,45.0,陌生人商行,芽香綠金萱,飲食,1,VERY_LOW,0,2025-09-12,2025-09,u1_3
2025-09-13,1.0,25.0,25.0,全家便利商店新北市第六五四門市部,馬究極味付蛋,飲食,1,VERY_LOW,0,2025-09-13,2025-09,u1_34
2025-09-13,1.0,20.0,20.0,全家便利商店新北市第六五四門市部,大貢丸,飲食,1,VERY_LOW,0,2025-09-13,2025-09,u1_34
2025-09-13,1.0,364.0,364.0,遠東百貨板橋新站,超市餐飲其他,飲食,1,MID,0,2025-09-13,2025-09,noise
2025-09-13,1.0,50.0,50.0,星翔飲料店,大1四季春珍波椰,飲食,1,LOW,0,2025-09-13,2025-09,u1_28
2025-09-13,1.0,100.0,100.0,長佳機電工程大安運動中心暨和平籃球館營業所,桌球場,娛樂,1,LOW,3,2025-09-13,2025-09,u1_20
2025-09-13,3.83,28.9,111.0,福懋興業福懋樹林加油站,95無鉛,交通,1,LOW,1,2025-09-13,2025-09,u1_33
2025-09-13,1.0,40.0,40.0,大仟飲料店,柔香青金萱(l),飲食,1,VERY_LOW,0,2025-09-13,2025-09,u1_50
2025-09-13,1.0,160.0,160.0,貓啡因商行,原味波士頓,飲食,1,MID,0,2025-09-13,2025-09,u1_42
2025-09-13,1.0,160.0,160.0,貓啡因商行,原味波士頓,飲食,1,MID,0,2025-09-13,2025-09,u1_42
2025-09-13,1.0,90.0,90.0,貓啡因商行,紅茶,飲食,1,LOW,0,2025-09-13,2025-09,u1_32
2025-09-13,1.0,130.0,130.0,貓啡因商行,奶茶,飲食,1,LOW,0,2025-09-13,2025-09,u1_14
2025-09-13,1.0,30.0,30.0,正好停捷運府中站,parking fee,交通,1,VERY_LOW,1,2025-09-13,2025-09,u1_4
2025-09-14,1.0,50.0,50.0,頂尖運動行銷樹林營業所,體適能-全票,娛樂,1,LOW,3,2025-09-14,2025-09,u1_21
2025-09-14,1.0,35.0,35.0,恆木茶行,油切蕎麥茶,飲食,1,VERY_LOW,0,2025-09-14,2025-09,u1_51
2025-09-15,1.0,40.0,40.0,冠樺生活,熟食,飲食,1,VERY_LOW,0,2025-09-15,2025-09,u1_8
2025-09-15,1.0,35.0,35.0,正好停樹林車站停車場,parking fee,交通,1,VERY_LOW,1,2025-09-15,2025-09,u1_4
2025-09-15,1.0,50.0,50.0,士禾茶坊,金萱雙q,飲食,1,LOW,0,2025-09-15,2025-09,u1_51
2025-09-15,1.0,30.0,30.0,國立臺灣大學生物資源暨農學院附設農業試驗場,三明治冰淇淋,飲食,1,VERY_LOW,0,2025-09-15,2025-09,u1_25
2025-09-15,1.0,45.0,45.0,全家便利商店台大二活門市部,大冰美式,飲食,1,VERY_LOW,0,2025-09-15,2025-09,u1_19
2025-09-15,1.0,315.0,315.0,我是實業開發和平,i am pasta 和平店的訂購商品,飲食,1,MID,0,2025-09-15,2025-09,u1_51
2025-09-15,1.0,32.0,32.0,全家便利商店台大二活門市部,星-二配板巧克力夾心土司,飲食,1,VERY_LOW,0,2025-09-15,2025-09,u1_36
2025-09-16,1.0,465.0,465.0,冠樺生活,餐廳,飲食,1,MID,0,2025-09-16,2025-09,u1_26
2025-09-16,1.0,60.0,60.0,統一聖娜多堡市站門市部,16oz(冰)特選美式咖啡,飲食,1,LOW,0,2025-09-16,2025-09,u1_43
2025-09-16,1.0,40.0,40.0,冠樺生活,熟食,飲食,1,VERY_LOW,0,2025-09-16,2025-09,u1_8
2025-09-16,1.0,35.0,35.0,正好停樹林車站停車場,parking fee,交通,1,VERY_LOW,1,2025-09-16,2025-09,u1_1
2025-09-16,1.0,42.0,42.0,統一聖娜多堡市站門市部,金塊香蒜-小單位,飲食,1,VERY_LOW,0,2025-09-16,2025-09,u1_11
2025-09-17,1.0,45.0,45.0,全家便利商店台大二活門市部,大冰美式,飲食,1,VERY_LOW,0,2025-09-17,2025-09,u1_18
2025-09-17,1.0,32.0,32.0,全家便利商店台大二活門市部,星-二配板巧克力夾心土司,飲食,1,VERY_LOW,0,2025-09-17,2025-09,u1_36
2025-09-17,1.0,45.0,45.0,詠觀國際,烤雞(熟),飲食,1,VERY_LOW,0,2025-09-17,2025-09,u1_16
2025-09-17,1.0,110.0,110.0,詠觀國際,清爽沙拉飯,飲食,1,LOW,0,2025-09-17,2025-09,u1_17
2025-09-17,1.0,100.0,100.0,長佳機電工程大安運動中心暨和平籃球館營業所,桌球場,娛樂,1,LOW,3,2025-09-17,2025-09,u1_20
2025-09-17,1.0,35.0,35.0,正好停樹林車站停車場,parking fee,交通,1,VERY_LOW,1,2025-09-17,2025-09,u1_1
2025-09-18,1.0,39.0,39.0,統一聖娜多堡市站門市部,極選厚菠蘿,飲食,1,VERY_LOW,0,2025-09-18,2025-09,u1_15
2025-09-18,1.0,35.0,35.0,正好停樹林車站停車場,parking fee,交通,1,VERY_LOW,1,2025-09-18,2025-09,u1_1
2025-09-18,1.0,170.0,170.0,九南商行,黑蒜豚骨拉麵,飲食,1,MID,0,2025-09-18,2025-09,u1_31
2025-09-18,1.0,30.0,30.0,九南商行,糖心蛋(兩片),飲食,1,VERY_LOW,0,2025-09-18,2025-09,u1_29
2025-09-18,1.0,15.0,15.0,九南商行,配料,飲食,1,VERY_LOW,0,2025-09-18,2025-09,u1_7
2025-09-18,1.0,150.0,150.0,九南商行,韓式泡菜拉麵,飲食,1,MID,0,2025-09-18,2025-09,u1_39
2025-09-18,1.0,65.0,65.0,新光三越百貨台北信義二館,小吃food court,飲食,1,LOW,0,2025-09-18,2025-09,noise
2025-09-20,1.0,20.0,20.0,全家便利商店新北市第六五五門市部,泰山純水,飲食,1,VERY_LOW,0,2025-09-20,2025-09,u1_9
2025-09-20,1.0,36.0,36.0,統一超商台北市第六五一,林聰明-雞肉飯飯糰,飲食,1,VERY_LOW,0,2025-09-20,2025-09,u1_35
2025-09-20,1.0,30.0,30.0,統一超商台北市第六五一,新感覺草莓夾心,飲食,1,VERY_LOW,0,2025-09-20,2025-09,u1_37
2025-09-20,1.0,20.0,20.0,統一超商台北市第六五一,泰山純水pet700,飲食,1,VERY_LOW,0,2025-09-20,2025-09,u1_9
2025-09-20,1.0,40.0,40.0,沛服科技,現貨tpvl熱身賽胸章別針(共7款),購物,1,VERY_LOW,2,2025-09-20,2025-09,u1_22
2025-09-20,1.0,40.0,40.0,沛服科技,現貨tpvl熱身賽胸章別針(共7款),購物,1,VERY_LOW,2,2025-09-20,2025-09,u1_22
2025-09-20,1.0,35.0,35.0,正好停樹林車站停車場,parking fee,交通,1,VERY_LOW,1,2025-09-20,2025-09,u1_1
2025-09-21,1.0,125.0,125.0,欣亭小吃坊,夏威夷鮮蝦比薩,飲食,1,LOW,0,2025-09-21,2025-09,noise
2025-09-21,1.0,69.0,69.0,欣亭小吃坊,+69元升級a餐(點心+飲料),飲食,1,LOW,0,2025-09-21,2025-09,u1_51
2025-09-21,1.0,125.0,125.0,欣亭小吃坊,夏威夷鮮蝦比薩,飲食,1,LOW,0,2025-09-21,2025-09,noise
2025-09-21,1.0,200.0,200.0,欣亭小吃坊,番茄匈牙利雞腿排,飲食,1,MID,0,2025-09-21,2025-09,noise
2025-09-21,1.0,69.0,69.0,欣亭小吃坊,+69元升級a餐(點心+飲料),飲食,1,LOW,0,2025-09-21,2025-09,u1_51
2025-09-21,1.0,69.0,69.0,欣亭小吃坊,+69元升級a餐(點心+飲料),飲食,1,LOW,0,2025-09-21,2025-09,u1_51
2025-09-22,1.0,30.0,30.0,美德耐台大卓越商場,新感覺可可夾心,飲食,1,VERY_LOW,0,2025-09-22,2025-09,u1_36
2025-09-22,1.0,440.0,440.0,冠樺生活,熟食,飲食,1,MID,0,2025-09-22,2025-09,u1_12
2025-09-22,1.0,40.0,40.0,冠樺生活,熟食,飲食,1,VERY_LOW,0,2025-09-22,2025-09,u1_8
2025-09-22,1.0,35.0,35.0,正好停樹林車站停車場,parking fee,交通,1,VERY_LOW,1,2025-09-22,2025-09,u1_1
2025-09-22,1.0,25.0,25.0,美德耐台大卓越商場,統一陽光糙米漿400ml(盒),飲食,1,VERY_LOW,0,2025-09-22,2025-09,u1_55
2025-09-23,1.0,40.0,40.0,冠樺生活,熟食,飲食,1,VERY_LOW,0,2025-09-23,2025-09,u1_8
2025-09-23,1.0,35.0,35.0,正好停樹林車站停車場,parking fee,交通,1,VERY_LOW,1,2025-09-23,2025-09,u1_1
2025-09-23,1.0,39.0,39.0,統一聖娜多堡市站門市部,極選厚菠蘿,飲食,1,VERY_LOW,0,2025-09-23,2025-09,u1_15
2025-09-23,1.0,125.0,125.0,作燴餐飲科技,赤香雞柳王 - 韓式直火燒肉片(e),飲食,1,LOW,0,2025-09-23,2025-09,u1_61
2025-09-23,1.0,45.0,45.0,作燴餐飲科技,50嵐饒河 - 四季春青茶(l),飲食,1,VERY_LOW,0,2025-09-23,2025-09,u1_51
2025-09-24,1.0,32.0,32.0,全家便利商店台大二活門市部,星-二配板巧克力夾心土司,飲食,1,VERY_LOW,0,2025-09-24,2025-09,u1_36
2025-09-24,1.0,65.0,65.0,美德耐台大卓越商場,特選美式冰咖啡(大),飲食,1,LOW,0,2025-09-24,2025-09,u1_44
2025-09-24,1.0,50.0,50.0,星翔飲料店,大1四季春珍波椰,飲食,1,LOW,0,2025-09-24,2025-09,u1_28
2025-09-24,1.0,35.0,35.0,正好停樹林車站停車場,parking fee,交通,1,VERY_LOW,1,2025-09-24,2025-09,u1_1
2025-09-24,1.0,20.0,20.0,美德耐台大卓越商場,台灣上等蕉(裸賣),飲食,1,VERY_LOW,0,2025-09-24,2025-09,u1_55
2025-09-25,1.0,60.0,60.0,統一聖娜多堡市站門市部,16oz(冰)特選美式咖啡,飲食,1,LOW,0,2025-09-25,2025-09,u1_43
2025-09-25,1.0,35.0,35.0,正好停樹林車站停車場,parking fee,交通,1,VERY_LOW,1,2025-09-25,2025-09,u1_1
2025-09-25,1.0,170.0,170.0,九南商行,黑蒜豚骨拉麵,飲食,1,MID,0,2025-09-25,2025-09,u1_31
2025-09-25,1.0,150.0,150.0,九南商行,韓式泡菜拉麵,飲食,1,MID,0,2025-09-25,2025-09,u1_39
2025-09-25,1.0,30.0,30.0,九南商行,糖心蛋(兩片),飲食,1,VERY_LOW,0,2025-09-25,2025-09,u1_29
2025-09-25,1.0,35.0,35.0,九南商行,涼拌豆干絲,飲食,1,VERY_LOW,0,2025-09-25,2025-09,u1_2
2025-09-25,1.0,15.0,15.0,九南商行,配料,飲食,1,VERY_LOW,0,2025-09-25,2025-09,u1_7
2025-09-25,1.0,100.0,100.0,臺北大眾捷運內湖線南港展覽館站,桌球場,娛樂,1,LOW,3,2025-09-25,2025-09,u1_13
2025-09-25,1.0,45.0,45.0,作燴餐飲科技,迷客夏虎林 - 原片初露青茶(l),飲食,1,VERY_LOW,0,2025-09-25,2025-09,u1_51
2025-09-25,1.0,50.0,50.0,統一聖娜多堡市站門市部,32層菠蘿可頌,飲食,1,LOW,0,2025-09-25,2025-09,u1_15
2025-09-26,1.0,530.0,530.0,冠樺生活,餐廳,飲食,1,HIGH,0,2025-09-26,2025-09,u1_26
2025-09-26,1.0,225.0,225.0,冠樺生活,輕食咖啡廳,飲食,1,MID,0,2025-09-26,2025-09,u1_10
2025-09-26,1.0,35.0,35.0,冠樺生活,輕食咖啡廳,飲食,1,VERY_LOW,0,2025-09-26,2025-09,u1_10
2025-09-26,1.0,40.0,40.0,冠樺生活,熟食,飲食,1,VERY_LOW,0,2025-09-26,2025-09,u1_8
2025-09-26,1.0,50.0,50.0,星翔飲料店,大1四季春珍波椰,飲食,1,LOW,0,2025-09-26,2025-09,u1_28
2025-09-26,1.0,48.0,48.0,傑洛國際台大店,a套餐,飲食,1,VERY_LOW,0,2025-09-26,2025-09,u1_26
2025-09-26,1.0,139.0,125.0,傑洛國際台大店,燒烤牛肉堡6吋,飲食,1,LOW,0,2025-09-26,2025-09,u1_59
2025-09-27,1.0,90.0,90.0,貓啡因商行,紅茶,飲食,1,LOW,0,2025-09-27,2025-09,u1_32
2025-09-27,1.0,130.0,130.0,貓啡因商行,奶茶,飲食,1,LOW,0,2025-09-27,2025-09,u1_14
2025-09-27,1.0,160.0,160.0,貓啡因商行,炙燒乳酪蛋糕,飲食,1,MID,0,2025-09-27,2025-09,u1_38
2025-09-27,1.0,160.0,160.0,貓啡因商行,草莓白乳酪,飲食,1,MID,0,2025-09-27,2025-09,u1_38
2025-09-27,1.0,100.0,100.0,長佳機電工程大安運動中心暨和平籃球館營業所,桌球場,娛樂,1,LOW,3,2025-09-27,2025-09,u1_20
2025-09-27,1.0,40.0,40.0,歐特儀市民廣場地下停車場,停車費,交通,1,VERY_LOW,1,2025-09-27,2025-09,u1_5
2025-09-27,14.0,30.0,420.0,爭鮮府中,30元盤,飲食,1,MID,0,2025-09-27,2025-09,u1_12
2025-09-27,1.0,100.0,100.0,長佳機電工程大安運動中心暨和平籃球館營業所,桌球場,娛樂,1,LOW,3,2025-09-27,2025-09,u1_20
2025-09-27,1.0,263.0,263.0,冠誠生活,藥妝藥房,醫療健康,1,MID,5,2025-09-27,2025-09,u1_22
2025-09-27,6.0,40.0,240.0,爭鮮府中,40元盤,飲食,1,MID,0,2025-09-27,2025-09,u1_12
2025-09-28,1.0,50.0,50.0,恆木茶行,油切蕎麥茶,飲食,1,LOW,0,2025-09-28,2025-09,u1_51
2025-09-28,1.0,100.0,100.0,臺北大眾捷運板橋線板橋站,桌球場,娛樂,1,LOW,3,2025-09-28,2025-09,u1_13
2025-09-28,1.0,50.0,50.0,頂尖運動行銷樹林營業所,體適能-全票,娛樂,1,LOW,3,2025-09-28,2025-09,u1_21
2025-09-29,1.0,130.0,130.0,貓啡因商行,奶茶,飲食,1,LOW,0,2025-09-29,2025-09,u1_14
2025-09-29,1.0,160.0,160.0,貓啡因商行,炙燒乳酪蛋糕,飲食,1,MID,0,2025-09-29,2025-09,u1_38
2025-09-29,1.0,190.0,190.0,貓啡因商行,拿鐵,飲食,1,MID,0,2025-09-29,2025-09,u1_42
2025-09-29,1.0,50.0,50.0,星翔飲料店,大1四季春珍波椰,飲食,1,LOW,0,2025-09-29,2025-09,u1_28
2025-09-29,1.0,10.0,10.0,歐特儀市民廣場地下停車場,停車費,交通,1,VERY_LOW,1,2025-09-29,2025-09,u1_5
2025-09-30,1.0,35.0,35.0,正好停樹林車站停車場,parking fee,交通,1,VERY_LOW,1,2025-09-30,2025-09,u1_1
2025-09-30,1.0,303.0,303.0,潤泰旭展,餐飲與食品(f&b),飲食,1,MID,0,2025-09-30,2025-09,u1_27
2025-09-30,1.0,42.0,42.0,統一聖娜多堡市站門市部,金塊香蒜-小單位,飲食,1,VERY_LOW,0,2025-09-30,2025-09,u1_11
2025-09-30,1.0,60.0,60.0,統一聖娜多堡市站門市部,16oz(冰)特選美式咖啡,飲食,1,LOW,0,2025-09-30,2025-09,u1_43
2025-09-30,1.0,40.0,40.0,作燴餐飲科技,得正南港店 - 輕烏龍(l),飲食,1,VERY_LOW,0,2025-09-30,2025-09,u1_51
2025-09-30,1.0,125.0,125.0,作燴餐飲科技,陽光bbq健康餐 - 匈牙利香蒜雞胸(c),飲食,1,LOW,0,2025-09-30,2025-09,u1_60
2025-10-01,1.0,13.0,13.0,松深食品,pkl330ml黑松蘋果c,飲食,1,VERY_LOW,0,2025-10-01,2025-10,noise
2025-10-01,1.0,45.0,45.0,全家便利商店台大二活門市部,大冰美式,飲食,1,VERY_LOW,0,2025-10-01,2025-10,u1_18
2025-10-01,1.0,32.0,32.0,全家便利商店台大二活門市部,星-二配板巧克力夾心土司,飲食,1,VERY_LOW,0,2025-10-01,2025-10,u1_36
2025-10-01,1.0,35.0,35.0,正好停樹林車站停車場,parking fee,交通,1,VERY_LOW,1,2025-10-01,2025-10,u1_1
2025-10-02,1.0,40.0,40.0,冠樺生活,熟食,飲食,1,VERY_LOW,0,2025-10-02,2025-10,u1_8
2025-10-02,1.0,35.0,35.0,正好停樹林車站停車場,parking fee,交通,1,VERY_LOW,1,2025-10-02,2025-10,u1_1
2025-10-02,1.0,40.0,40.0,作燴餐飲科技,五桐號通化 - 一把青茶(l),飲食,1,VERY_LOW,0,2025-10-02,2025-10,u1_51
2025-10-03,1.0,40.0,40.0,冠樺生活,熟食,飲食,1,VERY_LOW,0,2025-10-03,2025-10,u1_8
2025-10-03,1.0,50.0,50.0,星翔飲料店,大1四季春珍波椰,飲食,1,LOW,0,2025-10-03,2025-10,u1_28
2025-10-04,1.0,341.0,341.0,遠東百貨板橋新站,超市餐飲其他,飲食,1,MID,0,2025-10-04,2025-10,noise
2025-10-04,1.0,99.0,99.0,台灣大創百貨板橋府中,咖哩盤30cm,購物,1,LOW,2,2025-10-04,2025-10,u1_45
2025-10-04,1.0,5.0,5.0,台灣大創百貨板橋府中,不織布購物袋(5元),購物,1,VERY_LOW,2,2025-10-04,2025-10,u1_22
2025-10-04,1.0,40.0,40.0,大仟飲料店,柔香青金萱(l),飲食,1,VERY_LOW,0,2025-10-04,2025-10,u1_50
2025-10-04,1.0,54.0,54.0,貓啡因商行,服務費用,飲食,1,LOW,0,2025-10-04,2025-10,u1_42
2025-10-04,1.0,90.0,90.0,貓啡因商行,紅茶,飲食,1,LOW,0,2025-10-04,2025-10,u1_32
2025-10-04,1.0,130.0,130.0,貓啡因商行,奶茶,飲食,1,LOW,0,2025-10-04,2025-10,u1_14
2025-10-04,1.0,160.0,160.0,貓啡因商行,草莓白乳酪,飲食,1,MID,0,2025-10-04,2025-10,u1_38
2025-10-04,1.0,160.0,160.0,貓啡因商行,極致巧克力蛋糕,飲食,1,MID,0,2025-10-04,2025-10,u1_41
2025-10-04,1.0,40.0,40.0,歐特儀市民廣場地下停車場,停車費,交通,1,VERY_LOW,1,2025-10-04,2025-10,u1_5
2025-10-05,1.0,40.0,40.0,星翔飲料店,大阿薩姆紅茶,飲食,1,VERY_LOW,0,2025-10-05,2025-10,u1_49
2025-10-05,1.0,50.0,50.0,星翔飲料店,大1四季春珍波椰,飲食,1,LOW,0,2025-10-05,2025-10,u1_28
2025-10-05,1.0,40.0,40.0,星翔飲料店,大四季春青茶,飲食,1,VERY_LOW,0,2025-10-05,2025-10,u1_28
2025-10-05,1.0,175.0,175.0,悠旅生活事業新北市第三十八,摩卡可可碎片大,飲食,1,MID,0,2025-10-05,2025-10,u1_55
2025-10-05,1.0,125.0,125.0,悠旅生活事業新北市第三十八,冰特選美式大,飲食,1,LOW,0,2025-10-05,2025-10,noise
2025-10-05,1.0,155.0,155.0,悠旅生活事業新北市第三十八,冰福吉茶那堤大,飲食,1,MID,0,2025-10-05,2025-10,noise
2025-10-05,4.22,28.7,121.0,台亞石油板橋浮洲橋加油站,95plus無鉛,交通,1,LOW,1,2025-10-05,2025-10,u1_33
2025-10-07,1.0,40.0,40.0,冠樺生活,熟食,飲食,1,VERY_LOW,0,2025-10-07,2025-10,u1_8
2025-10-07,1.0,302.0,302.0,潤泰旭展,餐飲與食品(f&b),飲食,1,MID,0,2025-10-07,2025-10,u1_27
2025-10-07,1.0,35.0,35.0,正好停樹林車站停車場,parking fee,交通,1,VERY_LOW,1,2025-10-07,2025-10,u1_1
2025-10-08,1.0,40.0,40.0,陌生人商行,柔香青金萱(l),飲食,1,VERY_LOW,0,2025-10-08,2025-10,u1_3
2025-10-08,1.0,59.0,59.0,酷澎,wow 會員訂閱服務月費,購物,1,LOW,2,2025-10-08,2025-10,u1_22
2025-10-08,1.0,10.0,10.0,陌生人商行,白玉珍珠 / 無糖 / 微冰,飲食,1,VERY_LOW,0,2025-10-08,2025-10,u1_23
2025-10-08,1.0,139.0,125.0,傑洛國際台大店,燒烤牛肉堡6吋,飲食,1,LOW,0,2025-10-08,2025-10,u1_59
2025-10-08,1.0,32.0,32.0,全家便利商店台大二活門市部,星-二配板巧克力夾心土司,飲食,1,VERY_LOW,0,2025-10-08,2025-10,u1_36
2025-10-08,1.0,35.0,35.0,正好停樹林車站停車場,parking fee,交通,1,VERY_LOW,1,2025-10-08,2025-10,u1_1
2025-10-08,1.0,45.0,45.0,全家便利商店台大二活門市部,大冰美式,飲食,1,VERY_LOW,0,2025-10-08,2025-10,u1_18
2025-10-09,1.0,48.0,48.0,和德昌樹林中山,四塊麥克雞塊,飲食,1,VERY_LOW,0,2025-10-09,2025-10,u1_58
2025-10-09,1.0,72.0,72.0,和德昌樹林中山,雙層牛肉堡,飲食,1,LOW,0,2025-10-09,2025-10,u1_59
2025-10-09,1.0,35.0,35.0,正好停樹林車站停車場,parking fee,交通,1,VERY_LOW,1,2025-10-09,2025-10,u1_1
2025-10-10,1.0,50.0,50.0,恆木茶行,油切蕎麥茶,飲食,1,LOW,0,2025-10-10,2025-10,u1_51
2025-10-10,1.0,95.0,95.0,頂尖運動行銷樹林營業所,桌球場,娛樂,1,LOW,3,2025-10-10,2025-10,u1_21
2025-10-10,2.0,35.0,70.0,統一超商新北市第一四三五,(a)統一h2o純水pet2200,飲食,1,LOW,0,2025-10-10,2025-10,u1_9
2025-10-10,2.0,2.0,4.0,統一超商新北市第一四三五,可重複使用提袋(1杯裝),飲食,1,VERY_LOW,0,2025-10-10,2025-10,u1_55
2025-10-10,1.0,65.0,65.0,統一超商新北市第一四三五,特選美式冰咖啡(大),飲食,1,LOW,0,2025-10-10,2025-10,u1_45
2025-10-10,1.0,20.0,20.0,樹林秀泰廣場,停車費用,交通,1,VERY_LOW,1,2025-10-10,2025-10,u1_5
2025-10-11,1.0,160.0,160.0,貓啡因商行,極致巧克力蛋糕,飲食,1,MID,0,2025-10-11,2025-10,u1_41
2025-10-11,1.0,160.0,160.0,貓啡因商行,草莓,飲食,1,MID,0,2025-10-11,2025-10,u1_38
2025-10-11,1.0,130.0,130.0,貓啡因商行,奶茶,飲食,1,LOW,0,2025-10-11,2025-10,u1_14
2025-10-11,1.0,50.0,50.0,星翔飲料店,大1四季春珍波椰,飲食,1,LOW,0,2025-10-11,2025-10,u1_28
2025-10-11,1.0,10.0,10.0,歐特儀市民廣場地下停車場,停車費,交通,1,VERY_LOW,1,2025-10-11,2025-10,u1_5
2025-10-11,1.0,90.0,90.0,貓啡因商行,紅茶,飲食,1,LOW,0,2025-10-11,2025-10,u1_32
2025-10-12,1.0,182.0,182.0,東森得易購k區東森廣場營業所,餐飲,飲食,1,MID,0,2025-10-12,2025-10,noise
2025-10-12,1.0,100.0,100.0,長佳機電工程大安運動中心暨和平籃球館營業所,桌球場,娛樂,1,LOW,3,2025-10-12,2025-10,u1_20
2025-10-12,1.0,35.0,35.0,正好停樹林車站停車場,parking fee,交通,1,VERY_LOW,1,2025-10-12,2025-10,u1_4
2025-10-13,1.0,45.0,45.0,全家便利商店台大二活門市部,大冰美式,飲食,1,VERY_LOW,0,2025-10-13,2025-10,u1_19
2025-10-13,1.0,32.0,32.0,全家便利商店台大二活門市部,星-二配板巧克力夾心土司,飲食,1,VERY_LOW,0,2025-10-13,2025-10,u1_36
2025-10-13,1.0,40.0,40.0,冠樺生活,熟食,飲食,1,VERY_LOW,0,2025-10-13,2025-10,u1_8
2025-10-13,1.0,35.0,35.0,正好停樹林車站停車場,parking fee,交通,1,VERY_LOW,1,2025-10-13,2025-10,u1_4
2025-10-14,1.0,125.0,125.0,百變全球餐飲,12fit - 特餐_七味蒜香雞胸(b),飲食,1,LOW,0,2025-10-14,2025-10,u1_60
2025-10-14,1.0,45.0,45.0,作燴餐飲科技,老賴茶棧內湖 - 文清烏龍(l),飲食,1,VERY_LOW,0,2025-10-14,2025-10,u1_51
2025-10-14,1.0,35.0,35.0,正好停樹林車站停車場,parking fee,交通,1,VERY_LOW,1,2025-10-14,2025-10,u1_4
2025-10-14,1.0,100.0,100.0,長佳機電工程大安運動中心暨和平籃球館營業所,桌球場,娛樂,1,LOW,3,2025-10-14,2025-10,u1_20
2025-10-14,1.0,30.0,30.0,九南商行,糖心蛋(兩片),飲食,1,VERY_LOW,0,2025-10-14,2025-10,u1_29
2025-10-14,1.0,150.0,150.0,九南商行,韓式泡菜拉麵,飲食,1,MID,0,2025-10-14,2025-10,u1_39
2025-10-14,1.0,170.0,170.0,九南商行,黑蒜豚骨拉麵,飲食,1,MID,0,2025-10-14,2025-10,u1_31
2025-10-14,1.0,15.0,15.0,九南商行,配料,飲食,1,VERY_LOW,0,2025-10-14,2025-10,u1_7
2025-10-14,1.0,35.0,35.0,九南商行,涼拌豆干絲,飲食,1,VERY_LOW,0,2025-10-14,2025-10,u1_2
2025-10-14,1.0,40.0,40.0,冠樺生活,熟食,飲食,1,VERY_LOW,0,2025-10-14,2025-10,u1_8
2025-10-15,1.0,35.0,35.0,正好停樹林車站停車場,parking fee,交通,1,VERY_LOW,1,2025-10-15,2025-10,u1_4
2025-10-15,1.0,50.0,50.0,長佳機電工程大安運動中心暨和平籃球館營業所,健身房全票60分鐘,娛樂,1,LOW,3,2025-10-15,2025-10,u1_20
2025-10-15,1.0,40.0,40.0,冠樺生活,熟食,飲食,1,VERY_LOW,0,2025-10-15,2025-10,u1_8
2025-10-15,1.0,35.0,35.0,全家便利商店台大二活門市部,星一配雞肉飯飯糰,飲食,1,VERY_LOW,0,2025-10-15,2025-10,u1_34
2025-10-15,1.0,45.0,45.0,全家便利商店台大二活門市部,大冰美式,飲食,1,VERY_LOW,0,2025-10-15,2025-10,u1_19
2025-10-16,1.0,35.0,35.0,正好停樹林車站停車場,parking fee,交通,1,VERY_LOW,1,2025-10-16,2025-10,u1_4
2025-10-16,1.0,400.0,400.0,冠樺生活,餐廳,飲食,1,MID,0,2025-10-16,2025-10,u1_26
2025-10-16,1.0,40.0,40.0,冠樺生活,熟食,飲食,1,VERY_LOW,0,2025-10-16,2025-10,u1_8
2025-10-17,1.0,40.0,40.0,冠樺生活,熟食,飲食,1,VERY_LOW,0,2025-10-17,2025-10,u1_8
2025-10-17,1.0,50.0,50.0,星翔飲料店,大1四季春珍波椰,飲食,1,LOW,0,2025-10-17,2025-10,u1_28
2025-10-17,1.0,29.0,29.0,國立臺灣大學生物資源暨農學院附設農業試驗場,三明治冰淇淋,飲食,1,VERY_LOW,0,2025-10-17,2025-10,u1_25
2025-10-17,1.0,133.0,133.0,國立臺灣大學生物資源暨農學院附設農業試驗場,起士核桃堡140元,飲食,1,LOW,0,2025-10-17,2025-10,u1_25
2025-10-18,1.0,90.0,90.0,貓啡因商行,紅茶,飲食,1,LOW,0,2025-10-18,2025-10,u1_32
2025-10-18,1.0,130.0,130.0,貓啡因商行,奶茶,飲食,1,LOW,0,2025-10-18,2025-10,u1_14
2025-10-18,2.0,160.0,320.0,貓啡因商行,極致巧克力蛋糕,飲食,1,MID,0,2025-10-18,2025-10,u1_41
2025-10-18,1.0,50.0,50.0,源湧商行,金萱雙q,飲食,1,LOW,0,2025-10-18,2025-10,u1_6
2025-10-18,1.0,40.0,40.0,源湧商行,高山金萱茶,飲食,1,VERY_LOW,0,2025-10-18,2025-10,u1_47
2025-10-18,1.0,2.0,2.0,統一超商台北縣第八六七,可重複使用提袋(1杯裝),購物,1,VERY_LOW,2,2025-10-18,2025-10,u1_55
2025-10-18,1.0,303.0,303.0,遠東百貨板橋新站,超市餐飲其他,飲食,1,MID,0,2025-10-18,2025-10,noise
2025-10-18,1.0,40.0,40.0,歐特儀市民廣場地下停車場,停車費,交通,1,VERY_LOW,1,2025-10-18,2025-10,u1_5
2025-10-18,1.0,40.0,40.0,源湧商行,錫蘭紅茶,飲食,1,VERY_LOW,0,2025-10-18,2025-10,u1_47
2025-10-19,1.0,100.0,100.0,長佳機電工程大安運動中心暨和平籃球館營業所,桌球場,娛樂,1,LOW,3,2025-10-19,2025-10,u1_20
2025-10-20,1.0,100.0,100.0,長佳機電工程大安運動中心暨和平籃球館營業所,桌球場,娛樂,1,LOW,3,2025-10-20,2025-10,u1_20
2025-10-20,1.0,13.0,13.0,松深食品,pkl330立頓琥珀紅茶,飲食,1,VERY_LOW,0,2025-10-20,2025-10,u1_49
2025-10-20,1.0,80.0,80.0,冠樺生活,熟食,飲食,1,LOW,0,2025-10-20,2025-10,u1_12
2025-10-20,1.0,38.0,38.0,冠樺生活,美食街,飲食,1,VERY_LOW,0,2025-10-20,2025-10,u1_8
2025-10-20,1.0,45.0,45.0,全家便利商店台大二活門市部,大冰美式,飲食,1,VERY_LOW,0,2025-10-20,2025-10,u1_19
2025-10-20,1.0,32.0,32.0,全家便利商店台大二活門市部,星-二配板巧克力夾心土司,飲食,1,VERY_LOW,0,2025-10-20,2025-10,u1_36
2025-10-20,1.0,48.0,48.0,和德昌台北公館,麥香雞,飲食,1,VERY_LOW,0,2025-10-20,2025-10,u1_58
2025-10-20,1.0,48.0,48.0,和德昌台北公館,四塊麥克雞塊,飲食,1,VERY_LOW,0,2025-10-20,2025-10,u1_58
2025-10-21,2.0,35.0,70.0,統一超商新北市第一四三五,(a)統一h2o純水pet2200,飲食,1,LOW,0,2025-10-21,2025-10,u1_9
2025-10-21,1.0,50.0,50.0,源湧商行,金萱雙q,飲食,1,LOW,0,2025-10-21,2025-10,u1_6
2025-10-22,1.0,32.0,32.0,全家便利商店台大二活門市部,星-二配板巧克力夾心土司,飲食,1,VERY_LOW,0,2025-10-22,2025-10,u1_36
2025-10-22,1.0,45.0,45.0,全家便利商店台大二活門市部,大冰美式,飲食,1,VERY_LOW,0,2025-10-22,2025-10,u1_19
2025-10-23,1.0,65.0,65.0,統一超商新北市第一四三五,特選美式冰咖啡(大),飲食,1,LOW,0,2025-10-23,2025-10,u1_45
2025-10-23,2.0,25.0,50.0,統一超商新北市第一四三五,午后時光-重乳奶茶tp330,飲食,1,LOW,0,2025-10-23,2025-10,u1_47
2025-10-23,1.0,35.0,35.0,正好停樹林車站停車場,parking fee,交通,1,VERY_LOW,1,2025-10-23,2025-10,u1_4
2025-10-23,1.0,125.0,125.0,百變全球餐飲,12fit - 特餐_七味蒜香雞胸(b),飲食,1,LOW,0,2025-10-23,2025-10,u1_60
2025-10-24,1.0,50.0,50.0,源湧商行,金萱雙q,飲食,1,LOW,0,2025-10-24,2025-10,u1_6
2025-10-24,1.0,50.0,50.0,源湧商行,金萱雙q,飲食,1,LOW,0,2025-10-24,2025-10,u1_6
2025-10-24,1.0,40.0,40.0,源湧商行,錫蘭紅茶,飲食,1,VERY_LOW,0,2025-10-24,2025-10,u1_47
2025-10-25,1.0,160.0,160.0,貓啡因商行,極致巧克力蛋糕,飲食,1,MID,0,2025-10-25,2025-10,u1_41
2025-10-25,1.0,100.0,100.0,長佳機電工程大安運動中心暨和平籃球館營業所,桌球場,娛樂,1,LOW,3,2025-10-25,2025-10,u1_20
2025-10-25,1.0,90.0,90.0,貓啡因商行,紅茶,飲食,1,LOW,0,2025-10-25,2025-10,u1_32
2025-10-25,1.0,130.0,130.0,貓啡因商行,奶茶,飲食,1,LOW,0,2025-10-25,2025-10,u1_14
2025-10-25,1.0,160.0,160.0,貓啡因商行,草莓,飲食,1,MID,0,2025-10-25,2025-10,u1_38
2025-10-26,2.0,35.0,70.0,統一超商新北市第一四三五,(a)統一h2o純水pet2200,飲食,1,LOW,0,2025-10-26,2025-10,u1_9
2025-10-26,1.0,65.0,65.0,統一超商新北市第一四三五,特選美式冰咖啡(大),飲食,1,LOW,0,2025-10-26,2025-10,u1_45
2025-10-27,1.0,35.0,35.0,正好停樹林車站停車場,parking fee,交通,1,VERY_LOW,1,2025-10-27,2025-10,u1_4
2025-10-27,1.0,100.0,100.0,長佳機電工程大安運動中心暨和平籃球館營業所,桌球場,娛樂,1,LOW,3,2025-10-27,2025-10,u1_20
2025-10-27,1.0,50.0,50.0,士禾茶坊,金萱雙q,飲食,1,LOW,0,2025-10-27,2025-10,u1_51
2025-10-27,1.0,30.0,30.0,統一超商台北市第四七0,台灣香蕉重量分享包(2入),飲食,1,VERY_LOW,0,2025-10-27,2025-10,u1_37
2025-10-27,1.0,85.0,85.0,冠樺生活,餐飲_熟食,飲食,1,LOW,0,2025-10-27,2025-10,u1_8
2025-10-27,1.0,45.0,45.0,統一超商台北市第四七0,鮭魚鮭魚卵(圓),飲食,1,VERY_LOW,0,2025-10-27,2025-10,u1_35
2025-10-27,1.0,32.0,32.0,全家便利商店台大二活門市部,星-二配板巧克力夾心土司,飲食,1,VERY_LOW,0,2025-10-27,2025-10,u1_36
2025-10-27,1.0,39.0,39.0,統一超商台北市第四七0,石安牧場溏心蛋飯糰(圓),飲食,1,VERY_LOW,0,2025-10-27,2025-10,u1_35
2025-10-27,1.0,35.0,35.0,全家便利商店台大二活門市部,中冰美式,飲食,1,VERY_LOW,0,2025-10-27,2025-10,u1_19
2025-10-28,1.0,140.0,140.0,統一超商,冰/熱 美式咖啡(大),飲食,1,LOW,0,2025-10-28,2025-10,noise
2025-10-28,1.0,50.0,50.0,星翔飲料店,大1四季春珍波椰,飲食,1,LOW,0,2025-10-28,2025-10,u1_28
2025-10-29,1.0,45.0,45.0,全家便利商店台大二活門市部,大冰美式,飲食,1,VERY_LOW,0,2025-10-29,2025-10,u1_19
2025-10-29,1.0,35.0,35.0,正好停樹林車站停車場,parking fee,交通,1,VERY_LOW,1,2025-10-29,2025-10,u1_4
2025-10-29,2.0,133.0,266.0,國立臺灣大學生物資源暨農學院附設農業試驗場,起士核桃堡140元,飲食,1,MID,0,2025-10-29,2025-10,u1_25
2025-10-29,1.0,3.0,3.0,國立臺灣大學生物資源暨農學院附設農業試驗場,3元塑膠袋,飲食,1,VERY_LOW,0,2025-10-29,2025-10,u1_22
2025-10-29,1.0,130.0,130.0,揚秦國際企業北市台視,茄汁原塊嫩雞義大利麵,飲食,1,LOW,0,2025-10-29,2025-10,noise
2025-10-29,1.0,55.0,55.0,揚秦國際企業北市台視,川味麻辣鐵板麵(含蛋),飲食,1,LOW,0,2025-10-29,2025-10,u1_52
2025-10-29,1.0,30.0,30.0,揚秦國際企業北市台視,黑胡椒豬里肌,飲食,1,VERY_LOW,0,2025-10-29,2025-10,u1_55
2025-10-29,1.0,40.0,40.0,揚秦國際企業北市台視,黃金脆薯,飲食,1,VERY_LOW,0,2025-10-29,2025-10,u1_55
2025-10-29,1.0,35.0,35.0,揚秦國際企業北市台視,蘿蔔糕,飲食,1,VERY_LOW,0,2025-10-29,2025-10,u1_55
2025-10-29,1.0,30.0,30.0,揚秦國際企業北市台視,奶茶(l)(冰),飲食,1,VERY_LOW,0,2025-10-29,2025-10,u1_47
2025-10-29,1.0,25.0,25.0,揚秦國際企業北市台視,錫蘭紅茶(l)(冰),飲食,1,VERY_LOW,0,2025-10-29,2025-10,u1_47
2025-10-29,1.0,40.0,40.0,冠樺生活,熟食,飲食,1,VERY_LOW,0,2025-10-29,2025-10,u1_8
2025-10-29,1.0,35.0,35.0,全家便利商店台大二活門市部,星二配雞肉飯飯糰,飲食,1,VERY_LOW,0,2025-10-29,2025-10,u1_34
2025-10-29,1.0,45.0,45.0,揚秦國際企業北市台視,巧達濃湯,飲食,1,VERY_LOW,0,2025-10-29,2025-10,u1_47
2025-10-30,1.0,45.0,45.0,作燴餐飲科技,參杯 - 黃金蕎麥茶(l),飲食,1,VERY_LOW,0,2025-10-30,2025-10,u1_51
2025-10-30,1.0,35.0,35.0,正好停樹林車站停車場,parking fee,交通,1,VERY_LOW,1,2025-10-30,2025-10,u1_1
2025-10-30,1.0,195.0,195.0,悠旅生活事業松仁門市部,摩卡可可碎片v杯,飲食,1,MID,0,2025-10-30,2025-10,u1_55
2025-10-30,1.0,278.0,278.0,潤泰旭展,餐飲與食品(f&b),飲食,1,MID,0,2025-10-30,2025-10,u1_27
2025-10-30,1.0,195.0,195.0,悠旅生活事業松仁門市部,摩卡可可碎片v杯,飲食,1,MID,0,2025-10-30,2025-10,u1_55
2025-10-30,1.0,100.0,100.0,長佳機電工程大安運動中心暨和平籃球館營業所,桌球場,娛樂,1,LOW,3,2025-10-30,2025-10,u1_20
2025-10-31,1.0,40.0,40.0,冠樺生活,熟食,飲食,1,VERY_LOW,0,2025-10-31,2025-10,u1_8
2025-10-31,1.0,50.0,50.0,星翔飲料店,大1四季春珍波椰,飲食,1,LOW,0,2025-10-31,2025-10,u1_28
2025-10-31,1.0,13.0,13.0,松深食品,pkl330立頓巧克力奶,飲食,1,VERY_LOW,0,2025-10-31,2025-10,noise
2025-11-01,1.0,160.0,160.0,貓啡因商行,炙燒乳酪蛋糕,飲食,1,MID,0,2025-11-01,2025-11,u1_38
2025-11-01,1.0,160.0,160.0,貓啡因商行,提拉米蘇,飲食,1,MID,0,2025-11-01,2025-11,u1_42
2025-11-01,1.0,90.0,90.0,貓啡因商行,紅茶,飲食,1,LOW,0,2025-11-01,2025-11,u1_32
2025-11-01,1.0,90.0,90.0,貓啡因商行,紅茶,飲食,1,LOW,0,2025-11-01,2025-11,u1_32
2025-11-01,1.0,50.0,50.0,源湧商行,金萱雙q,飲食,1,LOW,0,2025-11-01,2025-11,u1_6
2025-11-01,1.0,40.0,40.0,源湧商行,高山金萱茶,飲食,1,VERY_LOW,0,2025-11-01,2025-11,u1_47
2025-11-01,1.0,40.0,40.0,源湧商行,錫蘭紅茶,飲食,1,VERY_LOW,0,2025-11-01,2025-11,u1_47
2025-11-01,1.0,335.0,335.0,遠東百貨板橋新站,超市餐飲其他,飲食,1,MID,0,2025-11-01,2025-11,noise
2025-11-01,1.0,40.0,40.0,歐特儀市民廣場地下停車場,停車費,交通,1,VERY_LOW,1,2025-11-01,2025-11,u1_5
2025-11-02,1.0,8111.0,8111.0,富邦媒體科技,electrolux 伊萊克斯雙11限定 極適家居 600 21l 一級能效wifi除濕機(ed2171wa 27坪適用),購物,1,VERY_HIGH,2,2025-11-02,2025-11,u1_22
2025-11-03,1.0,35.0,35.0,正好停樹林車站停車場,parking fee,交通,1,VERY_LOW,1,2025-11-03,2025-11,u1_1
2025-11-03,1.0,25.0,25.0,統一超商新北市第一四三五,手工高麗菜捲,飲食,1,VERY_LOW,0,2025-11-03,2025-11,u1_35
2025-11-03,2.0,25.0,50.0,統一超商新北市第一四三五,午后時光-重乳奶茶tp330,飲食,1,LOW,0,2025-11-03,2025-11,u1_47
2025-11-03,1.0,32.0,32.0,全家便利商店台大二活門市部,星-二配板巧克力夾心土司,飲食,1,VERY_LOW,0,2025-11-03,2025-11,u1_36
2025-11-03,1.0,72.0,72.0,和德昌樹林中山,雙層牛肉堡,飲食,1,LOW,0,2025-11-03,2025-11,u1_59
2025-11-03,1.0,48.0,48.0,和德昌樹林中山,四塊麥克雞塊,飲食,1,VERY_LOW,0,2025-11-03,2025-11,u1_58
2025-11-03,1.0,66.0,66.0,和德昌樹林中山,薯條-大,飲食,1,LOW,0,2025-11-03,2025-11,u1_58
2025-11-03,1.0,45.0,45.0,全家便利商店台大二活門市部,大冰美式,飲食,1,VERY_LOW,0,2025-11-03,2025-11,u1_19
2025-11-04,2.0,35.0,70.0,統一超商新北市第九六八,(a)統一h2o純水pet2200,飲食,1,LOW,0,2025-11-04,2025-11,u1_9
2025-11-04,1.0,50.0,50.0,源湧商行,金萱雙q,飲食,1,LOW,0,2025-11-04,2025-11,u1_6
2025-11-05,1.0,35.0,35.0,恆木茶行,油切蕎麥茶,飲食,1,VERY_LOW,0,2025-11-05,2025-11,u1_51
2025-11-05,1.0,35.0,35.0,正好停樹林車站停車場,parking fee,交通,1,VERY_LOW,1,2025-11-05,2025-11,u1_4
2025-11-05,1.0,45.0,45.0,全家便利商店台大二活門市部,大冰美式,飲食,1,VERY_LOW,0,2025-11-05,2025-11,u1_19
2025-11-05,1.0,32.0,32.0,全家便利商店台大二活門市部,星-二配板巧克力夾心土司,飲食,1,VERY_LOW,0,2025-11-05,2025-11,u1_36
2025-11-06,1.0,100.0,100.0,長佳機電工程大安運動中心暨和平籃球館營業所,桌球場,娛樂,1,LOW,3,2025-11-06,2025-11,u1_20
2025-11-06,1.0,35.0,35.0,正好停樹林車站停車場,parking fee,交通,1,VERY_LOW,1,2025-11-06,2025-11,u1_4
2025-11-06,1.0,45.0,45.0,作燴餐飲科技,迷客夏虎林 - 原片初露青茶(l),飲食,1,VERY_LOW,0,2025-11-06,2025-11,u1_51
2025-11-07,1.0,40.0,40.0,冠樺生活,熟食,飲食,1,VERY_LOW,0,2025-11-07,2025-11,u1_8
2025-11-07,1.0,13.0,13.0,松深食品,pkl330立頓巧克力奶,飲食,1,VERY_LOW,0,2025-11-07,2025-11,noise
2025-11-07,1.0,29.0,29.0,國立臺灣大學生物資源暨農學院附設農業試驗場,三明治冰淇淋,飲食,1,VERY_LOW,0,2025-11-07,2025-11,u1_25
2025-11-07,1.0,149.0,134.0,傑洛國際台大店,厚切嫩牛堡6吋,飲食,1,LOW,0,2025-11-07,2025-11,u1_59
2025-11-08,1.0,90.0,90.0,貓啡因商行,紅茶,飲食,1,LOW,0,2025-11-08,2025-11,u1_32
2025-11-08,1.0,160.0,160.0,貓啡因商行,草莓,飲食,1,MID,0,2025-11-08,2025-11,u1_38
2025-11-08,1.0,120.0,120.0,貓啡因商行,多多綠茶,飲食,1,LOW,0,2025-11-08,2025-11,u1_30
2025-11-08,1.0,40.0,40.0,大仟飲料店,柔香青金萱(l),飲食,1,VERY_LOW,0,2025-11-08,2025-11,u1_50
2025-11-08,1.0,40.0,40.0,歐特儀市民廣場地下停車場,停車費,交通,1,VERY_LOW,1,2025-11-08,2025-11,u1_5
2025-11-08,1.0,160.0,160.0,貓啡因商行,泡芙,飲食,1,MID,0,2025-11-08,2025-11,u1_42
2025-11-09,1.0,48.0,48.0,和德昌樹林中山,四塊麥克雞塊,飲食,1,VERY_LOW,0,2025-11-09,2025-11,u1_58
2025-11-09,1.0,134.0,134.0,和德昌樹林中山,(牛)炸蝦堡,飲食,1,LOW,0,2025-11-09,2025-11,u1_59
2025-11-09,1.0,45.0,45.0,全家便利商店新北市第八九八,大冰美式,飲食,1,VERY_LOW,0,2025-11-09,2025-11,noise
2025-11-09,1.0,58.0,58.0,富邦媒體科技,麥當勞豬肉滿福堡加蛋送冰經典美式咖啡中杯(好禮即享券),飲食,1,LOW,0,2025-11-09,2025-11,u1_43
2025-11-09,1.0,50.0,50.0,星翔飲料店,大1四季春珍波椰,飲食,1,LOW,0,2025-11-09,2025-11,u1_28
2025-11-09,1.0,100.0,100.0,臺北大眾捷運內湖線南港展覽館站,桌球場,娛樂,1,LOW,3,2025-11-09,2025-11,u1_13
2025-11-10,1.0,710.0,710.0,冠樺生活,餐廳,飲食,1,HIGH,0,2025-11-10,2025-11,u1_26
2025-11-10,1.0,45.0,45.0,全家便利商店台大二活門市部,大冰美式,飲食,1,VERY_LOW,0,2025-11-10,2025-11,u1_19
2025-11-10,1.0,32.0,32.0,全家便利商店台大二活門市部,星-二配板巧克力夾心土司,飲食,1,VERY_LOW,0,2025-11-10,2025-11,u1_36
2025-11-11,1.0,1471.0,1471.0,富邦媒體科技,saimesaime 東京企劃 3way抓皺氣球腋下包,購物,1,HIGH,2,2025-11-11,2025-11,u1_22
2025-11-11,1.0,1471.0,1471.0,富邦媒體科技,saimesaime 東京企劃 3way抓皺氣球腋下包,購物,1,HIGH,2,2025-11-11,2025-11,u1_22
2025-11-11,1.0,340.0,340.0,冠樺生活,熟食,飲食,1,MID,0,2025-11-11,2025-11,u1_12
2025-11-11,1.0,40.0,40.0,冠樺生活,熟食,飲食,1,VERY_LOW,0,2025-11-11,2025-11,u1_8
2025-11-11,1.0,120.0,120.0,百變全球餐飲,日香雞肉飯 - 私房辣椒雞腿飯(b),飲食,1,LOW,0,2025-11-11,2025-11,u1_61
2025-11-12,1.0,35.0,35.0,全家便利商店台大二活門市部,一配菠蘿麵包,飲食,1,VERY_LOW,0,2025-11-12,2025-11,u1_36
2025-11-12,1.0,50.0,50.0,源湧商行,金萱雙q,飲食,1,LOW,0,2025-11-12,2025-11,u1_6
2025-11-12,1.0,35.0,35.0,正好停樹林車站停車場,parking fee,交通,1,VERY_LOW,1,2025-11-12,2025-11,u1_4
2025-11-12,1.0,45.0,45.0,全家便利商店台大二活門市部,大冰美式,飲食,1,VERY_LOW,0,2025-11-12,2025-11,u1_19
2025-11-13,1.0,100.0,100.0,臺北大眾捷運內湖線南港展覽館站,桌球場,娛樂,1,LOW,3,2025-11-13,2025-11,u1_13
2025-11-13,1.0,125.0,125.0,百變全球餐飲,陽光bbq健康餐 - 匈牙利香蒜雞胸(c),飲食,1,LOW,0,2025-11-13,2025-11,u1_60
2025-11-14,1.0,25.0,25.0,全家便利商店台大二活門市部,飲冰室茶集紅奶茶,飲食,1,VERY_LOW,0,2025-11-14,2025-11,u1_47
2025-11-14,1.0,40.0,40.0,冠樺生活,熟食,飲食,1,VERY_LOW,0,2025-11-14,2025-11,u1_8
2025-11-14,1.0,15.0,15.0,九南商行,配料,飲食,1,VERY_LOW,0,2025-11-14,2025-11,u1_7
2025-11-14,1.0,170.0,170.0,九南商行,黑蒜豚骨拉麵,飲食,1,MID,0,2025-11-14,2025-11,u1_31
2025-11-14,1.0,150.0,150.0,九南商行,韓式泡菜拉麵,飲食,1,MID,0,2025-11-14,2025-11,u1_39
2025-11-14,1.0,65.0,65.0,江江好商行,金萱奶綠大,飲食,1,LOW,0,2025-11-14,2025-11,u1_54
2025-11-14,1.0,1.0,1.0,全家便利商店台大二活門市部,銷售用叉子,飲食,1,VERY_LOW,0,2025-11-14,2025-11,u1_34
2025-11-15,1.0,65.0,65.0,海底撈火鍋,鐵觀音奶茶,飲食,1,LOW,0,2025-11-15,2025-11,u1_48
2025-11-15,1.0,50.0,50.0,海底撈火鍋,高冷青茶,飲食,1,LOW,0,2025-11-15,2025-11,u1_48
2025-11-15,1.0,99.0,99.0,海底撈火鍋,水蓮菜(半),飲食,1,LOW,0,2025-11-15,2025-11,u1_48
2025-11-15,1.0,168.0,168.0,海底撈火鍋,紅糖滋粑,飲食,1,MID,0,2025-11-15,2025-11,u1_48
2025-11-15,1.0,65.0,65.0,海底撈火鍋,清香奶茶,飲食,1,LOW,0,2025-11-15,2025-11,u1_48
2025-11-15,1.0,84.0,84.0,海底撈火鍋,龍蝦沙拉風味丸(半),飲食,1,LOW,0,2025-11-15,2025-11,u1_48
2025-11-15,1.0,50.0,50.0,海底撈火鍋,高冷青茶,飲食,1,LOW,0,2025-11-15,2025-11,u1_48
2025-11-15,1.0,35.0,35.0,正好停樹林車站停車場,parking fee,交通,1,VERY_LOW,1,2025-11-15,2025-11,u1_4
2025-11-15,1.0,120.0,120.0,貓啡因商行,多多綠茶,飲食,1,LOW,0,2025-11-15,2025-11,u1_30
2025-11-15,1.0,90.0,90.0,貓啡因商行,紅茶,飲食,1,LOW,0,2025-11-15,2025-11,u1_32
2025-11-15,1.0,130.0,130.0,貓啡因商行,酥脆雞塊,飲食,1,LOW,0,2025-11-15,2025-11,u1_40
2025-11-15,1.0,160.0,160.0,貓啡因商行,草莓,飲食,1,MID,0,2025-11-15,2025-11,u1_38
2025-11-15,1.0,220.0,220.0,海底撈火鍋,菌類拼盤,飲食,1,MID,0,2025-11-15,2025-11,u1_48
2025-11-15,1.0,159.0,159.0,海底撈火鍋,三鮮火鍋(海鮮風味),飲食,1,MID,0,2025-11-15,2025-11,u1_48
2025-11-15,1.0,59.0,59.0,統一超商新北市第一四八九,unidesign醫用級口罩5入(輕薄白),醫療健康,1,LOW,5,2025-11-15,2025-11,u1_22
2025-11-15,1.0,50.0,50.0,海底撈火鍋,日本越光米,飲食,1,LOW,0,2025-11-15,2025-11,u1_48
2025-11-15,1.0,40.0,40.0,星翔飲料店,大四季春青茶,飲食,1,VERY_LOW,0,2025-11-15,2025-11,u1_28
2025-11-15,1.0,40.0,40.0,星翔飲料店,大阿薩姆紅茶,飲食,1,VERY_LOW,0,2025-11-15,2025-11,u1_49
2025-11-15,1.0,50.0,50.0,星翔飲料店,大1四季春珍波椰,飲食,1,LOW,0,2025-11-15,2025-11,u1_28
2025-11-15,1.0,428.0,428.0,海底撈火鍋,撈派滑牛肉,飲食,1,MID,0,2025-11-15,2025-11,u1_48
2025-11-15,1.0,290.0,290.0,海底撈火鍋,薄切牛舌(半),飲食,1,MID,0,2025-11-15,2025-11,u1_48
2025-11-15,1.0,80.0,80.0,海底撈火鍋,高麗菜,飲食,1,LOW,0,2025-11-15,2025-11,u1_48
2025-11-15,1.0,184.0,184.0,海底撈火鍋,鮮切文昌雞肉(半),飲食,1,MID,0,2025-11-15,2025-11,u1_48
2025-11-15,1.0,229.0,229.0,海底撈火鍋,經典麻辣火鍋(牛油),飲食,1,MID,0,2025-11-15,2025-11,u1_48
2025-11-15,1.0,498.0,498.0,海底撈火鍋,招牌蝦滑,飲食,1,MID,0,2025-11-15,2025-11,u1_48
2025-11-16,1.0,100.0,100.0,臺北大眾捷運內湖線南港展覽館站,桌球場,娛樂,1,LOW,3,2025-11-16,2025-11,u1_13
2025-11-17,1.0,10.0,10.0,陌生人商行,白玉珍珠 / 無糖 / 微冰,飲食,1,VERY_LOW,0,2025-11-17,2025-11,u1_23
2025-11-17,1.0,35.0,35.0,陌生人商行,芽香綠金萱(l),飲食,1,VERY_LOW,0,2025-11-17,2025-11,u1_3
2025-11-17,1.0,35.0,35.0,正好停樹林車站停車場,parking fee,交通,1,VERY_LOW,1,2025-11-17,2025-11,u1_1
2025-11-17,1.0,45.0,45.0,全家便利商店台大二活門市部,大冰美式,飲食,1,VERY_LOW,0,2025-11-17,2025-11,u1_18
2025-11-17,1.0,80.0,80.0,冠樺生活,熟食,飲食,1,LOW,0,2025-11-17,2025-11,u1_12
2025-11-17,1.0,680.0,680.0,冠樺生活,餐廳,飲食,1,HIGH,0,2025-11-17,2025-11,u1_26
2025-11-17,1.0,32.0,32.0,全家便利商店台大二活門市部,星-二配板巧克力夾心土司,飲食,1,VERY_LOW,0,2025-11-17,2025-11,u1_36
2025-11-17,1.0,1.0,1.0,冠樺生活,熟食,飲食,1,VERY_LOW,0,2025-11-17,2025-11,u1_8
2025-11-18,1.0,99.0,99.0,統一超商新北市第一四三五,增雞蛋白餐,飲食,1,LOW,0,2025-11-18,2025-11,u1_35
2025-11-18,2.0,25.0,50.0,統一超商新北市第一四三五,午后時光-重乳奶茶tp330,飲食,1,LOW,0,2025-11-18,2025-11,u1_47
2025-11-18,2.0,35.0,70.0,統一超商新北市第一四三五,(a)統一h2o純水pet2200,飲食,1,LOW,0,2025-11-18,2025-11,u1_9
2025-11-19,1.0,30.0,30.0,全家便利商店台大二活門市部,二配經典肉鬆飯糰,飲食,1,VERY_LOW,0,2025-11-19,2025-11,u1_34
2025-11-19,1.0,13.0,13.0,松深食品,pkl330立頓巧克力奶,飲食,1,VERY_LOW,0,2025-11-19,2025-11,noise
2025-11-19,1.0,35.0,35.0,正好停樹林車站停車場,parking fee,交通,1,VERY_LOW,1,2025-11-19,2025-11,u1_1
2025-11-19,1.0,45.0,45.0,全家便利商店台大二活門市部,大冰美式,飲食,1,VERY_LOW,0,2025-11-19,2025-11,u1_18
2025-11-20,1.0,35.0,35.0,正好停樹林車站停車場,parking fee,交通,1,VERY_LOW,1,2025-11-20,2025-11,u1_1
2025-11-20,1.0,300.0,300.0,橘焱胡同國際一幻台北信義店,原味鹽味拉麵-細麵,飲食,1,MID,0,2025-11-20,2025-11,u1_31
2025-11-20,1.0,60.0,60.0,統一聖娜多堡市站門市部,16oz(冰)特選美式咖啡,飲食,1,LOW,0,2025-11-20,2025-11,u1_43
2025-11-20,1.0,42.0,42.0,統一聖娜多堡市站門市部,金塊香蒜-小單位,飲食,1,VERY_LOW,0,2025-11-20,2025-11,u1_11
2025-11-20,1.0,270.0,270.0,橘焱胡同國際一幻台北信義店,適量豚骨鹽味拉麵-細麵,飲食,1,MID,0,2025-11-20,2025-11,u1_31
2025-11-20,1.0,270.0,270.0,橘焱胡同國際一幻台北信義店,適量豚骨鹽味拉麵-細麵,飲食,1,MID,0,2025-11-20,2025-11,u1_31
2025-11-20,1.0,270.0,270.0,橘焱胡同國際一幻台北信義店,濃厚豚骨鹽味拉麵-細麵,飲食,1,MID,0,2025-11-20,2025-11,u1_31
2025-11-20,1.0,40.0,40.0,冠樺生活,熟食,飲食,1,VERY_LOW,0,2025-11-20,2025-11,u1_8
2025-11-20,1.0,750.0,750.0,潤泰旭展,餐飲與食品(f&b),飲食,1,HIGH,0,2025-11-20,2025-11,u1_27
2025-11-20,1.0,30.0,30.0,橘焱胡同國際一幻台北信義店,白飯,飲食,1,VERY_LOW,0,2025-11-20,2025-11,u1_31
2025-11-20,1.0,100.0,100.0,橘焱胡同國際一幻台北信義店,原味煎餃五個,飲食,1,LOW,0,2025-11-20,2025-11,u1_31
2025-11-20,1.0,124.0,124.0,橘焱胡同國際一幻台北信義店,服務費,飲食,1,LOW,0,2025-11-20,2025-11,u1_31
2025-11-21,1.0,30.0,30.0,歐特儀市民廣場地下停車場,停車費,交通,1,VERY_LOW,1,2025-11-21,2025-11,u1_5
2025-11-21,1.0,65.0,65.0,統一超商新北市第一四三五,特選美式冰咖啡(大),飲食,1,LOW,0,2025-11-21,2025-11,u1_45
2025-11-21,1.0,35.0,35.0,統一超商新北市第一四三五,左岸咖啡館奶茶240ml(杯),飲食,1,VERY_LOW,0,2025-11-21,2025-11,u1_45
2025-11-21,2.0,35.0,70.0,統一超商新北市第一四三五,(a)統一h2o純水pet2200,飲食,1,LOW,0,2025-11-21,2025-11,u1_9
2025-11-21,1.0,120.0,120.0,長佳機電工程板橋國民運動中心營業所,撞球場,娛樂,1,LOW,3,2025-11-21,2025-11,u1_20
2025-11-21,1.0,120.0,120.0,長佳機電工程板橋國民運動中心營業所,撞球場,娛樂,1,LOW,3,2025-11-21,2025-11,u1_20
2025-11-22,1.0,160.0,160.0,貓啡因商行,草莓,飲食,1,MID,0,2025-11-22,2025-11,u1_38
2025-11-22,1.0,160.0,160.0,貓啡因商行,炙燒乳酪蛋糕,飲食,1,MID,0,2025-11-22,2025-11,u1_38
2025-11-22,1.0,90.0,90.0,貓啡因商行,紅茶,飲食,1,LOW,0,2025-11-22,2025-11,u1_32
2025-11-22,1.0,130.0,130.0,貓啡因商行,酥脆雞塊,飲食,1,LOW,0,2025-11-22,2025-11,u1_40
2025-11-22,1.0,120.0,120.0,貓啡因商行,多多綠茶,飲食,1,LOW,0,2025-11-22,2025-11,u1_30
2025-11-22,1.0,10.0,10.0,歐特儀市民廣場地下停車場,停車費,交通,1,VERY_LOW,1,2025-11-22,2025-11,u1_5
2025-11-22,1.0,190.0,190.0,貓啡因商行,熱帶叢林,飲食,1,MID,0,2025-11-22,2025-11,u1_42
2025-11-23,1.0,160.0,160.0,欣食旅 南港營業所,餐飲費,飲食,1,MID,0,2025-11-23,2025-11,noise
2025-11-23,1.0,260.0,260.0,欣食旅 南港營業所,餐飲費,飲食,1,MID,0,2025-11-23,2025-11,noise
2025-11-23,1.0,130.0,130.0,欣食旅 南港營業所,餐飲費,飲食,1,LOW,0,2025-11-23,2025-11,noise
2025-11-23,1.0,35.0,35.0,正好停樹林車站停車場,parking fee,交通,1,VERY_LOW,1,2025-11-23,2025-11,u1_4
2025-11-23,1.0,150.0,150.0,九南商行,韓式泡菜拉麵,飲食,1,MID,0,2025-11-23,2025-11,u1_39
2025-11-23,1.0,35.0,35.0,九南商行,涼拌豆干絲,飲食,1,VERY_LOW,0,2025-11-23,2025-11,u1_2
2025-11-23,1.0,50.0,50.0,源湧商行,金萱雙q,飲食,1,LOW,0,2025-11-23,2025-11,u1_6
2025-11-23,1.0,38.0,38.0,冠樺生活,日式碳烤風味熱狗,飲食,1,VERY_LOW,0,2025-11-23,2025-11,noise
2025-11-23,1.0,15.0,15.0,九南商行,配料,飲食,1,VERY_LOW,0,2025-11-23,2025-11,u1_7
2025-11-23,1.0,150.0,150.0,九南商行,釜山紅湯拉麵,飲食,1,MID,0,2025-11-23,2025-11,u1_31
2025-11-23,1.0,100.0,100.0,臺北大眾捷運內湖線南港展覽館站,桌球場,交通,1,LOW,1,2025-11-23,2025-11,u1_13
2025-11-24,1.0,45.0,45.0,全家便利商店台大二活門市部,大冰美式,飲食,1,VERY_LOW,0,2025-11-24,2025-11,u1_19
2025-11-24,1.0,32.0,32.0,全家便利商店台大二活門市部,星-二配板巧克力夾心土司,飲食,1,VERY_LOW,0,2025-11-24,2025-11,u1_36
2025-11-24,1.0,40.0,40.0,冠樺生活,熟食,飲食,1,VERY_LOW,0,2025-11-24,2025-11,u1_8
2025-11-24,1.0,293.0,293.0,潤泰旭展,餐飲與食品(f&b),飲食,1,MID,0,2025-11-24,2025-11,u1_27
2025-11-24,1.0,35.0,35.0,正好停樹林車站停車場,parking fee,交通,1,VERY_LOW,1,2025-11-24,2025-11,u1_4
2025-11-24,1.0,54.0,54.0,沐然商行,飲料,飲食,1,LOW,0,2025-11-24,2025-11,u1_28
2025-11-24,1.0,29.0,29.0,國立臺灣大學生物資源暨農學院附設農業試驗場,三明治冰淇淋,飲食,1,VERY_LOW,0,2025-11-24,2025-11,u1_25
2025-11-25,1.0,35.0,35.0,正好停樹林車站停車場,parking fee,交通,1,VERY_LOW,1,2025-11-25,2025-11,u1_4
2025-11-25,1.0,39.0,39.0,統一聖娜多堡市站門市部,極選厚菠蘿,飲食,1,VERY_LOW,0,2025-11-25,2025-11,u1_15
2025-11-25,1.0,60.0,60.0,統一聖娜多堡市站門市部,16oz(冰)特選美式咖啡,飲食,1,LOW,0,2025-11-25,2025-11,u1_43
2025-11-26,2.0,133.0,266.0,國立臺灣大學生物資源暨農學院附設農業試驗場,起士核桃堡140元,飲食,1,MID,0,2025-11-26,2025-11,u1_25
2025-11-26,1.0,35.0,35.0,正好停樹林車站停車場,parking fee,交通,1,VERY_LOW,1,2025-11-26,2025-11,u1_4
2025-11-26,1.0,3.0,3.0,國立臺灣大學生物資源暨農學院附設農業試驗場,3元塑膠袋,購物,1,VERY_LOW,2,2025-11-26,2025-11,u1_22
2025-11-26,1.0,40.0,40.0,冠樺生活,熟食,飲食,1,VERY_LOW,0,2025-11-26,2025-11,u1_8
2025-11-26,1.0,240.0,240.0,冠樺生活,輕食咖啡廳,飲食,1,MID,0,2025-11-26,2025-11,u1_10
2025-11-26,1.0,30.0,30.0,全家便利商店台大二活門市部,一配經典肉鬆飯糰,飲食,1,VERY_LOW,0,2025-11-26,2025-11,u1_34
2025-11-26,1.0,50.0,50.0,星翔飲料店,大1四季春珍波椰,飲食,1,LOW,0,2025-11-26,2025-11,u1_28
2025-11-26,1.0,45.0,45.0,全家便利商店台大二活門市部,大冰美式,飲食,1,VERY_LOW,0,2025-11-26,2025-11,u1_19
2025-11-27,1.0,125.0,125.0,百變全球餐飲,12fit - 特餐_七味蒜香雞胸(b),飲食,1,LOW,0,2025-11-27,2025-11,u1_60
2025-11-27,1.0,60.0,60.0,統一聖娜多堡市站門市部,16oz(冰)特選美式咖啡,飲食,1,LOW,0,2025-11-27,2025-11,u1_43
2025-11-27,1.0,42.0,42.0,統一聖娜多堡市站門市部,金塊香蒜-小單位,飲食,1,VERY_LOW,0,2025-11-27,2025-11,u1_11
2025-11-27,1.0,100.0,100.0,臺北大眾捷運內湖線南港展覽館站,桌球場,交通,1,LOW,1,2025-11-27,2025-11,u1_13
2025-11-27,2.0,25.0,50.0,統一超商新北市第一四三五,午后時光-重乳奶茶tp330,飲食,1,LOW,0,2025-11-27,2025-11,u1_47
2025-11-27,1.0,40.0,40.0,冠樺生活,熟食,飲食,1,VERY_LOW,0,2025-11-27,2025-11,u1_8
2025-11-27,1.0,440.0,440.0,冠樺生活,熟食,飲食,1,MID,0,2025-11-27,2025-11,u1_12
2025-11-27,1.0,35.0,35.0,正好停樹林車站停車場,parking fee,交通,1,VERY_LOW,1,2025-11-27,2025-11,u1_4
2025-11-28,1.0,50.0,50.0,星翔飲料店,大1四季春珍波椰,飲食,1,LOW,0,2025-11-28,2025-11,u1_28
2025-11-28,1.0,10.0,10.0,陌生人商行,無糖 / 微冰 / 白玉珍珠,飲食,1,VERY_LOW,0,2025-11-28,2025-11,u1_23
2025-11-28,1.0,40.0,40.0,陌生人商行,柔香青金萱(l),飲食,1,VERY_LOW,0,2025-11-28,2025-11,u1_3
2025-11-29,1.0,90.0,90.0,貓啡因商行,紅茶,飲食,1,LOW,0,2025-11-29,2025-11,u1_32
2025-11-29,1.0,160.0,160.0,貓啡因商行,極致巧克力蛋糕,飲食,1,MID,0,2025-11-29,2025-11,u1_41
2025-11-29,1.0,160.0,160.0,貓啡因商行,草莓白乳酪,飲食,1,MID,0,2025-11-29,2025-11,u1_38
2025-11-29,1.0,170.0,170.0,貓啡因商行,風味奶茶,飲食,1,MID,0,2025-11-29,2025-11,u1_14
2025-11-29,1.0,20.0,20.0,統一超商新北市第三十三門市,(a)統一uni water純水pet550,飲食,1,VERY_LOW,0,2025-11-29,2025-11,u1_9
2025-11-29,1.0,40.0,40.0,歐特儀市民廣場地下停車場,停車費,交通,1,VERY_LOW,1,2025-11-29,2025-11,u1_5
2025-11-29,4.81,28.6,138.0,全國加油站全國板橋四川路加油站,95+無鉛,交通,1,LOW,1,2025-11-29,2025-11,u1_33
2025-11-29,1.0,45.0,45.0,全家便利商店板橋板農,每日c100%莓果綜合果汁,飲食,1,VERY_LOW,0,2025-11-29,2025-11,u1_37
2025-11-29,1.0,60.0,60.0,全家便利商店板橋板農,天地合補玫瑰四物飲含鐵,飲食,1,LOW,0,2025-11-29,2025-11,u1_28
2025-11-29,1.0,45.0,45.0,全家便利商店板橋板農,大冰美式,飲食,1,VERY_LOW,0,2025-11-29,2025-11,noise
2025-11-29,1.0,58.0,58.0,貓啡因商行,服務費用,飲食,1,LOW,0,2025-11-29,2025-11,u1_42
2025-11-30,1.0,115.0,115.0,悠旅生活事業新北市第三十八,冰美式咖啡大,飲食,1,LOW,0,2025-11-30,2025-11,u1_44
2025-12-01,1.0,28.0,28.0,遠百企業板橋南雅,313153精緻丹麥系列/個(a),飲食,1,VERY_LOW,0,2025-12-01,2025-12,u1_55
2025-12-01,1.0,70.0,70.0,路易莎職人咖啡新北圖館,a 美式黑咖啡-大冰,飲食,1,LOW,0,2025-12-01,2025-12,u1_44
2025-12-01,1.0,50.0,50.0,源湧商行,金萱雙q,飲食,1,LOW,0,2025-12-01,2025-12,u1_6
2025-12-02,1.0,120.0,120.0,百變全球餐飲,日香雞肉飯 - 私房辣椒雞腿飯(b),飲食,1,LOW,0,2025-12-02,2025-12,u1_61
2025-12-02,1.0,60.0,60.0,統一聖娜多堡市站門市部,16oz(冰)特選美式咖啡,飲食,1,LOW,0,2025-12-02,2025-12,u1_43
2025-12-02,1.0,42.0,42.0,統一聖娜多堡市站門市部,金塊香蒜-小單位,飲食,1,VERY_LOW,0,2025-12-02,2025-12,u1_11
2025-12-02,1.0,35.0,35.0,正好停樹林車站停車場,parking fee,交通,1,VERY_LOW,1,2025-12-02,2025-12,u1_0
2025-12-02,1.0,100.0,100.0,臺北大眾捷運內湖線南港展覽館站,桌球場,娛樂,1,LOW,3,2025-12-02,2025-12,u1_13
2025-12-02,1.0,340.0,340.0,冠樺生活,熟食,飲食,1,MID,0,2025-12-02,2025-12,u1_12
2025-12-03,1.0,80.0,80.0,安心食品服務南港展館,超級大麥杏鮑菇珍珠堡,飲食,1,LOW,0,2025-12-03,2025-12,u1_54
2025-12-03,1.0,85.0,85.0,安心食品服務南港展館,超級大麥海洋珍珠堡,飲食,1,LOW,0,2025-12-03,2025-12,u1_54
2025-12-03,1.0,60.0,60.0,安心食品服務南港展館,d摩斯雞塊套加60,飲食,1,LOW,0,2025-12-03,2025-12,u1_56
2025-12-03,1.0,30.0,30.0,全家便利商店台大二活門市部,一配經典肉鬆飯糰,飲食,1,VERY_LOW,0,2025-12-03,2025-12,u1_34
2025-12-03,2.0,40.0,80.0,安心食品服務南港展館,冰紅茶-大(新),飲食,1,LOW,0,2025-12-03,2025-12,u1_24
2025-12-03,1.0,240.0,240.0,冠樺生活,輕食咖啡廳,飲食,1,MID,0,2025-12-03,2025-12,u1_10
2025-12-03,1.0,70.0,70.0,安心食品服務南港展館,辣味和風雞腿塊,飲食,1,LOW,0,2025-12-03,2025-12,u1_56
2025-12-03,1.0,45.0,45.0,全家便利商店台大二活門市部,大冰美式,飲食,1,VERY_LOW,0,2025-12-03,2025-12,u1_19
2025-12-04,1.0,550.0,550.0,冠樺生活,餐廳,飲食,1,HIGH,0,2025-12-04,2025-12,u1_26
2025-12-04,1.0,40.0,40.0,冠樺生活,熟食,飲食,1,VERY_LOW,0,2025-12-04,2025-12,u1_8
2025-12-04,2.0,35.0,70.0,統一超商新北市第一四三五,(a)統一h2o純水pet2200,飲食,1,LOW,0,2025-12-04,2025-12,u1_9
2025-12-04,1.0,50.0,50.0,星翔飲料店,大1四季春珍波椰,飲食,1,LOW,0,2025-12-04,2025-12,u1_28
2025-12-04,1.0,100.0,100.0,臺北大眾捷運內湖線南港展覽館站,桌球場,娛樂,1,LOW,3,2025-12-04,2025-12,u1_13
2025-12-04,1.0,35.0,35.0,正好停樹林車站停車場,parking fee,交通,1,VERY_LOW,1,2025-12-04,2025-12,u1_0
2025-12-05,1.0,128.0,115.0,傑洛國際台大店,照燒雞肉堡6吋,飲食,1,LOW,0,2025-12-05,2025-12,u1_59
2025-12-05,1.0,2057.0,2057.0,潤泰旭展,餐飲與食品(f&b),飲食,1,VERY_HIGH,0,2025-12-05,2025-12,u1_27
2025-12-05,1.0,55.0,55.0,全家便利商店新北市第六五五門市部,星二配雙饗雙手卷,飲食,1,LOW,0,2025-12-05,2025-12,noise
2025-12-05,1.0,45.0,45.0,全家便利商店台大二活門市部,大冰美式,飲食,1,VERY_LOW,0,2025-12-05,2025-12,u1_19
2025-12-06,1.0,35.0,35.0,大仟飲料店,芽香綠金萱(l),飲食,1,VERY_LOW,0,2025-12-06,2025-12,u1_50
2025-12-06,1.0,160.0,160.0,貓啡因商行,炙燒乳酪蛋糕,飲食,1,MID,0,2025-12-06,2025-12,u1_38
2025-12-06,1.0,95.0,95.0,貓啡因商行,香蒜起士麵包,飲食,1,LOW,0,2025-12-06,2025-12,u1_40
2025-12-06,1.0,120.0,120.0,貓啡因商行,多多綠茶,飲食,1,LOW,0,2025-12-06,2025-12,u1_30
2025-12-06,1.0,90.0,90.0,貓啡因商行,紅茶,飲食,1,LOW,0,2025-12-06,2025-12,u1_32
2025-12-06,1.0,170.0,170.0,好吃客,咖哩玉米海帶芽拉麵 (小),飲食,1,MID,0,2025-12-06,2025-12,u1_49
2025-12-06,1.0,50.0,50.0,源湧商行,金萱雙q,飲食,1,LOW,0,2025-12-06,2025-12,u1_6
2025-12-06,1.0,210.0,210.0,好吃客,博多叉燒拉麵 (大),飲食,1,MID,0,2025-12-06,2025-12,u1_31
2025-12-06,1.0,60.0,60.0,好吃客,鮮蝦可樂餅,飲食,1,LOW,0,2025-12-06,2025-12,noise
2025-12-06,1.0,25.0,25.0,好吃客,黃金蛋,飲食,1,VERY_LOW,0,2025-12-06,2025-12,u1_29
2025-12-06,1.0,40.0,40.0,歐特儀市民廣場地下停車場,停車費,交通,1,VERY_LOW,1,2025-12-06,2025-12,u1_5
2025-12-06,1.0,65.0,65.0,大仟飲料店,焙金萱鮮奶茶(l),飲食,1,LOW,0,2025-12-06,2025-12,u1_49
2025-12-07,1.0,100.0,100.0,臺北大眾捷運內湖線南港展覽館站,桌球場,娛樂,1,LOW,3,2025-12-07,2025-12,u1_13
2025-12-08,1.0,35.0,35.0,陌生人商行,芽香綠金萱(l),飲食,1,VERY_LOW,0,2025-12-08,2025-12,u1_3
2025-12-08,1.0,10.0,10.0,陌生人商行,白玉珍珠 / 無糖 / 微冰,飲食,1,VERY_LOW,0,2025-12-08,2025-12,u1_23
2025-12-08,1.0,60.0,60.0,安心食品服務南港展館,d摩斯雞塊套加60,飲食,1,LOW,0,2025-12-08,2025-12,u1_56
2025-12-08,1.0,80.0,80.0,安心食品服務南港展館,超級大麥杏鮑菇珍珠堡,飲食,1,LOW,0,2025-12-08,2025-12,u1_54
2025-12-08,1.0,40.0,40.0,安心食品服務南港展館,冰紅茶-大(新),飲食,1,VERY_LOW,0,2025-12-08,2025-12,u1_24
2025-12-08,1.0,79.0,79.0,瀚傑南港展覽店,綜合髮束髮夾組4款入,購物,1,LOW,2,2025-12-08,2025-12,u1_22
2025-12-08,1.0,60.0,60.0,安心食品服務南港展館,d摩斯雞塊套加60,飲食,1,LOW,0,2025-12-08,2025-12,u1_56
2025-12-08,1.0,40.0,40.0,安心食品服務南港展館,冰紅茶-大(新),飲食,1,VERY_LOW,0,2025-12-08,2025-12,u1_24
2025-12-08,1.0,40.0,40.0,冠樺生活,熟食,飲食,1,VERY_LOW,0,2025-12-08,2025-12,u1_8
2025-12-08,1.0,190.0,190.0,冠樺生活,輕食咖啡廳,飲食,1,MID,0,2025-12-08,2025-12,u1_10
2025-12-08,1.0,30.0,30.0,全家便利商店台大二活門市部,二配經典肉鬆飯糰,飲食,1,VERY_LOW,0,2025-12-08,2025-12,u1_34
2025-12-08,1.0,45.0,45.0,全家便利商店台大二活門市部,大冰美式,飲食,1,VERY_LOW,0,2025-12-08,2025-12,u1_19
2025-12-08,1.0,85.0,85.0,安心食品服務南港展館,超級大麥海洋珍珠堡,飲食,1,LOW,0,2025-12-08,2025-12,u1_54
2025-12-09,10.0,3.0,30.0,統一超商新北市第一四三五,a4黑白列印ibon,教育,1,VERY_LOW,4,2025-12-09,2025-12,u1_27
2025-12-09,3.0,3.0,9.0,統一超商新北市第一四三五,a4黑白列印ibon,教育,1,VERY_LOW,4,2025-12-09,2025-12,u1_27
2025-12-09,8.0,3.0,24.0,統一超商新北市第一四三五,a4黑白列印ibon,教育,1,VERY_LOW,4,2025-12-09,2025-12,u1_27
2025-12-09,2.0,25.0,50.0,統一超商新北市第一四三五,午后時光-重乳奶茶tp330,飲食,1,LOW,0,2025-12-09,2025-12,u1_47
2025-12-09,2.0,35.0,70.0,統一超商新北市第一四三五,(a)統一h2o純水pet2200,飲食,1,LOW,0,2025-12-09,2025-12,u1_9
2025-12-10,1.0,45.0,45.0,全家便利商店台大二活門市部,大冰美式,飲食,1,VERY_LOW,0,2025-12-10,2025-12,u1_19
2025-12-10,1.0,30.0,30.0,全家便利商店台大二活門市部,一配經典肉鬆飯糰,飲食,1,VERY_LOW,0,2025-12-10,2025-12,u1_34
2025-12-10,1.0,91.0,91.0,美德耐台大卓越商場,路易莎咖啡餐點類,飲食,1,LOW,0,2025-12-10,2025-12,u1_44
2025-12-10,1.0,560.0,560.0,冠樺生活,餐廳,飲食,1,HIGH,0,2025-12-10,2025-12,u1_26
2025-12-10,1.0,40.0,40.0,冠樺生活,熟食,飲食,1,VERY_LOW,0,2025-12-10,2025-12,u1_8
2025-12-10,1.0,45.0,45.0,詠觀國際,烤雞(熟),飲食,1,VERY_LOW,0,2025-12-10,2025-12,u1_16
2025-12-10,1.0,110.0,110.0,詠觀國際,清爽沙拉飯,飲食,1,LOW,0,2025-12-10,2025-12,u1_17
2025-12-10,1.0,35.0,35.0,正好停樹林車站停車場,parking fee,交通,1,VERY_LOW,1,2025-12-10,2025-12,u1_1
2025-12-11,1.0,100.0,100.0,一娘子小吃店,皮蛋乾麵,飲食,1,LOW,0,2025-12-11,2025-12,u1_2
2025-12-11,1.0,40.0,40.0,冠樺生活,熟食,飲食,1,VERY_LOW,0,2025-12-11,2025-12,u1_8
2025-12-11,1.0,340.0,340.0,冠樺生活,熟食,飲食,1,MID,0,2025-12-11,2025-12,u1_12
2025-12-11,1.0,40.0,40.0,一娘子小吃店,豆干滷蛋海帶,飲食,1,VERY_LOW,0,2025-12-11,2025-12,u1_2
2025-12-12,1.0,144.0,144.0,遠百企業板橋南雅,864898丸龜製麵,飲食,1,LOW,0,2025-12-12,2025-12,noise
2025-12-12,1.0,60.0,60.0,會錳飲料店,飲料,飲食,1,LOW,0,2025-12-12,2025-12,u1_28
2025-12-13,1.0,70.0,71.0,路易莎職人咖啡新北圖館,超值早餐派對,飲食,1,LOW,0,2025-12-13,2025-12,u1_44
2025-12-13,1.0,160.0,160.0,貓啡因商行,提拉米蘇,飲食,1,MID,0,2025-12-13,2025-12,u1_42
2025-12-13,1.0,130.0,130.0,貓啡因商行,奶茶,飲食,1,LOW,0,2025-12-13,2025-12,u1_14
2025-12-13,1.0,160.0,160.0,貓啡因商行,原味波士頓,飲食,1,MID,0,2025-12-13,2025-12,u1_42
2025-12-13,1.0,90.0,90.0,貓啡因商行,紅茶,飲食,1,LOW,0,2025-12-13,2025-12,u1_32
2025-12-14,1.0,70.0,70.0,路易莎職人咖啡新北圖館,a 美式黑咖啡-大冰,飲食,1,LOW,0,2025-12-14,2025-12,u1_44
2025-12-14,1.0,65.0,65.0,路易莎職人咖啡新北圖館,麥香三明治-香燻雞肉,飲食,1,LOW,0,2025-12-14,2025-12,u1_43
2025-12-14,1.0,144.0,144.0,遠百企業板橋南雅,864898丸龜製麵,飲食,1,LOW,0,2025-12-14,2025-12,noise
2025-12-14,2.0,25.0,50.0,統一超商新北市第一四三五,午后時光-重乳奶茶tp330,飲食,1,LOW,0,2025-12-14,2025-12,u1_47
2025-12-15,1.0,45.0,45.0,全家便利商店台大二活門市部,大冰美式,飲食,1,VERY_LOW,0,2025-12-15,2025-12,u1_18
2025-12-15,1.0,32.0,32.0,全家便利商店台大二活門市部,星-二配板巧克力夾心土司,飲食,1,VERY_LOW,0,2025-12-15,2025-12,u1_36
2025-12-15,1.0,13.0,13.0,松深食品,pkl330立頓巧克力奶,飲食,1,VERY_LOW,0,2025-12-15,2025-12,noise
2025-12-15,1.0,45.0,45.0,詠觀國際,烤雞(熟),飲食,1,VERY_LOW,0,2025-12-15,2025-12,u1_16
2025-12-15,1.0,110.0,110.0,詠觀國際,清爽沙拉飯,飲食,1,LOW,0,2025-12-15,2025-12,u1_17
2025-12-15,1.0,35.0,35.0,正好停樹林車站停車場,parking fee,交通,1,VERY_LOW,1,2025-12-15,2025-12,u1_1
2025-12-16,1.0,50.0,50.0,源湧商行,金萱雙q,飲食,1,LOW,0,2025-12-16,2025-12,u1_6
2025-12-16,2.0,35.0,70.0,統一超商新北市第一四三五,(a)統一h2o純水pet2200,飲食,1,LOW,0,2025-12-16,2025-12,u1_9
2025-12-16,1.0,100.0,100.0,臺北大眾捷運內湖線南港展覽館站,桌球場,娛樂,1,LOW,3,2025-12-16,2025-12,u1_13
2025-12-17,1.0,45.0,45.0,全家便利商店台大二活門市部,大冰美式,飲食,1,VERY_LOW,0,2025-12-17,2025-12,u1_18
2025-12-17,1.0,30.0,30.0,全家便利商店台大二活門市部,一配經典肉鬆飯糰,飲食,1,VERY_LOW,0,2025-12-17,2025-12,u1_34
2025-12-17,1.0,40.0,40.0,冠樺生活,熟食,飲食,1,VERY_LOW,0,2025-12-17,2025-12,u1_8
2025-12-17,1.0,45.0,45.0,詠觀國際,烤雞(熟),飲食,1,VERY_LOW,0,2025-12-17,2025-12,u1_16
2025-12-17,1.0,110.0,110.0,詠觀國際,清爽沙拉飯,飲食,1,LOW,0,2025-12-17,2025-12,u1_17
2025-12-17,1.0,35.0,35.0,正好停樹林車站停車場,parking fee,交通,1,VERY_LOW,1,2025-12-17,2025-12,u1_4
2025-12-17,1.0,10.0,10.0,陌生人商行,白玉珍珠 / 無糖 / 微冰,飲食,1,VERY_LOW,0,2025-12-17,2025-12,u1_23
2025-12-17,1.0,35.0,35.0,陌生人商行,芽香綠金萱(l),飲食,1,VERY_LOW,0,2025-12-17,2025-12,u1_3
2025-12-18,1.0,60.0,60.0,統一聖娜多堡市站門市部,16oz(冰)特選美式咖啡,飲食,1,LOW,0,2025-12-18,2025-12,u1_43
2025-12-18,1.0,39.0,39.0,統一聖娜多堡市站門市部,極選厚菠蘿,飲食,1,VERY_LOW,0,2025-12-18,2025-12,u1_15
2025-12-18,1.0,120.0,120.0,永二茶坊,飲料,飲食,1,LOW,0,2025-12-18,2025-12,u1_28
2025-12-18,1.0,35.0,35.0,正好停樹林車站停車場,parking fee,交通,1,VERY_LOW,1,2025-12-18,2025-12,u1_4
2025-12-18,1.0,40.0,40.0,冠樺生活,熟食,飲食,1,VERY_LOW,0,2025-12-18,2025-12,u1_8
2025-12-18,1.0,580.0,580.0,冠樺生活,餐廳,飲食,1,HIGH,0,2025-12-18,2025-12,u1_26
2025-12-19,1.0,50.0,50.0,源湧商行,金萱雙q,飲食,1,LOW,0,2025-12-19,2025-12,u1_6
2025-12-20,1.0,113.0,113.0,吾時食清燉紅燒牛肉麵,b 優惠套餐(原價138),飲食,1,LOW,0,2025-12-20,2025-12,u1_52
2025-12-20,1.0,208.0,208.0,吾時食清燉紅燒牛肉麵,母傳原湯清燉牛肉,飲食,1,MID,0,2025-12-20,2025-12,u1_53
2025-12-20,1.0,249.0,249.0,吾時食清燉紅燒牛肉麵,經典香韻紅燒三寶,飲食,1,MID,0,2025-12-20,2025-12,u1_53
2025-12-20,1.0,90.0,90.0,貓啡因商行,紅茶,飲食,1,LOW,0,2025-12-20,2025-12,u1_32
2025-12-20,1.0,120.0,120.0,貓啡因商行,多多綠茶,飲食,1,LOW,0,2025-12-20,2025-12,u1_30
2025-12-20,1.0,160.0,160.0,貓啡因商行,草莓,飲食,1,MID,0,2025-12-20,2025-12,u1_38
2025-12-20,1.0,40.0,40.0,歐特儀市民廣場地下停車場,停車費,交通,1,VERY_LOW,1,2025-12-20,2025-12,u1_5
2025-12-20,1.0,130.0,130.0,貓啡因商行,酥脆雞塊,飲食,1,LOW,0,2025-12-20,2025-12,u1_40
2025-12-21,1.0,100.0,100.0,臺北大眾捷運內湖線南港展覽館站,桌球場,娛樂,1,LOW,3,2025-12-21,2025-12,u1_13
2025-12-22,1.0,40.0,40.0,冠樺生活,熟食,飲食,1,VERY_LOW,0,2025-12-22,2025-12,u1_8
2025-12-22,1.0,30.0,30.0,國立臺灣大學生物資源暨農學院附設農業試驗場,三明治冰淇淋,飲食,1,VERY_LOW,0,2025-12-22,2025-12,u1_25
2025-12-22,1.0,3.0,3.0,國立臺灣大學生物資源暨農學院附設農業試驗場,3元塑膠袋,購物,1,VERY_LOW,2,2025-12-22,2025-12,u1_22
2025-12-22,1.0,62.0,62.0,國立臺灣大學生物資源暨農學院附設農業試驗場,歐式蔓越莓核桃65元,飲食,1,LOW,0,2025-12-22,2025-12,u1_25
2025-12-22,2.0,133.0,266.0,國立臺灣大學生物資源暨農學院附設農業試驗場,起士核桃堡140元,飲食,1,MID,0,2025-12-22,2025-12,u1_25
2025-12-22,1.0,35.0,35.0,正好停樹林車站停車場,parking fee,交通,1,VERY_LOW,1,2025-12-22,2025-12,u1_4
2025-12-23,1.0,680.0,680.0,冠樺生活,餐廳,飲食,1,HIGH,0,2025-12-23,2025-12,u1_26
2025-12-23,1.0,45.0,45.0,作燴餐飲科技,秀茶邸家 - 冬採金萱烏龍(l),飲食,1,VERY_LOW,0,2025-12-23,2025-12,u1_51
2025-12-23,1.0,35.0,35.0,正好停樹林車站停車場,parking fee,交通,1,VERY_LOW,1,2025-12-23,2025-12,u1_4
2025-12-23,1.0,39.0,39.0,統一聖娜多堡市站門市部,極選厚菠蘿,飲食,1,VERY_LOW,0,2025-12-23,2025-12,u1_15
2025-12-23,1.0,60.0,60.0,統一聖娜多堡市站門市部,16oz(冰)特選美式咖啡,飲食,1,LOW,0,2025-12-23,2025-12,u1_43
2025-12-23,1.0,120.0,120.0,百變全球餐飲,日香雞肉飯 - 私房辣椒雞腿飯(b),飲食,1,LOW,0,2025-12-23,2025-12,u1_61
2025-12-23,1.0,100.0,100.0,臺北大眾捷運內湖線南港展覽館站,桌球場,娛樂,1,LOW,3,2025-12-23,2025-12,u1_13
2025-12-24,1.0,40.0,40.0,冠樺生活,熟食,飲食,1,VERY_LOW,0,2025-12-24,2025-12,u1_8
2025-12-24,1.0,70.0,70.0,安心食品服務南港展館,摩斯鱈魚堡,飲食,1,LOW,0,2025-12-24,2025-12,noise
2025-12-24,1.0,40.0,40.0,安心食品服務南港展館,冰紅茶-大(新),飲食,1,VERY_LOW,0,2025-12-24,2025-12,u1_24
2025-12-24,1.0,85.0,85.0,安心食品服務南港展館,超級大麥海洋珍珠堡,飲食,1,LOW,0,2025-12-24,2025-12,u1_54
2025-12-24,1.0,95.0,95.0,安心食品服務南港展館,s辣腿塊方塊雙拼套餐,飲食,1,LOW,0,2025-12-24,2025-12,u1_57
2025-12-24,1.0,60.0,60.0,安心食品服務南港展館,d摩斯雞塊套加60,飲食,1,LOW,0,2025-12-24,2025-12,u1_56
2025-12-24,2.0,35.0,70.0,統一超商新北市第一四三五,(a)統一h2o純水pet2200,飲食,1,LOW,0,2025-12-24,2025-12,u1_9
2025-12-24,2.0,29.0,58.0,統一超商新北市第一四三五,原萃錫蘭無糖紅茶pet580,飲食,1,LOW,0,2025-12-24,2025-12,u1_47
2025-12-24,1.0,55.0,55.0,安心食品服務南港展館,玉米濃湯,飲食,1,LOW,0,2025-12-24,2025-12,u1_24
2025-12-25,1.0,50.0,50.0,星翔飲料店,大1四季春珍波椰,飲食,1,LOW,0,2025-12-25,2025-12,u1_28
2025-12-25,1.0,2013.0,2013.0,潤泰旭展,餐飲與食品(f&b),飲食,1,VERY_HIGH,0,2025-12-25,2025-12,u1_27
2025-12-25,1.0,525.0,525.0,潤泰旭展,餐飲與食品(f&b),飲食,1,HIGH,0,2025-12-25,2025-12,u1_27
2025-12-26,1.0,50.0,50.0,頂尖運動行銷樹林營業所,體適能-全票,娛樂,1,LOW,3,2025-12-26,2025-12,u1_21
2025-12-27,2.0,160.0,320.0,貓啡因商行,生乳捲,飲食,1,MID,0,2025-12-27,2025-12,u1_38
2025-12-27,1.0,120.0,120.0,貓啡因商行,多多綠茶,飲食,1,LOW,0,2025-12-27,2025-12,u1_30
2025-12-27,1.0,90.0,90.0,貓啡因商行,紅茶,飲食,1,LOW,0,2025-12-27,2025-12,u1_32
2025-12-27,1.0,70.0,70.0,大仟飲料店,牧香穀物鮮奶茶(l),飲食,1,LOW,0,2025-12-27,2025-12,u1_49
2025-12-27,1.0,10.0,10.0,大仟飲料店,白玉珍珠 / 微冰 / 無糖,飲食,1,VERY_LOW,0,2025-12-27,2025-12,noise
2025-12-27,1.0,466.0,466.0,遠東百貨板橋新站,超市餐飲其他,飲食,1,MID,0,2025-12-27,2025-12,noise
2025-12-27,1.0,40.0,40.0,歐特儀市民廣場地下停車場,停車費,交通,1,VERY_LOW,1,2025-12-27,2025-12,u1_5
2025-12-27,1.0,35.0,35.0,大仟飲料店,芽香綠金萱(l),飲食,1,VERY_LOW,0,2025-12-27,2025-12,u1_50
2025-12-29,2.0,45.0,90.0,統一超商新北市第一四三五,美式冰咖啡(大),飲食,1,LOW,0,2025-12-29,2025-12,u1_45
2025-12-29,4.58,28.3,130.0,永錡大安加油站,95無鉛汽油,交通,1,LOW,1,2025-12-29,2025-12,u1_33
2025-12-29,1.0,35.0,35.0,正好停樹林車站停車場,parking fee,交通,1,VERY_LOW,1,2025-12-29,2025-12,u1_1
2025-12-30,1.0,140.0,140.0,統一超商,冰/熱 美式咖啡(大),飲食,1,LOW,0,2025-12-30,2025-12,noise
2025-12-30,1.0,50.0,50.0,星翔飲料店,大1四季春珍波椰,飲食,1,LOW,0,2025-12-30,2025-12,u1_28
2025-12-30,1.0,240.0,240.0,冠樺生活,輕食咖啡廳,飲食,1,MID,0,2025-12-30,2025-12,u1_10
2025-12-30,1.0,440.0,440.0,冠樺生活,熟食,飲食,1,MID,0,2025-12-30,2025-12,u1_12
2025-12-30,1.0,40.0,40.0,冠樺生活,熟食,飲食,1,VERY_LOW,0,2025-12-30,2025-12,u1_8
2025-12-31,1.0,99.0,99.0,全家便利商店高雄市第二五七門市部,完美封漏經典棉柔35cm,購物,1,LOW,2,2025-12-31,2025-12,u1_22
2025-12-31,1.0,99.0,99.0,全家便利商店高雄市第二五七門市部,完美封漏經典棉柔35cm,購物,1,LOW,2,2025-12-31,2025-12,u1_22
2026-01-01,1.0,579.0,579.0,貳堂餐廳,霜降牛+梅花豬,飲食,1,HIGH,0,2026-01-01,2026-01,u1_52
2026-01-01,1.0,69.0,69.0,貳堂餐廳,墨西哥辣肉醬湯,飲食,1,LOW,0,2026-01-01,2026-01,u1_57
2026-01-01,1.0,369.0,369.0,貳堂餐廳,傳承50爆炒系列,飲食,1,MID,0,2026-01-01,2026-01,u1_51
2026-01-01,1.0,55.0,55.0,路易莎職人咖啡二零五,a 美式黑咖啡-中冰,飲食,1,LOW,0,2026-01-01,2026-01,u1_44
2026-01-01,1.0,60.0,60.0,路易莎職人咖啡二零五,scr小農雪點鮮奶茶-中熱,飲食,1,LOW,0,2026-01-01,2026-01,u1_44
2026-01-01,1.0,102.0,102.0,貳堂餐廳,清潔費,飲食,1,LOW,0,2026-01-01,2026-01,u1_26
2026-01-02,1.0,45.0,45.0,統一超商高雄市第六三七,偉嘉貓食濕糧海陸饗宴餐,飲食,1,VERY_LOW,0,2026-01-02,2026-01,u1_57
2026-01-02,1.0,29.0,29.0,統一超商高雄市第六三七,惜時金貓餐罐80g(鮪魚+蝦肉蟹肉),飲食,1,VERY_LOW,0,2026-01-02,2026-01,u1_35
2026-01-02,1.0,170.0,170.0,全聯實業鹽埕七賢三,三花男性背心 l,購物,1,MID,2,2026-01-02,2026-01,u1_22
2026-01-03,1.0,240.0,240.0,咻咻熊工作室,生活用品,購物,1,MID,2,2026-01-03,2026-01,u1_22
2026-01-03,1.0,90.0,90.0,貓啡因商行,紅茶,飲食,1,LOW,0,2026-01-03,2026-01,u1_32
2026-01-03,1.0,120.0,120.0,貓啡因商行,多多綠茶,飲食,1,LOW,0,2026-01-03,2026-01,u1_30
2026-01-03,1.0,200.0,200.0,貓啡因商行,菲力雞排麵包,飲食,1,MID,0,2026-01-03,2026-01,u1_40
2026-01-03,1.0,160.0,160.0,貓啡因商行,原味波士頓,飲食,1,MID,0,2026-01-03,2026-01,u1_42
2026-01-03,1.0,95.0,95.0,貓啡因商行,香蒜起士麵包,飲食,1,LOW,0,2026-01-03,2026-01,u1_40
2026-01-03,1.0,60.0,60.0,怡天餐飲,餅乾3片,飲食,1,LOW,0,2026-01-03,2026-01,u1_57
2026-01-04,1.0,50.0,50.0,源湧商行,金萱雙q,飲食,1,LOW,0,2026-01-04,2026-01,u1_6
2026-01-04,1.0,100.0,100.0,臺北大眾捷運內湖線南港展覽館站,桌球場,娛樂,1,LOW,3,2026-01-04,2026-01,u1_13
2026-01-04,3.0,60.0,180.0,統一超商新北市第一四三五,美式冰咖啡(特大),飲食,1,MID,0,2026-01-04,2026-01,u1_45
2026-01-05,1.0,2.0,2.0,統一超商新北市第一四三五,可重複使用提袋(1杯裝),飲食,1,VERY_LOW,0,2026-01-05,2026-01,u1_55
2026-01-05,1.0,45.0,45.0,統一超商新北市第一四三五,美式冰咖啡(大),飲食,1,VERY_LOW,0,2026-01-05,2026-01,u1_45
2026-01-05,1.0,50.0,50.0,頂尖運動行銷樹林營業所,體適能-全票,娛樂,1,LOW,3,2026-01-05,2026-01,u1_21
2026-01-06,1.0,60.0,60.0,統一聖娜多堡市站門市部,16oz(冰)特選美式咖啡,飲食,1,LOW,0,2026-01-06,2026-01,u1_43
2026-01-06,1.0,39.0,39.0,統一聖娜多堡市站門市部,極選厚菠蘿,飲食,1,VERY_LOW,0,2026-01-06,2026-01,u1_15
2026-01-06,1.0,45.0,45.0,作燴餐飲科技,迷客夏虎林 - 原片初露青茶(l),飲食,1,VERY_LOW,0,2026-01-06,2026-01,u1_51
2026-01-06,1.0,35.0,35.0,正好停樹林車站停車場,parking fee,交通,1,VERY_LOW,1,2026-01-06,2026-01,u1_4
2026-01-06,1.0,555.0,555.0,冠樺生活,餐廳,飲食,1,HIGH,0,2026-01-06,2026-01,u1_26
2026-01-07,1.0,20.0,20.0,冠樺生活,熟食,飲食,1,VERY_LOW,0,2026-01-07,2026-01,u1_8
2026-01-07,1.0,35.0,35.0,正好停樹林車站停車場,parking fee,交通,1,VERY_LOW,1,2026-01-07,2026-01,u1_4
2026-01-07,1.0,39.0,39.0,統一聖娜多堡市站門市部,極選厚菠蘿,飲食,1,VERY_LOW,0,2026-01-07,2026-01,u1_15
2026-01-07,1.0,60.0,60.0,統一聖娜多堡市站門市部,16oz(冰)特選美式咖啡,飲食,1,LOW,0,2026-01-07,2026-01,u1_43
2026-01-07,1.0,125.0,125.0,百變全球餐飲,12fit - 特餐_七味蒜香雞胸(b),飲食,1,LOW,0,2026-01-07,2026-01,u1_60
2026-01-08,1.0,35.0,35.0,正好停樹林車站停車場,parking fee,交通,1,VERY_LOW,1,2026-01-08,2026-01,u1_4
2026-01-08,1.0,170.0,170.0,九南商行,黑蒜豚骨拉麵,飲食,1,MID,0,2026-01-08,2026-01,u1_31
2026-01-08,1.0,150.0,150.0,九南商行,韓式泡菜拉麵,飲食,1,MID,0,2026-01-08,2026-01,u1_39
2026-01-08,1.0,30.0,30.0,九南商行,糖心蛋(兩片),飲食,1,VERY_LOW,0,2026-01-08,2026-01,u1_29
2026-01-08,1.0,59.0,59.0,統一超商台北市第一0二七,鮪魚肉鬆雙手卷,飲食,1,LOW,0,2026-01-08,2026-01,u1_35
2026-01-08,1.0,45.0,45.0,統一超商台北市第一0二七,美式冰咖啡(大),飲食,1,VERY_LOW,0,2026-01-08,2026-01,u1_46
2026-01-08,1.0,30.0,30.0,九南商行,配料,飲食,1,VERY_LOW,0,2026-01-08,2026-01,u1_7
2026-01-09,1.0,1100.0,1100.0,冠樺生活,餐飲,飲食,1,HIGH,0,2026-01-09,2026-01,u1_26
2026-01-09,1.0,40.0,40.0,冠樺生活,熟食,飲食,1,VERY_LOW,0,2026-01-09,2026-01,u1_8
2026-01-09,1.0,35.0,35.0,統一超商台北市第一0二七,光泉午后時光重乳奶茶400ml,飲食,1,VERY_LOW,0,2026-01-09,2026-01,u1_47
2026-01-09,1.0,28.0,28.0,統一超商台北市第一0二七,御選肉鬆飯糰,飲食,1,VERY_LOW,0,2026-01-09,2026-01,u1_35
2026-01-09,1.0,125.0,125.0,百變全球餐飲,12fit - 特餐_七味蒜香雞胸(b),飲食,1,LOW,0,2026-01-09,2026-01,u1_60
2026-01-09,1.0,35.0,35.0,正好停樹林車站停車場,parking fee,交通,1,VERY_LOW,1,2026-01-09,2026-01,u1_1
2026-01-10,1.0,35.0,35.0,大仟飲料店,芽香綠金萱(l),飲食,1,VERY_LOW,0,2026-01-10,2026-01,u1_50
2026-01-10,1.0,10.0,10.0,大仟飲料店,白玉珍珠 / 微冰 / 無糖,飲食,1,VERY_LOW,0,2026-01-10,2026-01,noise
2026-01-10,1.0,90.0,90.0,貓啡因商行,紅茶,飲食,1,LOW,0,2026-01-10,2026-01,u1_32
2026-01-10,1.0,120.0,120.0,貓啡因商行,多多綠茶,飲食,1,LOW,0,2026-01-10,2026-01,u1_30
2026-01-10,1.0,160.0,160.0,貓啡因商行,原味波士頓,飲食,1,MID,0,2026-01-10,2026-01,u1_42
2026-01-10,1.0,70.0,70.0,大仟飲料店,牧香穀物鮮奶茶(l),飲食,1,LOW,0,2026-01-10,2026-01,u1_49
2026-01-10,1.0,160.0,160.0,貓啡因商行,極致巧克力蛋糕,飲食,1,MID,0,2026-01-10,2026-01,u1_41
2026-01-10,2.0,95.0,190.0,貓啡因商行,香蒜起士麵包,飲食,1,MID,0,2026-01-10,2026-01,u1_40
2026-01-10,1.0,130.0,130.0,貓啡因商行,酥脆雞塊,飲食,1,LOW,0,2026-01-10,2026-01,u1_40
2026-01-10,1.0,130.0,130.0,貓啡因商行,酥脆雞塊,飲食,1,LOW,0,2026-01-10,2026-01,u1_40
2026-01-10,1.0,40.0,40.0,歐特儀市民廣場地下停車場,停車費,交通,1,VERY_LOW,1,2026-01-10,2026-01,u1_5
2026-01-11,1.0,100.0,100.0,臺北大眾捷運內湖線南港展覽館站,桌球場,娛樂,1,LOW,3,2026-01-11,2026-01,u1_13
2026-01-12,1.0,50.0,50.0,頂尖運動行銷樹林營業所,體適能-全票,娛樂,1,LOW,3,2026-01-12,2026-01,u1_21
2026-01-13,1.0,35.0,35.0,正好停樹林車站停車場,parking fee,交通,1,VERY_LOW,1,2026-01-13,2026-01,u1_1
2026-01-13,1.0,35.0,35.0,正好停樹林車站停車場,parking fee,交通,1,VERY_LOW,1,2026-01-13,2026-01,u1_1
2026-01-13,1.0,40.0,40.0,冠樺生活,熟食,飲食,1,VERY_LOW,0,2026-01-13,2026-01,u1_8
2026-01-14,1.0,340.0,340.0,冠樺生活,熟食,飲食,1,MID,0,2026-01-14,2026-01,u1_12
2026-01-14,1.0,40.0,40.0,冠樺生活,熟食,飲食,1,VERY_LOW,0,2026-01-14,2026-01,u1_8
2026-01-14,1.0,45.0,45.0,統一超商台北市第一0二七,美式冰咖啡(大),飲食,1,VERY_LOW,0,2026-01-14,2026-01,u1_46
2026-01-14,1.0,30.0,30.0,統一超商台北市第一0二七,新感覺可可夾心,飲食,1,VERY_LOW,0,2026-01-14,2026-01,u1_36
2026-01-14,1.0,20.0,20.0,統一超商台北市第一0二七,台灣上等蕉(裸賣),飲食,1,VERY_LOW,0,2026-01-14,2026-01,u1_55
2026-01-14,1.0,100.0,100.0,臺北大眾捷運內湖線南港展覽館站,桌球場,娛樂,1,LOW,3,2026-01-14,2026-01,u1_13
2026-01-14,1.0,35.0,35.0,正好停樹林車站停車場,parking fee,交通,1,VERY_LOW,1,2026-01-14,2026-01,u1_0
2026-01-15,1.0,42.0,42.0,統一聖娜多堡市站門市部,金塊香蒜-小單位,飲食,1,VERY_LOW,0,2026-01-15,2026-01,u1_11
2026-01-15,1.0,120.0,120.0,百變全球餐飲,日香雞肉飯 - 私房辣椒雞腿飯(b),飲食,1,LOW,0,2026-01-15,2026-01,u1_61
2026-01-15,1.0,45.0,45.0,作燴餐飲科技,老賴松山 - 文清烏龍(l),飲食,1,VERY_LOW,0,2026-01-15,2026-01,u1_51
2026-01-15,1.0,60.0,60.0,統一聖娜多堡市站門市部,16oz(冰)特選美式咖啡,飲食,1,LOW,0,2026-01-15,2026-01,u1_43
2026-01-15,1.0,35.0,35.0,正好停樹林車站停車場,parking fee,交通,1,VERY_LOW,1,2026-01-15,2026-01,u1_0
2026-01-15,1.0,100.0,100.0,臺北大眾捷運內湖線南港展覽館站,桌球場,娛樂,1,LOW,3,2026-01-15,2026-01,u1_13
2026-01-15,1.0,40.0,40.0,冠樺生活,熟食,飲食,1,VERY_LOW,0,2026-01-15,2026-01,u1_8
2026-01-15,1.0,665.0,665.0,冠樺生活,餐廳,飲食,1,HIGH,0,2026-01-15,2026-01,u1_26
2026-01-16,1.0,42.0,42.0,統一聖娜多堡市站門市部,金塊香蒜-小單位,飲食,1,VERY_LOW,0,2026-01-16,2026-01,u1_11
2026-01-16,1.0,125.0,125.0,百變全球餐飲,12fit - 特餐_七味蒜香雞胸(b),飲食,1,LOW,0,2026-01-16,2026-01,u1_60
2026-01-16,1.0,40.0,40.0,作燴餐飲科技,河河飲品 - 日光金萱(xl),飲食,1,VERY_LOW,0,2026-01-16,2026-01,u1_51
2026-01-16,1.0,60.0,60.0,統一聖娜多堡市站門市部,16oz(冰)特選美式咖啡,飲食,1,LOW,0,2026-01-16,2026-01,u1_43
2026-01-16,1.0,150.0,150.0,九南商行,韓式泡菜拉麵,飲食,1,MID,0,2026-01-16,2026-01,u1_39
2026-01-16,1.0,170.0,170.0,九南商行,黑蒜豚骨拉麵,飲食,1,MID,0,2026-01-16,2026-01,u1_31
2026-01-16,1.0,30.0,30.0,九南商行,糖心蛋(兩片),飲食,1,VERY_LOW,0,2026-01-16,2026-01,u1_29
2026-01-16,1.0,30.0,30.0,九南商行,配料,飲食,1,VERY_LOW,0,2026-01-16,2026-01,u1_7
2026-01-16,1.0,217.0,217.0,冠樺生活,輕食咖啡廳,飲食,1,MID,0,2026-01-16,2026-01,u1_10
2026-01-16,1.0,35.0,35.0,正好停樹林車站停車場,parking fee,交通,1,VERY_LOW,1,2026-01-16,2026-01,u1_0
2026-01-17,1.0,43.0,43.0,吾時食清燉紅燒牛肉麵,燙青菜,飲食,1,VERY_LOW,0,2026-01-17,2026-01,u1_52
2026-01-17,1.0,40.0,40.0,歐特儀市民廣場地下停車場,臨停費用,交通,1,VERY_LOW,1,2026-01-17,2026-01,u1_5
2026-01-17,1.0,113.0,113.0,吾時食清燉紅燒牛肉麵,b 優惠套餐(原價138),飲食,1,LOW,0,2026-01-17,2026-01,u1_52
2026-01-17,2.0,208.0,416.0,吾時食清燉紅燒牛肉麵,母傳原湯清燉牛肉,飲食,1,MID,0,2026-01-17,2026-01,u1_53
2026-01-17,1.0,160.0,160.0,貓啡因商行,極致巧克力蛋糕,飲食,1,MID,0,2026-01-17,2026-01,u1_41
2026-01-17,1.0,70.0,70.0,大仟飲料店,牧香穀物鮮奶茶(l),飲食,1,LOW,0,2026-01-17,2026-01,u1_49
2026-01-17,1.0,90.0,90.0,貓啡因商行,紅茶,飲食,1,LOW,0,2026-01-17,2026-01,u1_32
2026-01-17,1.0,10.0,10.0,大仟飲料店,無糖 / 白玉珍珠 / 微冰,飲食,1,VERY_LOW,0,2026-01-17,2026-01,noise
2026-01-17,1.0,160.0,160.0,貓啡因商行,草莓,飲食,1,MID,0,2026-01-17,2026-01,u1_38
2026-01-17,1.0,130.0,130.0,貓啡因商行,酥脆雞塊,飲食,1,LOW,0,2026-01-17,2026-01,u1_40
2026-01-17,1.0,120.0,120.0,貓啡因商行,多多綠茶,飲食,1,LOW,0,2026-01-17,2026-01,u1_30
2026-01-17,1.0,35.0,35.0,大仟飲料店,芽香綠金萱(l),飲食,1,VERY_LOW,0,2026-01-17,2026-01,u1_50
2026-01-18,1.0,50.0,50.0,路易莎職人咖啡新板傑仕堡,四 四季翠玉青茶-大冰,飲食,1,LOW,0,2026-01-18,2026-01,u1_44
2026-01-19,1.0,30.0,30.0,亞東學校財團法人亞東科技大學,停車費,交通,1,VERY_LOW,1,2026-01-19,2026-01,u1_5
2026-01-19,1.0,35.0,35.0,安心食品服務南港展館,冰紅茶-中(新),飲食,1,VERY_LOW,0,2026-01-19,2026-01,u1_24
2026-01-19,1.0,95.0,95.0,安心食品服務南港展館,s辣腿塊方塊雙拼套餐,飲食,1,LOW,0,2026-01-19,2026-01,u1_57
2026-01-19,1.0,55.0,55.0,安心食品服務南港展館,玉米濃湯,飲食,1,LOW,0,2026-01-19,2026-01,u1_24
2026-01-19,1.0,60.0,60.0,安心食品服務南港展館,d摩斯雞塊套加60,飲食,1,LOW,0,2026-01-19,2026-01,u1_56
2026-01-19,1.0,85.0,85.0,安心食品服務南港展館,超級大麥海洋珍珠堡,飲食,1,LOW,0,2026-01-19,2026-01,u1_54
2026-01-19,1.0,70.0,70.0,安心食品服務南港展館,摩斯鱈魚堡,飲食,1,LOW,0,2026-01-19,2026-01,noise
2026-01-19,1.0,40.0,40.0,冠樺生活,熟食,飲食,1,VERY_LOW,0,2026-01-19,2026-01,u1_8
2026-01-20,1.0,35.0,35.0,正好停樹林車站停車場,parking fee,交通,1,VERY_LOW,1,2026-01-20,2026-01,u1_0
2026-01-20,1.0,45.0,45.0,統一超商台北市第一0二七,美式冰咖啡(大),飲食,1,VERY_LOW,0,2026-01-20,2026-01,u1_46
2026-01-20,1.0,59.0,59.0,統一超商台北市第一0二七,鮪魚肉鬆雙手卷,飲食,1,LOW,0,2026-01-20,2026-01,u1_35
2026-01-20,1.0,40.0,40.0,冠樺生活,熟食,飲食,1,VERY_LOW,0,2026-01-20,2026-01,u1_8
2026-01-20,1.0,440.0,440.0,冠樺生活,熟食,飲食,1,MID,0,2026-01-20,2026-01,u1_12
2026-01-20,1.0,310.0,310.0,冠樺生活,輕食咖啡廳,飲食,1,MID,0,2026-01-20,2026-01,u1_10
2026-01-21,1.0,45.0,45.0,統一超商台北市第一0二七,美式冰咖啡(大),飲食,1,VERY_LOW,0,2026-01-21,2026-01,u1_46
2026-01-21,1.0,28.0,28.0,統一超商台北市第一0二七,御選肉鬆飯糰,飲食,1,VERY_LOW,0,2026-01-21,2026-01,u1_35
2026-01-21,1.0,137.0,137.0,統一超商,冰/熱 美式咖啡(大),飲食,1,LOW,0,2026-01-21,2026-01,noise
2026-01-21,1.0,35.0,35.0,正好停樹林車站停車場,parking fee,交通,1,VERY_LOW,1,2026-01-21,2026-01,u1_0
2026-01-22,1.0,60.0,60.0,統一聖娜多堡市站門市部,16oz(冰)特選美式咖啡,飲食,1,LOW,0,2026-01-22,2026-01,u1_43
2026-01-22,1.0,42.0,42.0,統一聖娜多堡市站門市部,金塊香蒜-小單位,飲食,1,VERY_LOW,0,2026-01-22,2026-01,u1_11
2026-01-22,1.0,35.0,35.0,正好停樹林車站停車場,parking fee,交通,1,VERY_LOW,1,2026-01-22,2026-01,u1_0
2026-01-22,1.0,40.0,40.0,冠樺生活,熟食,飲食,1,VERY_LOW,0,2026-01-22,2026-01,u1_8
2026-01-23,1.0,60.0,60.0,統一聖娜多堡市站門市部,16oz(冰)特選美式咖啡,飲食,1,LOW,0,2026-01-23,2026-01,u1_43
2026-01-23,1.0,45.0,45.0,作燴餐飲科技,50嵐饒河 - 黃金烏龍(l),飲食,1,VERY_LOW,0,2026-01-23,2026-01,u1_51
2026-01-23,1.0,125.0,125.0,百變全球餐飲,12fit - 特餐_七味蒜香雞胸(b),飲食,1,LOW,0,2026-01-23,2026-01,u1_60
2026-01-23,1.0,425.0,425.0,一娘子小吃店,小菜,飲食,1,MID,0,2026-01-23,2026-01,u1_2
2026-01-23,1.0,42.0,42.0,統一聖娜多堡市站門市部,金塊香蒜-小單位,飲食,1,VERY_LOW,0,2026-01-23,2026-01,u1_11
2026-01-23,1.0,35.0,35.0,正好停樹林車站停車場,parking fee,交通,1,VERY_LOW,1,2026-01-23,2026-01,u1_0
2026-01-23,1.0,40.0,40.0,冠樺生活,熟食,飲食,1,VERY_LOW,0,2026-01-23,2026-01,u1_8
2026-01-23,1.0,100.0,100.0,臺北大眾捷運內湖線南港展覽館站,桌球場,娛樂,1,LOW,3,2026-01-23,2026-01,u1_13
2026-01-23,1.0,100.0,100.0,臺北大眾捷運內湖線南港展覽館站,桌球場,娛樂,1,LOW,3,2026-01-23,2026-01,u1_13
2026-01-24,1.0,160.0,160.0,貓啡因商行,炙燒乳酪蛋糕,飲食,1,MID,0,2026-01-24,2026-01,u1_38
2026-01-24,1.0,160.0,160.0,貓啡因商行,草莓,飲食,1,MID,0,2026-01-24,2026-01,u1_38
2026-01-24,1.0,90.0,90.0,貓啡因商行,紅茶,飲食,1,LOW,0,2026-01-24,2026-01,u1_32
2026-01-24,1.0,50.0,50.0,星翔飲料店,大1四季春珍波椰,飲食,1,LOW,0,2026-01-24,2026-01,u1_28
2026-01-24,1.0,120.0,120.0,貓啡因商行,多多綠茶,飲食,1,LOW,0,2026-01-24,2026-01,u1_30
2026-01-24,1.0,239.0,239.0,遠東百貨板橋新站,超市餐飲其他,飲食,1,MID,0,2026-01-24,2026-01,noise
2026-01-25,1.0,130.0,130.0,貓啡因商行,奶茶,飲食,1,LOW,0,2026-01-25,2026-01,u1_14
2026-01-25,1.0,90.0,90.0,貓啡因商行,紅茶,飲食,1,LOW,0,2026-01-25,2026-01,u1_32
2026-01-25,1.0,160.0,160.0,貓啡因商行,原味波士頓,飲食,1,MID,0,2026-01-25,2026-01,u1_42
2026-01-25,1.0,130.0,130.0,貓啡因商行,酥脆雞塊,飲食,1,LOW,0,2026-01-25,2026-01,u1_40
2026-01-25,1.0,40.0,40.0,歐特儀市民廣場地下停車場,停車費,交通,1,VERY_LOW,1,2026-01-25,2026-01,u1_5
2026-01-26,1.0,50.0,50.0,源湧商行,金萱雙q,飲食,1,LOW,0,2026-01-26,2026-01,u1_6
2026-01-26,1.0,50.0,50.0,頂尖運動行銷樹林營業所,體適能-全票,娛樂,1,LOW,3,2026-01-26,2026-01,u1_21
2026-01-26,1.0,40.0,40.0,源湧商行,高山金萱茶,飲食,1,VERY_LOW,0,2026-01-26,2026-01,u1_47
2026-01-26,1.0,81.0,81.0,全聯實業樹林樹德,冠軍養力幼秀卵,購物,1,LOW,2,2026-01-26,2026-01,u1_22
2026-01-26,1.0,16.0,16.0,全聯實業樹林樹德,美國洋蔥(粒),購物,1,VERY_LOW,2,2026-01-26,2026-01,u1_22
2026-01-26,4.35,28.6,125.0,永錡保安加油站,95無鉛汽油,交通,1,LOW,1,2026-01-26,2026-01,u1_33
2026-01-26,1.0,35.0,35.0,全聯實業樹林樹德,菠菜(產銷履歷),飲食,1,VERY_LOW,0,2026-01-26,2026-01,u1_55
2026-01-27,1.0,506.0,406.0,冠樺生活,熟食,飲食,1,MID,0,2026-01-27,2026-01,u1_12
2026-01-27,1.0,45.0,45.0,統一超商台北市第一0二七,美式冰咖啡(大),飲食,1,VERY_LOW,0,2026-01-27,2026-01,u1_46
2026-01-27,1.0,28.0,28.0,統一超商台北市第一0二七,御選肉鬆飯糰,飲食,1,VERY_LOW,0,2026-01-27,2026-01,u1_35
2026-01-27,1.0,20.0,20.0,統一超商台北市第一0二七,台灣上等蕉(裸賣),飲食,1,VERY_LOW,0,2026-01-27,2026-01,u1_55
2026-01-27,1.0,35.0,35.0,正好停樹林車站停車場,parking fee,交通,1,VERY_LOW,1,2026-01-27,2026-01,u1_1
2026-01-28,1.0,100.0,100.0,臺北大眾捷運內湖線南港展覽館站,桌球場,娛樂,1,LOW,3,2026-01-28,2026-01,u1_13
2026-01-28,1.0,35.0,35.0,正好停樹林車站停車場,parking fee,交通,1,VERY_LOW,1,2026-01-28,2026-01,u1_1
2026-01-28,1.0,85.0,85.0,安心食品服務市府門市部,超級大麥海洋珍珠堡,飲食,1,LOW,0,2026-01-28,2026-01,u1_54
2026-01-28,1.0,28.0,28.0,統一超商台北市第一0二七,御選肉鬆飯糰,飲食,1,VERY_LOW,0,2026-01-28,2026-01,u1_35
2026-01-28,1.0,60.0,60.0,安心食品服務市府門市部,c黃金地瓜薯條套加6,飲食,1,LOW,0,2026-01-28,2026-01,u1_54
2026-01-28,1.0,30.0,30.0,統一超商台北市第一0二七,台灣香蕉重量分享包(2入),飲食,1,VERY_LOW,0,2026-01-28,2026-01,u1_37
2026-01-28,1.0,45.0,45.0,統一超商台北市第一0二七,美式冰咖啡(大),飲食,1,VERY_LOW,0,2026-01-28,2026-01,u1_46
2026-01-28,1.0,55.0,55.0,安心食品服務市府門市部,玉米濃湯,飲食,1,LOW,0,2026-01-28,2026-01,u1_24
2026-01-29,1.0,125.0,125.0,百變全球餐飲,12fit - 特餐_七味蒜香雞胸(b),飲食,1,LOW,0,2026-01-29,2026-01,u1_60
2026-01-29,1.0,143.0,143.0,統一超商,冰/熱 美式咖啡(大),飲食,1,LOW,0,2026-01-29,2026-01,noise
2026-01-29,2.0,28.0,56.0,統一超商台北市第一0二七,御選肉鬆飯糰,飲食,1,LOW,0,2026-01-29,2026-01,u1_35
2026-01-29,1.0,45.0,45.0,統一超商台北市第一0二七,美式冰咖啡(大),飲食,1,VERY_LOW,0,2026-01-29,2026-01,u1_46
2026-01-29,2.0,25.0,50.0,統一超商台北縣第四一六,午后時光-重乳奶茶tp330,飲食,1,LOW,0,2026-01-29,2026-01,u1_47
2026-01-29,1.0,33.0,33.0,統一超商台北縣第四一六,美式原味熱狗,飲食,1,VERY_LOW,0,2026-01-29,2026-01,noise
2026-01-30,1.0,55.0,55.0,一娘子小吃店,蛤蠣湯,飲食,1,LOW,0,2026-01-30,2026-01,u1_2
2026-01-30,1.0,120.0,120.0,百變全球餐飲,12fit - 特餐_柚香檸檬清炒雞(a),飲食,1,LOW,0,2026-01-30,2026-01,u1_60
2026-01-30,1.0,100.0,100.0,一娘子小吃店,皮蛋乾麵,飲食,1,LOW,0,2026-01-30,2026-01,u1_2
2026-01-30,1.0,60.0,60.0,一娘子小吃店,餛飩湯,飲食,1,LOW,0,2026-01-30,2026-01,u1_2
2026-01-30,1.0,100.0,100.0,一娘子小吃店,皮蛋乾麵,飲食,1,LOW,0,2026-01-30,2026-01,u1_2
2026-01-30,1.0,40.0,40.0,一娘子小吃店,豆干滷蛋海帶,飲食,1,VERY_LOW,0,2026-01-30,2026-01,u1_2
2026-01-30,1.0,45.0,45.0,統一超商台北市第一0二七,美式冰咖啡(大),飲食,1,VERY_LOW,0,2026-01-30,2026-01,u1_46
2026-01-30,1.0,28.0,28.0,統一超商台北市第一0二七,御選肉鬆飯糰,飲食,1,VERY_LOW,0,2026-01-30,2026-01,u1_35
2026-01-30,1.0,40.0,40.0,一娘子小吃店,燙青菜,飲食,1,VERY_LOW,0,2026-01-30,2026-01,u1_2
2026-01-30,1.0,30.0,30.0,統一超商台北市第一0二七,台灣香蕉重量分享包(2入),飲食,1,VERY_LOW,0,2026-01-30,2026-01,u1_37
2026-01-31,1.0,433.0,433.0,遠東百貨板橋新站,超市餐飲其他,飲食,1,MID,0,2026-01-31,2026-01,noise
2026-01-31,1.0,130.0,130.0,貓啡因商行,奶茶,飲食,1,LOW,0,2026-01-31,2026-01,u1_14
2026-01-31,1.0,90.0,90.0,貓啡因商行,紅茶,飲食,1,LOW,0,2026-01-31,2026-01,u1_32
2026-01-31,2.0,160.0,320.0,貓啡因商行,極致巧克力蛋糕,飲食,1,MID,0,2026-01-31,2026-01,u1_41
2026-01-31,1.0,79.0,79.0,誠品生活新板,minecraft 165吋合金公仔驚喜包/ w1/ 隨機,娛樂,1,LOW,3,2026-01-31,2026-01,u1_21
2026-01-31,1.0,79.0,79.0,誠品生活新板,minecraft 165吋合金公仔驚喜包/ w1/ 隨機,娛樂,1,LOW,3,2026-01-31,2026-01,u1_21
2026-02-01,1.0,530.0,530.0,欣食旅 南港營業所,餐飲費,飲食,1,HIGH,0,2026-02-01,2026-02,noise
2026-02-01,1.0,29.0,29.0,冠樺生活,fmc鹼性離子水800ml,飲食,1,VERY_LOW,0,2026-02-01,2026-02,u1_9
2026-02-01,1.0,50.0,50.0,星翔飲料店,大1四季春珍波椰,飲食,1,LOW,0,2026-02-01,2026-02,u1_28
2026-02-02,1.0,50.0,50.0,星翔飲料店,大1四季春珍波椰,飲食,1,LOW,0,2026-02-02,2026-02,u1_28
2026-02-03,1.0,85.0,85.0,冠樺生活,藥粧藥房,醫療健康,1,LOW,5,2026-02-03,2026-02,u1_22
2026-02-03,1.0,25.0,25.0,統一超商新北市第一四三五,午后時光-重乳奶茶tp330,飲食,1,VERY_LOW,0,2026-02-03,2026-02,u1_47
2026-02-03,1.0,45.0,45.0,統一超商台北市第六八七,京都念慈菴雙層枇杷軟喉糖(原味),飲食,1,VERY_LOW,0,2026-02-03,2026-02,u1_37
2026-02-03,1.0,42.0,42.0,統一聖娜多堡市站門市部,金塊香蒜-小單位,飲食,1,VERY_LOW,0,2026-02-03,2026-02,u1_11
2026-02-03,1.0,60.0,60.0,統一聖娜多堡市站門市部,16oz(冰)特選美式咖啡,飲食,1,LOW,0,2026-02-03,2026-02,u1_43
2026-02-03,1.0,120.0,120.0,百變全球餐飲,日香雞肉飯 - 私房辣椒雞腿飯(b),飲食,1,LOW,0,2026-02-03,2026-02,u1_61
2026-02-03,1.0,675.0,675.0,冠樺生活,餐廳,飲食,1,HIGH,0,2026-02-03,2026-02,u1_26
2026-02-04,1.0,20.0,20.0,統一超商台北市第一0二七,台灣上等蕉(裸賣),飲食,1,VERY_LOW,0,2026-02-04,2026-02,u1_55
2026-02-04,1.0,100.0,100.0,臺北大眾捷運內湖線南港展覽館站,桌球場,娛樂,1,LOW,3,2026-02-04,2026-02,u1_13
2026-02-04,1.0,28.0,28.0,統一超商台北市第一0二七,御選肉鬆飯糰,飲食,1,VERY_LOW,0,2026-02-04,2026-02,u1_35
2026-02-05,1.0,40.0,40.0,冠樺生活,熟食,飲食,1,VERY_LOW,0,2026-02-05,2026-02,u1_8
2026-02-05,1.0,15.0,15.0,九南商行,配料,飲食,1,VERY_LOW,0,2026-02-05,2026-02,u1_7
2026-02-05,1.0,35.0,35.0,九南商行,涼拌豆干絲,飲食,1,VERY_LOW,0,2026-02-05,2026-02,u1_2
2026-02-05,1.0,30.0,30.0,九南商行,糖心蛋(兩片),飲食,1,VERY_LOW,0,2026-02-05,2026-02,u1_29
2026-02-05,1.0,150.0,150.0,九南商行,韓式泡菜拉麵,飲食,1,MID,0,2026-02-05,2026-02,u1_39
2026-02-05,1.0,170.0,170.0,九南商行,黑蒜豚骨拉麵,飲食,1,MID,0,2026-02-05,2026-02,u1_31
2026-02-05,1.0,42.0,42.0,統一聖娜多堡市站門市部,金塊香蒜-小單位,飲食,1,VERY_LOW,0,2026-02-05,2026-02,u1_11
2026-02-05,1.0,60.0,60.0,統一聖娜多堡市站門市部,16oz(冰)特選美式咖啡,飲食,1,LOW,0,2026-02-05,2026-02,u1_43
2026-02-05,1.0,125.0,125.0,百變全球餐飲,輕輕地中海餐盒 - 匈牙利香蒜雞胸(c),飲食,1,LOW,0,2026-02-05,2026-02,u1_60
2026-02-06,1.0,125.0,125.0,百變全球餐飲,12fit - 特餐_七味蒜香雞胸(b),飲食,1,LOW,0,2026-02-06,2026-02,u1_60
2026-02-06,1.0,60.0,60.0,統一聖娜多堡市站門市部,16oz(冰)特選美式咖啡,飲食,1,LOW,0,2026-02-06,2026-02,u1_43
2026-02-06,1.0,40.0,40.0,冠樺生活,熟食,飲食,1,VERY_LOW,0,2026-02-06,2026-02,u1_8
2026-02-06,1.0,60.0,60.0,永二茶坊,飲料,飲食,1,LOW,0,2026-02-06,2026-02,u1_28
2026-02-06,1.0,50.0,50.0,統一聖娜多堡市站門市部,32層菠蘿可頌,飲食,1,LOW,0,2026-02-06,2026-02,u1_15
2026-02-07,1.0,70.0,70.0,大仟飲料店,牧香穀物鮮奶茶(l),飲食,1,LOW,0,2026-02-07,2026-02,u1_49
2026-02-07,1.0,35.0,35.0,大仟飲料店,芽香綠金萱(l),飲食,1,VERY_LOW,0,2026-02-07,2026-02,u1_50
2026-02-07,1.0,229.0,229.0,三商餐飲板橋府中門市部,百事_豚丼套餐,飲食,1,MID,0,2026-02-07,2026-02,u1_57
2026-02-07,1.0,190.0,190.0,三商餐飲板橋府中門市部,11(大)爪哇咖哩牛丼,飲食,1,MID,0,2026-02-07,2026-02,u1_57
2026-02-07,1.0,90.0,90.0,三商餐飲板橋府中門市部,69元套餐,飲食,1,LOW,0,2026-02-07,2026-02,u1_57
2026-02-07,1.0,10.0,10.0,大仟飲料店,無糖 / 微冰 / 白玉珍珠,飲食,1,VERY_LOW,0,2026-02-07,2026-02,noise
2026-02-09,1.0,25.0,25.0,統一超商台北縣第六三七,章魚燒串,飲食,1,VERY_LOW,0,2026-02-09,2026-02,u1_35
2026-02-09,1.0,25.0,25.0,統一超商台北縣第六三七,手工高麗菜捲,飲食,1,VERY_LOW,0,2026-02-09,2026-02,u1_35
2026-02-09,2.0,20.0,40.0,統一超商台北縣第六三七,原味豬肉貢丸(關),飲食,1,VERY_LOW,0,2026-02-09,2026-02,u1_35
2026-02-09,1.0,50.0,50.0,源湧商行,金萱雙q,飲食,1,LOW,0,2026-02-09,2026-02,u1_6
2026-02-10,1.0,125.0,125.0,百變全球餐飲,12fit - 特餐_七味蒜香雞胸(b),飲食,1,LOW,0,2026-02-10,2026-02,u1_60
2026-02-10,1.0,35.0,35.0,正好停樹林車站停車場,parking fee,交通,1,VERY_LOW,1,2026-02-10,2026-02,u1_0
2026-02-10,2.0,28.0,56.0,統一超商台北市第一0二七,御選肉鬆飯糰,飲食,1,LOW,0,2026-02-10,2026-02,u1_35
2026-02-10,1.0,20.0,20.0,統一超商台北市第一0二七,台灣上等蕉(裸賣),飲食,1,VERY_LOW,0,2026-02-10,2026-02,u1_55
2026-02-10,1.0,45.0,45.0,統一超商台北市第一0二七,美式冰咖啡(大),飲食,1,VERY_LOW,0,2026-02-10,2026-02,u1_46
2026-02-10,1.0,40.0,40.0,冠樺生活,熟食,飲食,1,VERY_LOW,0,2026-02-10,2026-02,u1_8
2026-02-11,1.0,60.0,60.0,統一聖娜多堡市站門市部,16oz(冰)特選美式咖啡,飲食,1,LOW,0,2026-02-11,2026-02,u1_43
2026-02-11,1.0,42.0,42.0,統一聖娜多堡市站門市部,金塊香蒜-小單位,飲食,1,VERY_LOW,0,2026-02-11,2026-02,u1_11
2026-02-11,1.0,100.0,100.0,一娘子小吃店,皮蛋乾麵,飲食,1,LOW,0,2026-02-11,2026-02,u1_2
2026-02-11,1.0,80.0,80.0,一娘子小吃店,皮蛋乾麵,飲食,1,LOW,0,2026-02-11,2026-02,u1_2
2026-02-11,1.0,55.0,55.0,一娘子小吃店,蛤蠣湯,飲食,1,LOW,0,2026-02-11,2026-02,u1_2
2026-02-11,1.0,40.0,40.0,一娘子小吃店,燙青菜,飲食,1,VERY_LOW,0,2026-02-11,2026-02,u1_2
2026-02-11,1.0,280.0,280.0,百亨堂文創,松露野菇牛肝菌燉飯,飲食,1,MID,0,2026-02-11,2026-02,u1_61
2026-02-11,1.0,280.0,280.0,百亨堂文創,炒野菇沙拉 field mushroom salad,飲食,1,MID,0,2026-02-11,2026-02,u1_61
2026-02-11,1.0,160.0,160.0,百亨堂文創,冰原味拿鐵 caf latte,飲食,1,MID,0,2026-02-11,2026-02,u1_44
2026-02-11,1.0,160.0,160.0,百亨堂文創,冰上樓看看經典奶茶 butterscotch milk tea,飲食,1,MID,0,2026-02-11,2026-02,u1_49
2026-02-11,1.0,35.0,35.0,正好停樹林車站停車場,parking fee,交通,1,VERY_LOW,1,2026-02-11,2026-02,u1_1
2026-02-11,1.0,40.0,40.0,冠樺生活,熟食,飲食,1,VERY_LOW,0,2026-02-11,2026-02,u1_8
2026-02-11,1.0,60.0,60.0,一娘子小吃店,餛飩湯,飲食,1,LOW,0,2026-02-11,2026-02,u1_2
2026-02-12,1.0,42.0,42.0,統一聖娜多堡市站門市部,金塊香蒜-小單位,飲食,1,VERY_LOW,0,2026-02-12,2026-02,u1_11
2026-02-12,1.0,125.0,125.0,百變全球餐飲,12fit - 特餐_七味蒜香雞胸(b),飲食,1,LOW,0,2026-02-12,2026-02,u1_60
2026-02-12,1.0,60.0,60.0,統一聖娜多堡市站門市部,16oz(冰)特選美式咖啡,飲食,1,LOW,0,2026-02-12,2026-02,u1_43
2026-02-12,1.0,40.0,40.0,作燴餐飲科技,五桐號通化 - 一把青茶(l),飲食,1,VERY_LOW,0,2026-02-12,2026-02,u1_51
2026-02-12,1.0,35.0,35.0,正好停樹林車站停車場,parking fee,交通,1,VERY_LOW,1,2026-02-12,2026-02,u1_1
2026-02-12,1.0,50.0,50.0,玉屋花苑,透明專用袋,購物,1,LOW,2,2026-02-12,2026-02,u1_22
2026-02-12,1.0,580.0,580.0,玉屋花苑,霧白x群青 3朵玫瑰花束,購物,1,HIGH,2,2026-02-12,2026-02,u1_22
2026-02-12,1.0,8.0,8.0,神坊資訊,黃金小金豆01錢單顆入(010錢0,購物,1,VERY_LOW,2,2026-02-12,2026-02,u1_22
2026-02-12,1.0,40.0,40.0,冠樺生活,熟食,飲食,1,VERY_LOW,0,2026-02-12,2026-02,u1_8
2026-02-13,1.0,120.0,120.0,百變全球餐飲,日香雞肉飯 - 私房辣椒雞腿飯(b),飲食,1,LOW,0,2026-02-13,2026-02,u1_61
2026-02-13,1.0,35.0,35.0,正好停樹林車站停車場,parking fee,交通,1,VERY_LOW,1,2026-02-13,2026-02,u1_1
2026-02-13,1.0,30.0,30.0,統一超商台北市第一0二七,台灣香蕉重量分享包(2入),飲食,1,VERY_LOW,0,2026-02-13,2026-02,u1_37
2026-02-13,1.0,45.0,45.0,作燴餐飲科技,老賴松山 - 冷香青茶(l),飲食,1,VERY_LOW,0,2026-02-13,2026-02,u1_51
2026-02-13,2.0,28.0,56.0,統一超商台北市第一0二七,御選肉鬆飯糰,飲食,1,LOW,0,2026-02-13,2026-02,u1_35
2026-02-13,1.0,40.0,40.0,冠樺生活,熟食,飲食,1,VERY_LOW,0,2026-02-13,2026-02,u1_8
2026-02-13,1.0,45.0,45.0,統一超商台北市第一0二七,美式冰咖啡(大),飲食,1,VERY_LOW,0,2026-02-13,2026-02,u1_46
2026-02-14,1.0,223.0,223.0,吾時食清燉紅燒牛肉麵,母傳原湯清燉牛肉,飲食,1,MID,0,2026-02-14,2026-02,u1_53
2026-02-14,1.0,249.0,249.0,吾時食清燉紅燒牛肉麵,經典香韻紅燒三寶,飲食,1,MID,0,2026-02-14,2026-02,u1_53
2026-02-14,1.0,73.0,73.0,吾時食清燉紅燒牛肉麵,燙青菜,飲食,1,LOW,0,2026-02-14,2026-02,u1_52
2026-02-14,1.0,130.0,130.0,揚秦國際企業忠孝新生,茄汁原塊嫩雞義大利麵,飲食,1,LOW,0,2026-02-14,2026-02,noise
2026-02-14,2.0,20.0,40.0,統一超商台北市第一0一七,水事紀礦泉水pet600,飲食,1,VERY_LOW,0,2026-02-14,2026-02,u1_9
2026-02-14,2.0,25.0,50.0,統一超商新北市第一四三五,午后時光-重乳奶茶tp330,飲食,1,LOW,0,2026-02-14,2026-02,u1_47
2026-02-14,1.0,35.0,35.0,揚秦國際企業忠孝新生,奶茶(xl)(冰),飲食,1,VERY_LOW,0,2026-02-14,2026-02,u1_47
2026-02-14,1.0,35.0,35.0,揚秦國際企業忠孝新生,蘿蔔糕,飲食,1,VERY_LOW,0,2026-02-14,2026-02,u1_55
2026-02-14,1.0,125.0,125.0,揚秦國際企業忠孝新生,蘿勒燻雞三明治特餐,飲食,1,LOW,0,2026-02-14,2026-02,u1_60
2026-02-14,1.0,35.0,35.0,正好停樹林車站停車場,parking fee,交通,1,VERY_LOW,1,2026-02-14,2026-02,u1_0
2026-02-14,1.0,45.0,45.0,統一超商台北市第八一二,美式冰咖啡(大),飲食,1,VERY_LOW,0,2026-02-14,2026-02,u1_46
2026-02-15,1.0,661.0,661.0,富利餐飲樹林中山,歡聚樂享餐,飲食,1,HIGH,0,2026-02-15,2026-02,u1_26
2026-02-15,1.0,1.0,1.0,富利餐飲樹林中山,1加購4塊雞塊,飲食,1,VERY_LOW,0,2026-02-15,2026-02,u1_57
2026-02-15,1.0,50.0,50.0,頂尖運動行銷樹林營業所,體適能-全票,娛樂,1,LOW,3,2026-02-15,2026-02,u1_21
2026-02-18,1.0,151.0,151.0,富利餐飲台南中華,卡啦雞腿堡a經典餐,飲食,1,MID,0,2026-02-18,2026-02,u1_57
2026-02-18,1.0,1.0,1.0,富利餐飲台南中華,1原蛋,飲食,1,VERY_LOW,0,2026-02-18,2026-02,u1_57
2026-02-18,1.0,213.0,213.0,富利餐飲台南中華,卡啦雞腿堡xl全明星餐,飲食,1,MID,0,2026-02-18,2026-02,u1_57
2026-02-18,1.0,1.0,1.0,富利餐飲台南中華,1原蛋,飲食,1,VERY_LOW,0,2026-02-18,2026-02,u1_57
2026-02-18,1.0,223.0,223.0,富利餐飲台南中華,青花椒堡xl全明星餐,飲食,1,MID,0,2026-02-18,2026-02,u1_57
2026-02-18,1.0,56.0,56.0,富利餐飲台南中華,吮指嫩雞蛋堡,飲食,1,LOW,0,2026-02-18,2026-02,u1_57
2026-02-18,1.0,1.0,1.0,富利餐飲台南中華,1原蛋,飲食,1,VERY_LOW,0,2026-02-18,2026-02,u1_57
2026-02-18,1.0,256.0,256.0,富利餐飲台南中華,青花椒雞xl全明星餐,飲食,1,MID,0,2026-02-18,2026-02,u1_57
2026-02-18,1.0,1.0,1.0,富利餐飲台南中華,1原蛋,飲食,1,VERY_LOW,0,2026-02-18,2026-02,u1_57
2026-02-19,1.0,55.0,55.0,豐霈綠茶專賣店,大 多多綠,飲食,1,LOW,0,2026-02-19,2026-02,u1_30
2026-02-19,1.0,65.0,65.0,豐霈綠茶專賣店,大 紅茶拿鐵,飲食,1,LOW,0,2026-02-19,2026-02,u1_51
2026-02-19,1.0,1.0,1.0,豐霈綠茶專賣店,手提袋2杯袋,飲食,1,VERY_LOW,0,2026-02-19,2026-02,u1_55
2026-02-19,1.0,100.0,100.0,和德昌高雄中華二,餐-薯來牛,飲食,1,LOW,0,2026-02-19,2026-02,u1_59
2026-02-19,1.0,43.0,43.0,和德昌高雄中華二,冰綠茶-中,飲食,1,VERY_LOW,0,2026-02-19,2026-02,u1_50
2026-02-19,1.0,43.0,43.0,和德昌高雄中華二,配-經典大薯,飲食,1,VERY_LOW,0,2026-02-19,2026-02,u1_58
2026-02-20,1.0,99.0,99.0,全家便利商店新北市第八七二,烤蛋白餐盒,飲食,1,LOW,0,2026-02-20,2026-02,u1_34
2026-02-20,1.0,48.0,48.0,和德昌板橋文化,四塊麥克雞塊,飲食,1,VERY_LOW,0,2026-02-20,2026-02,u1_58
2026-02-20,1.0,48.0,48.0,和德昌板橋文化,四塊麥克雞塊,飲食,1,VERY_LOW,0,2026-02-20,2026-02,u1_58
2026-02-20,1.0,72.0,72.0,和德昌板橋文化,雙層牛肉堡,飲食,1,LOW,0,2026-02-20,2026-02,u1_59
2026-02-20,1.0,100.0,100.0,和德昌板橋文化,薯來堡(牛),飲食,1,LOW,0,2026-02-20,2026-02,u1_58
2026-02-20,1.0,75.0,75.0,路易莎職人咖啡板橋莊敬,風味三明治-香燻雞肉,飲食,1,LOW,0,2026-02-20,2026-02,u1_43
2026-02-20,1.0,100.0,100.0,臺北大眾捷運內湖線南港展覽館站,桌球場,娛樂,1,LOW,3,2026-02-20,2026-02,u1_13
2026-02-20,1.0,100.0,100.0,玖酷立健康事業,1百,醫療健康,1,LOW,5,2026-02-20,2026-02,u1_22
2026-02-21,2.0,50.0,100.0,源湧商行,金萱雙q,飲食,1,LOW,0,2026-02-21,2026-02,u1_6
2026-02-21,1.0,40.0,40.0,源湧商行,錫蘭紅茶,飲食,1,VERY_LOW,0,2026-02-21,2026-02,u1_47
2026-02-22,1.0,35.0,35.0,大仟飲料店,芽香綠金萱(l),飲食,1,VERY_LOW,0,2026-02-22,2026-02,u1_50
2026-02-22,1.0,40.0,40.0,歐特儀市民廣場地下停車場,停車費,交通,1,VERY_LOW,1,2026-02-22,2026-02,u1_5
2026-02-23,1.0,35.0,35.0,正好停樹林車站停車場,parking fee,交通,1,VERY_LOW,1,2026-02-23,2026-02,u1_4
2026-02-23,1.0,220.0,220.0,海底撈火鍋,菌類拼盤,飲食,1,MID,0,2026-02-23,2026-02,u1_48
2026-02-23,1.0,65.0,65.0,海底撈火鍋,清香奶茶,飲食,1,LOW,0,2026-02-23,2026-02,u1_48
2026-02-23,1.0,299.0,299.0,海底撈火鍋,伊比利豬腹松板(半),飲食,1,MID,0,2026-02-23,2026-02,u1_48
2026-02-23,1.0,159.0,159.0,海底撈火鍋,三鮮火鍋(海鮮風味),飲食,1,MID,0,2026-02-23,2026-02,u1_48
2026-02-23,1.0,50.0,50.0,海底撈火鍋,日本越光米,飲食,1,LOW,0,2026-02-23,2026-02,u1_48
2026-02-23,1.0,399.0,399.0,海底撈火鍋,安格斯無骨牛小排prime(半),飲食,1,MID,0,2026-02-23,2026-02,u1_48
2026-02-23,1.0,65.0,65.0,海底撈火鍋,熱帶水果冰茶,飲食,1,LOW,0,2026-02-23,2026-02,u1_48
2026-02-23,1.0,229.0,229.0,海底撈火鍋,經典麻辣火鍋(牛油),飲食,1,MID,0,2026-02-23,2026-02,u1_48
2026-02-23,1.0,499.0,499.0,海底撈火鍋,澳洲白金巧克力和牛雪花(半),飲食,1,MID,0,2026-02-23,2026-02,u1_48
2026-02-23,1.0,50.0,50.0,海底撈火鍋,自選小料,飲食,1,LOW,0,2026-02-23,2026-02,u1_48
2026-02-23,1.0,498.0,498.0,海底撈火鍋,招牌蝦滑,飲食,1,MID,0,2026-02-23,2026-02,u1_48
2026-02-23,1.0,160.0,160.0,海底撈火鍋,高麗菜,飲食,1,MID,0,2026-02-23,2026-02,u1_48
2026-02-23,1.0,214.0,214.0,海底撈火鍋,撈派滑牛肉(半),飲食,1,MID,0,2026-02-23,2026-02,u1_48
2026-02-23,1.0,29.0,29.0,國立臺灣大學生物資源暨農學院附設農業試驗場,三明治冰淇淋,飲食,1,VERY_LOW,0,2026-02-23,2026-02,u1_25
2026-02-23,1.0,59.0,59.0,彬松科技台北市第十五,s鑽石切面造型玻璃花瓶61,購物,1,LOW,2,2026-02-23,2026-02,u1_22
2026-02-24,1.0,45.0,45.0,詠觀國際,烤雞(熟),飲食,1,VERY_LOW,0,2026-02-24,2026-02,u1_16
2026-02-24,1.0,35.0,35.0,正好停樹林車站停車場,parking fee,交通,1,VERY_LOW,1,2026-02-24,2026-02,u1_4
2026-02-24,1.0,110.0,110.0,詠觀國際,清爽沙拉飯,飲食,1,LOW,0,2026-02-24,2026-02,u1_17
2026-02-24,1.0,70.0,70.0,安心食品服務南港展館,摩斯鱈魚堡,飲食,1,LOW,0,2026-02-24,2026-02,noise
2026-02-24,1.0,45.0,45.0,全家便利商店台大二活門市部,大冰美式,飲食,1,VERY_LOW,0,2026-02-24,2026-02,u1_19
2026-02-24,1.0,40.0,40.0,安心食品服務南港展館,冰紅茶-大(新),飲食,1,VERY_LOW,0,2026-02-24,2026-02,u1_24
2026-02-24,1.0,80.0,80.0,安心食品服務南港展館,海洋珍珠堡,飲食,1,LOW,0,2026-02-24,2026-02,u1_54
2026-02-24,1.0,60.0,60.0,安心食品服務南港展館,d摩斯雞塊套加60,飲食,1,LOW,0,2026-02-24,2026-02,u1_56
2026-02-24,1.0,40.0,40.0,安心食品服務南港展館,冰紅茶-大(新),飲食,1,VERY_LOW,0,2026-02-24,2026-02,u1_24
2026-02-24,1.0,60.0,60.0,安心食品服務南港展館,d摩斯雞塊套加60,飲食,1,LOW,0,2026-02-24,2026-02,u1_56
2026-02-24,1.0,40.0,40.0,冠樺生活,熟食,飲食,1,VERY_LOW,0,2026-02-24,2026-02,u1_8
2026-02-25,1.0,40.0,40.0,冠樺生活,熟食,飲食,1,VERY_LOW,0,2026-02-25,2026-02,u1_8
2026-02-25,1.0,140.0,140.0,統一超商,冰/熱 美式咖啡(大),飲食,1,LOW,0,2026-02-25,2026-02,noise
2026-02-25,1.0,50.0,50.0,星翔飲料店,大1四季春珍波椰,飲食,1,LOW,0,2026-02-25,2026-02,u1_28
2026-02-26,1.0,125.0,125.0,百變全球餐飲,12fit - 特餐_七味蒜香雞胸(b),飲食,1,LOW,0,2026-02-26,2026-02,u1_60
2026-02-26,1.0,30.0,30.0,統一超商台北市第一0二七,台灣香蕉重量分享包(2入),飲食,1,VERY_LOW,0,2026-02-26,2026-02,u1_37
2026-02-26,1.0,35.0,35.0,正好停樹林車站停車場,parking fee,交通,1,VERY_LOW,1,2026-02-26,2026-02,u1_1
2026-02-26,1.0,45.0,45.0,統一超商台北市第一0二七,美式冰咖啡(大),飲食,1,VERY_LOW,0,2026-02-26,2026-02,u1_46
2026-02-26,1.0,40.0,40.0,冠樺生活,熟食,飲食,1,VERY_LOW,0,2026-02-26,2026-02,u1_8
2026-02-26,1.0,28.0,28.0,統一超商台北市第一0二七,御選肉鬆飯糰,飲食,1,VERY_LOW,0,2026-02-26,2026-02,u1_35
2026-02-27,1.0,115.0,115.0,冠誠生活,輕食咖啡廳,飲食,1,LOW,0,2026-02-27,2026-02,u1_10
2026-02-27,1.0,493.0,493.0,冠誠生活,輕食咖啡廳,飲食,1,MID,0,2026-02-27,2026-02,u1_10
2026-02-27,1.0,30.0,30.0,正好停捷運府中站,parking fee,交通,1,VERY_LOW,1,2026-02-27,2026-02,u1_4
2026-02-27,1.0,3.0,3.0,誠品生活新板,富士instax link wide手機印相機/ 白,購物,1,VERY_LOW,2,2026-02-27,2026-02,u1_22
2026-03-02,1.0,25.0,25.0,一娘子小吃店,冬瓜茶,飲食,1,VERY_LOW,0,2026-03-02,2026-03,u1_2
2026-03-02,3.0,100.0,300.0,一娘子小吃店,皮蛋乾麵,飲食,1,MID,0,2026-03-02,2026-03,u1_2
2026-03-02,1.0,40.0,40.0,一娘子小吃店,燙青菜,飲食,1,VERY_LOW,0,2026-03-02,2026-03,u1_2
2026-03-02,1.0,280.0,280.0,酒樂,琴通寧(買1送1),飲食,1,MID,0,2026-03-02,2026-03,u1_55
2026-03-02,1.0,60.0,60.0,路易莎職人咖啡新北圖館,a 美式黑咖啡-中冰,飲食,1,LOW,0,2026-03-02,2026-03,u1_44
2026-03-02,1.0,130.0,130.0,酒樂,鮮奶紅-冰,飲食,1,LOW,0,2026-03-02,2026-03,u1_49
2026-03-02,1.0,50.0,50.0,路易莎職人咖啡捷運市府,四 四季翠玉青茶-大冰,交通,1,LOW,1,2026-03-02,2026-03,u1_44
2026-03-02,1.0,28.0,28.0,遠百企業板橋南雅,313153精緻丹麥系列/個(a),飲食,1,VERY_LOW,0,2026-03-02,2026-03,u1_55
2026-03-02,1.0,70.0,70.0,路易莎職人咖啡新北圖館,麥香三明治-香燻雞肉,飲食,1,LOW,0,2026-03-02,2026-03,u1_43
2026-03-02,1.0,100.0,100.0,酒樂,蜂蜜青茶-冰,飲食,1,LOW,0,2026-03-02,2026-03,u1_49
2026-03-03,1.0,100.0,100.0,臺北大眾捷運內湖線南港展覽館站,桌球場,娛樂,1,LOW,3,2026-03-03,2026-03,u1_13
2026-03-03,1.0,149.0,134.0,傑洛國際台大店,厚切嫩牛堡6吋,飲食,1,LOW,0,2026-03-03,2026-03,u1_59
2026-03-03,1.0,40.0,40.0,冠樺生活,熟食,飲食,1,VERY_LOW,0,2026-03-03,2026-03,u1_8
2026-03-03,1.0,69.0,69.0,全家便利商店台大二活門市部,招牌韓式嫩雞胸,飲食,1,LOW,0,2026-03-03,2026-03,u1_34
2026-03-03,1.0,1100.0,1100.0,潤泰旭展,餐飲與食品(f&b),飲食,1,HIGH,0,2026-03-03,2026-03,u1_27
2026-03-04,1.0,25.0,25.0,全家便利商店台大二活門市部,重乳奶茶tp330,飲食,1,VERY_LOW,0,2026-03-04,2026-03,u1_47
2026-03-04,1.0,694.0,694.0,冠樺生活,熟食,飲食,1,HIGH,0,2026-03-04,2026-03,u1_12
2026-03-04,1.0,40.0,40.0,冠樺生活,熟食,飲食,1,VERY_LOW,0,2026-03-04,2026-03,u1_8
2026-03-04,1.0,50.0,50.0,星翔飲料店,大1四季春珍波椰,飲食,1,LOW,0,2026-03-04,2026-03,u1_28
2026-03-05,1.0,70.0,70.0,安心食品服務南港展館,摩斯鱈魚堡,飲食,1,LOW,0,2026-03-05,2026-03,noise
2026-03-05,1.0,125.0,125.0,百變全球餐飲,12fit - 特餐_七味蒜香雞胸(b),飲食,1,LOW,0,2026-03-05,2026-03,u1_60
2026-03-05,1.0,50.0,50.0,安心食品服務南港展館,b夏威夷元氣沙拉50,飲食,1,LOW,0,2026-03-05,2026-03,u1_56
2026-03-05,1.0,85.0,85.0,安心食品服務南港展館,和風炸雞-大,飲食,1,LOW,0,2026-03-05,2026-03,u1_56
2026-03-05,1.0,85.0,85.0,安心食品服務南港展館,超級大麥海洋珍珠堡,飲食,1,LOW,0,2026-03-05,2026-03,u1_54
2026-03-05,1.0,60.0,60.0,安心食品服務南港展館,d摩斯雞塊套加60,飲食,1,LOW,0,2026-03-05,2026-03,u1_56
2026-03-05,1.0,40.0,40.0,安心食品服務南港展館,冰紅茶-大(新),飲食,1,VERY_LOW,0,2026-03-05,2026-03,u1_24
2026-03-05,1.0,40.0,40.0,冠樺生活,熟食,飲食,1,VERY_LOW,0,2026-03-05,2026-03,u1_8
2026-03-05,1.0,40.0,40.0,安心食品服務南港展館,冰紅茶-大(新),飲食,1,VERY_LOW,0,2026-03-05,2026-03,u1_24
2026-03-06,1.0,40.0,40.0,冠樺生活,熟食,飲食,1,VERY_LOW,0,2026-03-06,2026-03,u1_8
2026-03-06,1.0,130.0,130.0,欣食旅 南港營業所,餐飲費,飲食,1,LOW,0,2026-03-06,2026-03,noise
2026-03-07,6.0,3.0,18.0,全家便利商店台大二活門市部,列印服務全錄黑白-a4,教育,1,VERY_LOW,4,2026-03-07,2026-03,u1_27
2026-03-07,1.0,1485.0,1485.0,潤泰旭展,餐飲與食品(f&b),飲食,1,HIGH,0,2026-03-07,2026-03,u1_27
2026-03-07,1.0,128.0,115.0,傑洛國際台大店,照燒雞肉堡6吋,飲食,1,LOW,0,2026-03-07,2026-03,u1_59
2026-03-08,1.0,232.0,232.0,吾時食清燉紅燒牛肉麵,母傳原湯清燉牛肉,飲食,1,MID,0,2026-03-08,2026-03,u1_53
2026-03-08,1.0,234.0,234.0,吾時食清燉紅燒牛肉麵,經典香韻紅燒牛肉,飲食,1,MID,0,2026-03-08,2026-03,u1_53
2026-03-08,1.0,73.0,73.0,吾時食清燉紅燒牛肉麵,燙青菜,飲食,1,LOW,0,2026-03-08,2026-03,u1_52
2026-03-08,1.0,35.0,35.0,大仟飲料店,芽香綠金萱(l),飲食,1,VERY_LOW,0,2026-03-08,2026-03,u1_50
2026-03-08,1.0,65.0,65.0,大仟飲料店,茶中香檳鮮奶茶(l),飲食,1,LOW,0,2026-03-08,2026-03,u1_49
2026-03-08,1.0,35.0,35.0,歐特儀市民廣場地下停車場,停車費,交通,1,VERY_LOW,1,2026-03-08,2026-03,u1_5
2026-03-08,1.0,100.0,100.0,臺北大眾捷運內湖線南港展覽館站,桌球場,娛樂,1,LOW,3,2026-03-08,2026-03,u1_13
2026-03-08,1.0,100.0,100.0,臺北大眾捷運內湖線南港展覽館站,桌球場,娛樂,1,LOW,3,2026-03-08,2026-03,u1_13
2026-03-08,1.0,175.0,175.0,冠誠生活,輕食咖啡廳,飲食,1,MID,0,2026-03-08,2026-03,u1_10
2026-03-08,1.0,10.0,10.0,大仟飲料店,無糖 / 微冰 / 白玉珍珠,飲食,1,VERY_LOW,0,2026-03-08,2026-03,noise
2026-03-08,1.0,119.0,119.0,寶雅國際板橋中山,勁威 超薄型衛生套24入,購物,1,LOW,2,2026-03-08,2026-03,u1_22
2026-03-09,1.0,500.0,500.0,冠樺生活,餐廳,飲食,1,HIGH,0,2026-03-09,2026-03,u1_26
2026-03-09,1.0,35.0,35.0,正好停樹林車站停車場,parking fee,交通,1,VERY_LOW,1,2026-03-09,2026-03,u1_0
2026-03-09,1.0,45.0,45.0,作燴餐飲科技,麻古茶坊 - 高山金萱茶(l),飲食,1,VERY_LOW,0,2026-03-09,2026-03,u1_51
2026-03-10,1.0,110.0,110.0,詠觀國際,清爽沙拉飯,飲食,1,LOW,0,2026-03-10,2026-03,u1_17
2026-03-10,1.0,45.0,45.0,全家便利商店台大二活門市部,大冰美式,飲食,1,VERY_LOW,0,2026-03-10,2026-03,u1_19
2026-03-10,1.0,25.0,25.0,全家便利商店台大二活門市部,重乳奶茶tp330,飲食,1,VERY_LOW,0,2026-03-10,2026-03,u1_47
2026-03-10,1.0,45.0,45.0,詠觀國際,烤雞(熟),飲食,1,VERY_LOW,0,2026-03-10,2026-03,u1_16
2026-03-11,1.0,35.0,35.0,陌生人商行,芽香綠金萱(l),飲食,1,VERY_LOW,0,2026-03-11,2026-03,u1_3
2026-03-11,1.0,10.0,10.0,陌生人商行,無糖 / 微冰 / 白玉珍珠,飲食,1,VERY_LOW,0,2026-03-11,2026-03,u1_23
2026-03-11,1.0,35.0,35.0,正好停樹林車站停車場,parking fee,交通,1,VERY_LOW,1,2026-03-11,2026-03,u1_0
2026-03-11,1.0,170.0,170.0,九南商行,黑蒜豚骨拉麵,飲食,1,MID,0,2026-03-11,2026-03,u1_31
2026-03-11,1.0,150.0,150.0,九南商行,韓式泡菜拉麵,飲食,1,MID,0,2026-03-11,2026-03,u1_39
2026-03-11,1.0,30.0,30.0,九南商行,糖心蛋(兩片),飲食,1,VERY_LOW,0,2026-03-11,2026-03,u1_29
2026-03-11,1.0,15.0,15.0,九南商行,配料,飲食,1,VERY_LOW,0,2026-03-11,2026-03,u1_7
2026-03-11,1.0,35.0,35.0,九南商行,涼拌豆干絲,飲食,1,VERY_LOW,0,2026-03-11,2026-03,u1_2
2026-03-11,1.0,45.0,45.0,全家便利商店台大二活門市部,大冰美式,飲食,1,VERY_LOW,0,2026-03-11,2026-03,u1_19
2026-03-11,1.0,40.0,40.0,冠樺生活,熟食,飲食,1,VERY_LOW,0,2026-03-11,2026-03,u1_8
2026-03-11,4.58,30.4,140.0,永錡大安加油站,95無鉛汽油,交通,1,LOW,1,2026-03-11,2026-03,u1_33
2026-03-11,1.0,204.0,204.0,冠樺生活,輕食咖啡廳,飲食,1,MID,0,2026-03-11,2026-03,u1_10
2026-03-12,1.0,35.0,35.0,正好停樹林車站停車場,parking fee,交通,1,VERY_LOW,1,2026-03-12,2026-03,u1_0
2026-03-12,1.0,42.0,42.0,統一聖娜多堡市站門市部,金塊香蒜-小單位,飲食,1,VERY_LOW,0,2026-03-12,2026-03,u1_11
2026-03-12,1.0,60.0,60.0,統一聖娜多堡市站門市部,16oz(冰)特選美式咖啡,飲食,1,LOW,0,2026-03-12,2026-03,u1_43
2026-03-12,1.0,125.0,125.0,百變全球餐飲,12fit - 特餐_七味蒜香雞胸(b),飲食,1,LOW,0,2026-03-12,2026-03,u1_60
2026-03-12,1.0,40.0,40.0,冠樺生活,熟食,飲食,1,VERY_LOW,0,2026-03-12,2026-03,u1_8
2026-03-12,1.0,33.0,33.0,統一超商新北市第一四三五,美式原味熱狗,飲食,1,VERY_LOW,0,2026-03-12,2026-03,noise
2026-03-13,1.0,20.0,20.0,冠樺生活,熟食,飲食,1,VERY_LOW,0,2026-03-13,2026-03,u1_8
2026-03-13,1.0,45.0,45.0,全家便利商店台大二活門市部,大冰美式,飲食,1,VERY_LOW,0,2026-03-13,2026-03,u1_19
2026-03-13,1.0,380.0,380.0,冠樺生活,熟食,飲食,1,MID,0,2026-03-13,2026-03,u1_12
2026-03-15,1.0,217.0,217.0,吾時食清燉紅燒牛肉麵,母傳原湯清燉牛肉,飲食,1,MID,0,2026-03-15,2026-03,u1_53
2026-03-15,1.0,221.0,221.0,吾時食清燉紅燒牛肉麵,五椒麻辣牛肉,飲食,1,MID,0,2026-03-15,2026-03,u1_53
2026-03-15,1.0,73.0,73.0,吾時食清燉紅燒牛肉麵,燙青菜,飲食,1,LOW,0,2026-03-15,2026-03,u1_52
2026-03-15,1.0,90.0,90.0,貓啡因商行,紅茶,飲食,1,LOW,0,2026-03-15,2026-03,u1_32
2026-03-15,1.0,130.0,130.0,貓啡因商行,奶茶,飲食,1,LOW,0,2026-03-15,2026-03,u1_14
2026-03-15,1.0,130.0,130.0,貓啡因商行,酥脆雞塊,飲食,1,LOW,0,2026-03-15,2026-03,u1_40
2026-03-15,1.0,80.0,80.0,大仟飲料店,焦糖海鹽鮮奶茶(l),飲食,1,LOW,0,2026-03-15,2026-03,u1_49
2026-03-15,1.0,35.0,35.0,大仟飲料店,芽香綠金萱(l),飲食,1,VERY_LOW,0,2026-03-15,2026-03,u1_50
2026-03-15,1.0,50.0,50.0,源湧商行,金萱雙q,飲食,1,LOW,0,2026-03-15,2026-03,u1_6
2026-03-15,1.0,40.0,40.0,歐特儀市民廣場地下停車場,停車費,交通,1,VERY_LOW,1,2026-03-15,2026-03,u1_5
2026-03-15,1.0,160.0,160.0,貓啡因商行,西西里榛果塔,飲食,1,MID,0,2026-03-15,2026-03,u1_38
2026-03-16,1.0,60.0,60.0,統一聖娜多堡市站門市部,16oz(冰)特選美式咖啡,飲食,1,LOW,0,2026-03-16,2026-03,u1_43
2026-03-16,1.0,42.0,42.0,統一聖娜多堡市站門市部,金塊香蒜-小單位,飲食,1,VERY_LOW,0,2026-03-16,2026-03,u1_11
2026-03-16,1.0,35.0,35.0,正好停樹林車站停車場,parking fee,交通,1,VERY_LOW,1,2026-03-16,2026-03,u1_0
2026-03-17,1.0,50.0,50.0,頂尖運動行銷樹林營業所,體適能-全票,娛樂,1,LOW,3,2026-03-17,2026-03,u1_21
2026-03-17,1.0,100.0,100.0,臺北大眾捷運內湖線南港展覽館站,桌球場,娛樂,1,LOW,3,2026-03-17,2026-03,u1_13
2026-03-17,1.0,35.0,35.0,正好停樹林車站停車場,parking fee,交通,1,VERY_LOW,1,2026-03-17,2026-03,u1_0
2026-03-17,1.0,35.0,35.0,陌生人商行,芽香綠金萱(l),飲食,1,VERY_LOW,0,2026-03-17,2026-03,u1_3
2026-03-18,1.0,35.0,35.0,陌生人商行,芽香綠金萱(l),飲食,1,VERY_LOW,0,2026-03-18,2026-03,u1_3
2026-03-18,1.0,10.0,10.0,陌生人商行,白玉珍珠 / 無糖 / 微冰,飲食,1,VERY_LOW,0,2026-03-18,2026-03,u1_23
2026-03-18,1.0,35.0,35.0,正好停樹林車站停車場,parking fee,交通,1,VERY_LOW,1,2026-03-18,2026-03,u1_0
2026-03-18,1.0,402.0,402.0,冠樺生活,熟食,飲食,1,MID,0,2026-03-18,2026-03,u1_12
2026-03-18,1.0,60.0,60.0,冠樺生活,熟食,飲食,1,LOW,0,2026-03-18,2026-03,u1_12
2026-03-18,1.0,30.0,30.0,全家便利商店台大二活門市部,一配經典肉鬆飯糰,飲食,1,VERY_LOW,0,2026-03-18,2026-03,u1_34
2026-03-18,1.0,45.0,45.0,全家便利商店台大二活門市部,大冰美式,飲食,1,VERY_LOW,0,2026-03-18,2026-03,u1_19
2026-03-19,2.0,25.0,50.0,統一超商新北市第一四三五,午后時光-重乳奶茶tp330,飲食,1,LOW,0,2026-03-19,2026-03,u1_47
2026-03-19,3.0,50.0,150.0,統一超商台北市第一0二七,濃萃美式冰咖啡(大),飲食,1,MID,0,2026-03-19,2026-03,u1_46
2026-03-19,1.0,28.0,28.0,統一超商台北市第一0二七,御選肉鬆飯糰,飲食,1,VERY_LOW,0,2026-03-19,2026-03,u1_35
2026-03-19,1.0,35.0,35.0,正好停樹林車站停車場,parking fee,交通,1,VERY_LOW,1,2026-03-19,2026-03,u1_0
2026-03-20,1.0,80.0,80.0,一娘子小吃店,皮蛋乾麵,飲食,1,LOW,0,2026-03-20,2026-03,u1_2
2026-03-20,1.0,80.0,80.0,一娘子小吃店,皮蛋乾麵,飲食,1,LOW,0,2026-03-20,2026-03,u1_2
2026-03-20,1.0,55.0,55.0,一娘子小吃店,蛤蠣湯,飲食,1,LOW,0,2026-03-20,2026-03,u1_2
2026-03-20,1.0,29.0,29.0,全家便利商店台大二活門市部,fmc鹼性離子水800ml,飲食,1,VERY_LOW,0,2026-03-20,2026-03,u1_9
2026-03-20,1.0,40.0,40.0,一娘子小吃店,燙青菜,飲食,1,VERY_LOW,0,2026-03-20,2026-03,u1_2
2026-03-20,1.0,60.0,60.0,一娘子小吃店,餛飩湯,飲食,1,LOW,0,2026-03-20,2026-03,u1_2
2026-03-20,1.0,45.0,45.0,全家便利商店台大二活門市部,大冰美式,飲食,1,VERY_LOW,0,2026-03-20,2026-03,u1_19
2026-03-21,1.0,270.0,270.0,貓啡因商行,白醬嫩煎雞肉 寬扁麵,飲食,1,MID,0,2026-03-21,2026-03,u1_40
2026-03-21,1.0,270.0,270.0,貓啡因商行,青醬嫩煎雞肉 寬扁麵,飲食,1,MID,0,2026-03-21,2026-03,u1_40
2026-03-21,1.0,90.0,90.0,貓啡因商行,紅茶,飲食,1,LOW,0,2026-03-21,2026-03,u1_32
2026-03-21,1.0,15.0,15.0,統一超商台北縣第四一六,台灣黑輪,飲食,1,VERY_LOW,0,2026-03-21,2026-03,u1_55
2026-03-21,1.0,25.0,25.0,統一超商台北縣第四一六,手工高麗菜捲,飲食,1,VERY_LOW,0,2026-03-21,2026-03,u1_35
2026-03-21,1.0,16.0,16.0,統一超商台北縣第四一六,虱目魚丸,飲食,1,VERY_LOW,0,2026-03-21,2026-03,u1_35
2026-03-21,1.0,120.0,120.0,貓啡因商行,多多綠茶,飲食,1,LOW,0,2026-03-21,2026-03,u1_30
2026-03-22,1.0,179.0,179.0,丞品時光,米香炙牛燃麵套餐,飲食,1,MID,0,2026-03-22,2026-03,u1_52
2026-03-22,1.0,35.0,35.0,丞品時光,麻辣嫩鴨血,飲食,1,VERY_LOW,0,2026-03-22,2026-03,u1_61
2026-03-22,1.0,20.0,20.0,丞品時光,經典摃丸湯,飲食,1,VERY_LOW,0,2026-03-22,2026-03,u1_52
2026-03-22,1.0,239.0,239.0,丞品時光,蟹黃流金拌麵套餐,飲食,1,MID,0,2026-03-22,2026-03,u1_52
2026-03-22,1.0,79.0,79.0,丞品時光,蟹黃流金拌麵-加倍蟹蟹,飲食,1,LOW,0,2026-03-22,2026-03,u1_61
2026-03-22,1.0,10.0,10.0,歐特儀市民廣場地下停車場,停車費,交通,1,VERY_LOW,1,2026-03-22,2026-03,u1_5
2026-03-22,1.0,10.0,10.0,歐特儀市民廣場地下停車場,停車費,交通,1,VERY_LOW,1,2026-03-22,2026-03,u1_5
2026-03-22,1.0,110.0,110.0,丞品時光,紅油口水雞,飲食,1,LOW,0,2026-03-22,2026-03,u1_61
2026-03-23,1.0,125.0,125.0,百變全球餐飲,12fit - 特餐_七味蒜香雞胸(b),飲食,1,LOW,0,2026-03-23,2026-03,u1_60
2026-03-23,1.0,60.0,60.0,統一聖娜多堡市站門市部,16oz(冰)特選美式咖啡,飲食,1,LOW,0,2026-03-23,2026-03,u1_43
2026-03-23,1.0,42.0,42.0,統一聖娜多堡市站門市部,金塊香蒜-小單位,飲食,1,VERY_LOW,0,2026-03-23,2026-03,u1_11
2026-03-23,1.0,35.0,35.0,正好停樹林車站停車場,parking fee,交通,1,VERY_LOW,1,2026-03-23,2026-03,u1_0
2026-03-23,2.0,25.0,50.0,統一超商台北市第六八七,手工高麗菜捲,飲食,1,LOW,0,2026-03-23,2026-03,u1_35
2026-03-23,3.0,25.0,75.0,統一超商台北市第六八七,午后時光-重乳奶茶tp330,飲食,1,LOW,0,2026-03-23,2026-03,u1_47
2026-03-23,1.0,100.0,100.0,臺北大眾捷運內湖線南港展覽館站,桌球場,娛樂,1,LOW,3,2026-03-23,2026-03,u1_13
2026-03-23,1.0,40.0,40.0,冠樺生活,熟食,飲食,1,VERY_LOW,0,2026-03-23,2026-03,u1_8
2026-03-23,1.0,20.0,20.0,統一超商台北市第六八七,滷味香蔥肉丸,飲食,1,VERY_LOW,0,2026-03-23,2026-03,u1_35
2026-03-23,1.0,20.0,20.0,統一超商台北市第六八七,原味豬肉貢丸(關),飲食,1,VERY_LOW,0,2026-03-23,2026-03,u1_35
2026-03-24,1.0,35.0,35.0,陌生人商行,芽香綠金萱(l),飲食,1,VERY_LOW,0,2026-03-24,2026-03,u1_3
2026-03-24,1.0,110.0,110.0,詠觀國際,清爽沙拉飯,飲食,1,LOW,0,2026-03-24,2026-03,u1_17
2026-03-24,1.0,45.0,45.0,詠觀國際,烤雞(熟),飲食,1,VERY_LOW,0,2026-03-24,2026-03,u1_16
2026-03-24,1.0,170.0,170.0,九南商行,黑蒜豚骨拉麵,飲食,1,MID,0,2026-03-24,2026-03,u1_31
2026-03-24,1.0,15.0,15.0,九南商行,配料,飲食,1,VERY_LOW,0,2026-03-24,2026-03,u1_7
2026-03-24,1.0,40.0,40.0,冠樺生活,熟食,飲食,1,VERY_LOW,0,2026-03-24,2026-03,u1_8
2026-03-24,3.0,35.0,105.0,全聯實業南港旗艦,芭樂切片包,購物,1,LOW,2,2026-03-24,2026-03,u1_55
2026-03-24,1.0,45.0,45.0,美味達人樹林中山,菠蘿牛角(北),飲食,1,VERY_LOW,0,2026-03-24,2026-03,u1_60
2026-03-24,1.0,150.0,150.0,九南商行,韓式泡菜拉麵,飲食,1,MID,0,2026-03-24,2026-03,u1_39
2026-03-24,1.0,30.0,30.0,九南商行,糖心蛋(兩片),飲食,1,VERY_LOW,0,2026-03-24,2026-03,u1_29
2026-03-25,1.0,81.0,81.0,潤泰旭展,餐飲與食品(f&b),飲食,1,LOW,0,2026-03-25,2026-03,u1_27
2026-03-25,1.0,40.0,40.0,冠樺生活,熟食,飲食,1,VERY_LOW,0,2026-03-25,2026-03,u1_8
2026-03-25,1.0,45.0,45.0,全家便利商店台大二活門市部,大冰美式,飲食,1,VERY_LOW,0,2026-03-25,2026-03,u1_19
2026-03-25,1.0,3.0,3.0,潤泰旭展,餐飲與食品(f&b),飲食,1,VERY_LOW,0,2026-03-25,2026-03,u1_27
2026-03-26,1.0,50.0,50.0,源湧商行,金萱雙q,飲食,1,LOW,0,2026-03-26,2026-03,u1_6
2026-03-26,1.0,35.0,35.0,正好停樹林車站停車場,parking fee,交通,1,VERY_LOW,1,2026-03-26,2026-03,u1_0
2026-03-26,1.0,28.0,28.0,統一超商台北市第一0二七,御選肉鬆飯糰,飲食,1,VERY_LOW,0,2026-03-26,2026-03,u1_35
2026-03-27,1.0,1045.0,1045.0,潤泰旭展,餐飲與食品(f&b),飲食,1,HIGH,0,2026-03-27,2026-03,u1_27
2026-03-27,1.0,35.0,35.0,陌生人商行,芽香綠金萱(l),飲食,1,VERY_LOW,0,2026-03-27,2026-03,u1_3
2026-03-27,1.0,185.0,185.0,何家甜品鋪公館分店,松露豚骨拉麵,飲食,1,MID,0,2026-03-27,2026-03,u1_31
2026-03-28,2.0,232.0,464.0,吾時食清燉紅燒牛肉麵,母傳原湯清燉牛肉,飲食,1,MID,0,2026-03-28,2026-03,u1_53
2026-03-28,1.0,73.0,73.0,吾時食清燉紅燒牛肉麵,燙青菜,飲食,1,LOW,0,2026-03-28,2026-03,u1_52
2026-03-28,1.0,35.0,35.0,大仟飲料店,芽香綠金萱(l),飲食,1,VERY_LOW,0,2026-03-28,2026-03,u1_50
2026-03-28,1.0,70.0,70.0,大仟飲料店,牧香穀物鮮奶茶(l),飲食,1,LOW,0,2026-03-28,2026-03,u1_49
2026-03-28,1.0,10.0,10.0,大仟飲料店,無糖 / 微冰 / 白玉珍珠,飲食,1,VERY_LOW,0,2026-03-28,2026-03,noise
2026-03-28,1.0,260.0,260.0,冠誠生活,輕食咖啡廳,飲食,1,MID,0,2026-03-28,2026-03,u1_10
2026-03-28,1.0,40.0,40.0,歐特儀市民廣場地下停車場,停車費,交通,1,VERY_LOW,1,2026-03-28,2026-03,u1_5
2026-03-29,1.0,1015.0,1015.0,三商餐飲樹林,超大炸雞餐,飲食,1,HIGH,0,2026-03-29,2026-03,u1_57
2026-03-30,1.0,144.0,144.0,遠百企業板橋南雅,864898丸龜製麵,飲食,1,LOW,0,2026-03-30,2026-03,noise
2026-03-30,1.0,175.0,175.0,悠旅生活事業新北市第三十八,摩卡可可碎片大,娛樂,1,MID,3,2026-03-30,2026-03,u1_55
2026-03-30,1.0,60.0,60.0,路易莎職人咖啡新北圖館,a 美式黑咖啡-中冰,飲食,1,LOW,0,2026-03-30,2026-03,u1_44
2026-03-31,1.0,35.0,35.0,正好停樹林車站停車場,parking fee,交通,1,VERY_LOW,1,2026-03-31,2026-03,u1_0
2026-03-31,1.0,110.0,110.0,詠觀國際,清爽沙拉飯,飲食,1,LOW,0,2026-03-31,2026-03,u1_17
2026-03-31,1.0,45.0,45.0,詠觀國際,烤雞(熟),飲食,1,VERY_LOW,0,2026-03-31,2026-03,u1_16
2026-03-31,1.0,656.0,656.0,冠樺生活,熟食,飲食,1,HIGH,0,2026-03-31,2026-03,u1_12
2026-03-31,1.0,45.0,45.0,全家便利商店台大二活門市部,大冰美式,飲食,1,VERY_LOW,0,2026-03-31,2026-03,u1_19
2026-03-31,1.0,40.0,40.0,冠樺生活,熟食,飲食,1,VERY_LOW,0,2026-03-31,2026-03,u1_8
2026-04-01,1.0,40.0,40.0,冠樺生活,熟食,飲食,1,VERY_LOW,0,2026-04-01,2026-04,u1_8
2026-04-01,1.0,35.0,35.0,正好停樹林車站停車場,parking fee,交通,1,VERY_LOW,1,2026-04-01,2026-04,u1_0
2026-04-02,2.0,15.0,30.0,瀚傑南港展覽店,舒潔袖珍面紙10抽3入,購物,1,VERY_LOW,2,2026-04-02,2026-04,u1_22
2026-04-02,1.0,35.0,35.0,九南商行,涼拌豆干絲,飲食,1,VERY_LOW,0,2026-04-02,2026-04,u1_2
2026-04-02,1.0,150.0,150.0,九南商行,韓式泡菜拉麵,飲食,1,MID,0,2026-04-02,2026-04,u1_39
2026-04-02,1.0,35.0,35.0,正好停樹林車站停車場,parking fee,交通,1,VERY_LOW,1,2026-04-02,2026-04,u1_0
2026-04-02,1.0,15.0,15.0,九南商行,配料,飲食,1,VERY_LOW,0,2026-04-02,2026-04,u1_7
2026-04-02,1.0,30.0,30.0,九南商行,糖心蛋(兩片),飲食,1,VERY_LOW,0,2026-04-02,2026-04,u1_29
2026-04-02,1.0,40.0,40.0,冠樺生活,熟食,飲食,1,VERY_LOW,0,2026-04-02,2026-04,u1_8
2026-04-02,1.0,170.0,170.0,九南商行,黑蒜豚骨拉麵,飲食,1,MID,0,2026-04-02,2026-04,u1_31
2026-04-02,1.0,60.0,60.0,安心食品服務南港展館,d摩斯雞塊套加60,飲食,1,LOW,0,2026-04-02,2026-04,u1_56
2026-04-02,1.0,50.0,50.0,安心食品服務南港展館,中冰摩斯咖啡,飲食,1,LOW,0,2026-04-02,2026-04,u1_24
2026-04-02,1.0,85.0,85.0,安心食品服務南港展館,超級大麥海洋珍珠堡,飲食,1,LOW,0,2026-04-02,2026-04,u1_54
2026-04-03,1.0,100.0,100.0,長佳機電工程大安運動中心暨和平籃球館營業所,桌球場,娛樂,1,LOW,3,2026-04-03,2026-04,u1_20
2026-04-03,1.0,130.0,130.0,欣食旅 南港營業所,餐飲費,飲食,1,LOW,0,2026-04-03,2026-04,noise
2026-04-03,1.0,40.0,40.0,冠樺生活,熟食,飲食,1,VERY_LOW,0,2026-04-03,2026-04,u1_8
2026-04-03,1.0,20.0,20.0,冠樺生活,熟食,飲食,1,VERY_LOW,0,2026-04-03,2026-04,u1_8
2026-04-03,1.0,358.0,358.0,冠樺生活,熟食,飲食,1,MID,0,2026-04-03,2026-04,u1_12
2026-04-03,1.0,30.0,30.0,俥亭停車事業樹林後站營業所,臨停,交通,1,VERY_LOW,1,2026-04-03,2026-04,u1_33
2026-04-04,1.0,50.0,50.0,星翔飲料店,大1四季春珍波椰,飲食,1,LOW,0,2026-04-04,2026-04,u1_28
2026-04-04,1.0,160.0,160.0,貓啡因商行,法式乳酪,飲食,1,MID,0,2026-04-04,2026-04,u1_38
2026-04-04,1.0,90.0,90.0,貓啡因商行,紅茶,飲食,1,LOW,0,2026-04-04,2026-04,u1_32
2026-04-04,1.0,200.0,200.0,貓啡因商行,楚佛巧克力,飲食,1,MID,0,2026-04-04,2026-04,u1_41
2026-04-04,1.0,73.0,73.0,吾時食清燉紅燒牛肉麵,燙青菜,飲食,1,LOW,0,2026-04-04,2026-04,u1_52
2026-04-04,1.0,234.0,234.0,吾時食清燉紅燒牛肉麵,經典香韻紅燒牛肉,飲食,1,MID,0,2026-04-04,2026-04,u1_53
2026-04-04,1.0,232.0,232.0,吾時食清燉紅燒牛肉麵,母傳原湯清燉牛肉,飲食,1,MID,0,2026-04-04,2026-04,u1_53
2026-04-04,1.0,120.0,120.0,貓啡因商行,多多綠茶,飲食,1,LOW,0,2026-04-04,2026-04,u1_30
2026-04-05,1.0,100.0,100.0,玖酷立健康事業,1百,醫療健康,1,LOW,5,2026-04-05,2026-04,u1_22
2026-04-05,1.0,390.0,390.0,銀杏鍋物,_美國_雪花牛套餐,飲食,1,MID,0,2026-04-05,2026-04,u1_52
2026-04-05,1.0,370.0,370.0,銀杏鍋物,_美國_嫩肩牛套餐,飲食,1,MID,0,2026-04-05,2026-04,u1_52
2026-04-05,1.0,390.0,390.0,銀杏鍋物,_美國_雪花牛套餐,飲食,1,MID,0,2026-04-05,2026-04,u1_52
2026-04-05,1.0,390.0,390.0,銀杏鍋物,_美國_雪花牛套餐,飲食,1,MID,0,2026-04-05,2026-04,u1_52
2026-04-05,1.0,20.0,20.0,銀杏鍋物,白飯,飲食,1,VERY_LOW,0,2026-04-05,2026-04,u1_52
2026-04-05,1.0,175.0,175.0,威鯨行,辣豬---o----紅茶(冷),飲食,1,MID,0,2026-04-05,2026-04,u1_61
2026-04-05,1.0,30.0,30.0,俥亭停車事業樹林後站營業所,臨停,交通,1,VERY_LOW,1,2026-04-05,2026-04,u1_33
2026-04-05,1.0,30.0,30.0,路易莎職人咖啡新板傑仕堡,美式軟餅乾-黑紳士咖啡巧克力(片),飲食,1,VERY_LOW,0,2026-04-05,2026-04,u1_43
2026-04-05,1.0,50.0,50.0,路易莎職人咖啡新板傑仕堡,四 四季翠玉青茶-大冰,飲食,1,LOW,0,2026-04-05,2026-04,u1_44
2026-04-05,1.0,45.0,45.0,全家便利商店新北市第八七二,大冰美式,飲食,1,VERY_LOW,0,2026-04-05,2026-04,noise
2026-04-06,1.0,1529.0,1529.0,潤泰旭展,餐飲與食品(f&b),飲食,1,VERY_HIGH,0,2026-04-06,2026-04,u1_27
2026-04-06,1.0,100.0,100.0,臺北大眾捷運內湖線南港展覽館站,桌球場,娛樂,1,LOW,3,2026-04-06,2026-04,u1_13
2026-04-07,1.0,35.0,35.0,全家便利商店新北市第六五五門市部,經典爆汁熱狗,飲食,1,VERY_LOW,0,2026-04-07,2026-04,noise
2026-04-07,1.0,45.0,45.0,全家便利商店台大二活門市部,大冰美式,飲食,1,VERY_LOW,0,2026-04-07,2026-04,u1_18
2026-04-07,1.0,990.0,990.0,冠樺生活,配件雜貨,購物,1,HIGH,2,2026-04-07,2026-04,u1_22
2026-04-07,1.0,40.0,40.0,冠樺生活,熟食,飲食,1,VERY_LOW,0,2026-04-07,2026-04,u1_8
2026-04-07,2.0,25.0,50.0,統一超商新北市第九六八,午后時光-重乳奶茶tp330,飲食,1,LOW,0,2026-04-07,2026-04,u1_47
2026-04-07,1.0,128.0,115.0,傑洛國際台大店,照燒雞肉堡6吋,飲食,1,LOW,0,2026-04-07,2026-04,u1_59
2026-04-08,1.0,66.0,66.0,和德昌台北南港,薯條-大,飲食,1,LOW,0,2026-04-08,2026-04,u1_58
2026-04-08,1.0,45.0,45.0,全家便利商店台大二活門市部,大冰美式,飲食,1,VERY_LOW,0,2026-04-08,2026-04,u1_18
2026-04-08,1.0,50.0,50.0,和德昌台北南港,冰奶茶,飲食,1,LOW,0,2026-04-08,2026-04,u1_49
2026-04-08,1.0,124.0,124.0,和德昌台北南港,韓風香蒜雞腿堡,飲食,1,LOW,0,2026-04-08,2026-04,u1_58
2026-04-08,1.0,109.0,109.0,和德昌台北南港,十塊麥克雞塊,飲食,1,LOW,0,2026-04-08,2026-04,u1_58
2026-04-09,1.0,45.0,45.0,作燴餐飲科技,teatop南京三民 - 招牌高山青(l),飲食,1,VERY_LOW,0,2026-04-09,2026-04,u1_51
2026-04-09,1.0,40.0,40.0,一娘子小吃店,燙青菜,飲食,1,VERY_LOW,0,2026-04-09,2026-04,u1_2
2026-04-09,1.0,100.0,100.0,一娘子小吃店,皮蛋乾麵,飲食,1,LOW,0,2026-04-09,2026-04,u1_2
2026-04-09,1.0,40.0,40.0,一娘子小吃店,豆干滷蛋海帶,飲食,1,VERY_LOW,0,2026-04-09,2026-04,u1_2
2026-04-09,1.0,30.0,30.0,俥亭停車事業樹林後站營業所,臨停,交通,1,VERY_LOW,1,2026-04-09,2026-04,u1_33
2026-04-09,1.0,28.0,28.0,統一超商台北市第一0二七,御選肉鬆飯糰,飲食,1,VERY_LOW,0,2026-04-09,2026-04,u1_35
2026-04-09,1.0,20.0,20.0,統一超商台北市第一0二七,台灣上等蕉(裸賣),飲食,1,VERY_LOW,0,2026-04-09,2026-04,u1_55
2026-04-09,1.0,40.0,40.0,冠樺生活,熟食,飲食,1,VERY_LOW,0,2026-04-09,2026-04,u1_8
2026-04-09,4.27,33.9,145.0,永錡保安加油站,95無鉛汽油,交通,1,LOW,1,2026-04-09,2026-04,u1_33
2026-04-09,1.0,55.0,55.0,一娘子小吃店,蛤蠣湯,飲食,1,LOW,0,2026-04-09,2026-04,u1_2
2026-04-09,1.0,100.0,100.0,一娘子小吃店,皮蛋乾麵,飲食,1,LOW,0,2026-04-09,2026-04,u1_2
2026-04-09,1.0,120.0,120.0,百變全球餐飲,日香雞肉飯 - 私房辣椒雞腿飯(b),飲食,1,LOW,0,2026-04-09,2026-04,u1_61
2026-04-10,1.0,50.0,50.0,源湧商行,金萱雙q,飲食,1,LOW,0,2026-04-10,2026-04,u1_6
2026-04-10,1.0,30.0,30.0,遠創智慧,停車費,交通,1,VERY_LOW,1,2026-04-10,2026-04,u1_5
2026-04-10,1.0,39.0,39.0,統一超商新北市第一四三五,石安牧場溏心蛋飯糰(圓),飲食,1,VERY_LOW,0,2026-04-10,2026-04,u1_35
2026-04-10,1.0,45.0,45.0,全家便利商店台大二活門市部,大冰美式,飲食,1,VERY_LOW,0,2026-04-10,2026-04,u1_18
2026-04-11,1.0,120.0,120.0,貓啡因商行,多多綠茶,飲食,1,LOW,0,2026-04-11,2026-04,u1_30
2026-04-11,1.0,90.0,90.0,貓啡因商行,紅茶,飲食,1,LOW,0,2026-04-11,2026-04,u1_32
2026-04-11,1.0,40.0,40.0,歐特儀市民廣場地下停車場,停車費,交通,1,VERY_LOW,1,2026-04-11,2026-04,u1_5
2026-04-11,1.0,160.0,160.0,貓啡因商行,西西里開心果慕斯,飲食,1,MID,0,2026-04-11,2026-04,u1_38
2026-04-11,1.0,160.0,160.0,貓啡因商行,法式乳酪,飲食,1,MID,0,2026-04-11,2026-04,u1_38
2026-04-11,1.0,73.0,73.0,吾時食清燉紅燒牛肉麵,燙青菜,飲食,1,LOW,0,2026-04-11,2026-04,u1_52
2026-04-11,2.0,232.0,464.0,吾時食清燉紅燒牛肉麵,母傳原湯清燉牛肉,飲食,1,MID,0,2026-04-11,2026-04,u1_53
2026-04-12,1.0,50.0,50.0,源湧商行,金萱雙q,飲食,1,LOW,0,2026-04-12,2026-04,u1_6
2026-04-13,1.0,60.0,60.0,統一聖娜多堡市站門市部,16oz(冰)特選美式咖啡,飲食,1,LOW,0,2026-04-13,2026-04,u1_43
2026-04-13,1.0,40.0,40.0,冠樺生活,熟食,飲食,1,VERY_LOW,0,2026-04-13,2026-04,u1_8
2026-04-13,1.0,278.0,278.0,潤泰旭展,餐飲與食品(f&b),飲食,1,MID,0,2026-04-13,2026-04,u1_27
2026-04-13,1.0,35.0,35.0,正好停樹林車站停車場,parking fee,交通,1,VERY_LOW,1,2026-04-13,2026-04,u1_4
2026-04-13,1.0,42.0,42.0,統一聖娜多堡市站門市部,金塊香蒜-小單位,飲食,1,VERY_LOW,0,2026-04-13,2026-04,u1_11
2026-04-14,1.0,45.0,45.0,全家便利商店台大二活門市部,大冰美式,飲食,1,VERY_LOW,0,2026-04-14,2026-04,u1_19
2026-04-14,1.0,13.0,13.0,松深食品,pkl330立頓巧克力奶,飲食,1,VERY_LOW,0,2026-04-14,2026-04,noise
2026-04-14,1.0,45.0,45.0,全家便利商店台大二活門市部,大冰美式,飲食,1,VERY_LOW,0,2026-04-14,2026-04,u1_19
2026-04-14,1.0,110.0,110.0,詠觀國際,清爽沙拉飯,飲食,1,LOW,0,2026-04-14,2026-04,u1_17
2026-04-14,1.0,45.0,45.0,詠觀國際,烤雞(熟),飲食,1,VERY_LOW,0,2026-04-14,2026-04,u1_16
2026-04-14,1.0,40.0,40.0,冠樺生活,熟食,飲食,1,VERY_LOW,0,2026-04-14,2026-04,u1_8
2026-04-14,1.0,380.0,380.0,冠樺生活,熟食,飲食,1,MID,0,2026-04-14,2026-04,u1_12
2026-04-14,1.0,35.0,35.0,正好停樹林車站停車場,parking fee,交通,1,VERY_LOW,1,2026-04-14,2026-04,u1_4
2026-04-15,2.0,25.0,50.0,統一超商新北市第九六八,午后時光-重乳奶茶tp330,飲食,1,LOW,0,2026-04-15,2026-04,u1_47
2026-04-15,1.0,40.0,40.0,冠樺生活,熟食,飲食,1,VERY_LOW,0,2026-04-15,2026-04,u1_8
2026-04-15,1.0,35.0,35.0,陌生人商行,芽香綠金萱(l),飲食,1,VERY_LOW,0,2026-04-15,2026-04,u1_3
2026-04-16,1.0,40.0,40.0,冠樺生活,熟食,飲食,1,VERY_LOW,0,2026-04-16,2026-04,u1_8
2026-04-16,1.0,45.0,45.0,統一超商台北市第一0二七,美式冰咖啡(大),飲食,1,VERY_LOW,0,2026-04-16,2026-04,u1_46
2026-04-16,1.0,30.0,30.0,統一超商台北市第一0二七,台灣香蕉重量分享包(2入),飲食,1,VERY_LOW,0,2026-04-16,2026-04,u1_37
2026-04-16,1.0,28.0,28.0,統一超商台北市第一0二七,御選肉鬆飯糰,飲食,1,VERY_LOW,0,2026-04-16,2026-04,u1_35
2026-04-16,1.0,30.0,30.0,遠創智慧,停車費,交通,1,VERY_LOW,1,2026-04-16,2026-04,u1_5
2026-04-16,1.0,125.0,125.0,百變全球餐飲,12fit - 特餐_七味蒜香雞胸(b),飲食,1,LOW,0,2026-04-16,2026-04,u1_60
2026-04-17,1.0,65.0,65.0,路易莎職人咖啡新北圖館,pt 水蜜桃蘋果茶-中冰,飲食,1,LOW,0,2026-04-17,2026-04,u1_44
2026-04-17,1.0,50.0,50.0,路易莎職人咖啡新北圖館,四 四季翠玉青茶-大冰,飲食,1,LOW,0,2026-04-17,2026-04,u1_44
2026-04-17,1.0,40.0,40.0,恆木茶行,油切蕎麥茶,飲食,1,VERY_LOW,0,2026-04-17,2026-04,u1_51
2026-04-18,1.0,10.0,10.0,歐特儀市民廣場地下停車場,停車費,交通,1,VERY_LOW,1,2026-04-18,2026-04,u1_5
2026-04-19,1.0,30.0,30.0,路易莎職人咖啡新板傑仕堡,美式軟餅乾-黑紳士咖啡巧克力(片),飲食,1,VERY_LOW,0,2026-04-19,2026-04,u1_43
2026-04-19,1.0,30.0,30.0,路易莎職人咖啡新板傑仕堡,美式軟餅乾-超人氣經典巧克力(片),飲食,1,VERY_LOW,0,2026-04-19,2026-04,u1_43
2026-04-20,1.0,28.0,28.0,遠百企業板橋南雅,313153精緻丹麥系列/個(a),飲食,1,VERY_LOW,0,2026-04-20,2026-04,u1_55
2026-04-20,1.0,140.0,140.0,悠旅生活事業新北市第三十八,冰那堤大,飲食,1,LOW,0,2026-04-20,2026-04,noise
2026-04-20,1.0,100.0,100.0,臺北大眾捷運內湖線南港展覽館站,桌球場,娛樂,1,LOW,3,2026-04-20,2026-04,u1_13
2026-04-20,1.0,100.0,100.0,臺北大眾捷運內湖線南港展覽館站,桌球場,娛樂,1,LOW,3,2026-04-20,2026-04,u1_13
2026-04-20,1.0,60.0,60.0,路易莎職人咖啡新北圖館,a 美式黑咖啡-中冰,飲食,1,LOW,0,2026-04-20,2026-04,u1_44
2026-04-21,1.0,35.0,35.0,陌生人商行,芽香綠金萱(l),飲食,1,VERY_LOW,0,2026-04-21,2026-04,u1_3
2026-04-21,1.0,110.0,110.0,詠觀國際,清爽沙拉飯,飲食,1,LOW,0,2026-04-21,2026-04,u1_17
2026-04-21,1.0,45.0,45.0,詠觀國際,烤雞(熟),飲食,1,VERY_LOW,0,2026-04-21,2026-04,u1_16
2026-04-21,1.0,1518.0,1518.0,台灣三井不動產南港,日式料理,飲食,1,VERY_HIGH,0,2026-04-21,2026-04,u1_39
2026-04-21,1.0,30.0,30.0,俥亭停車事業樹林後站營業所,臨停,交通,1,VERY_LOW,1,2026-04-21,2026-04,u1_33
2026-04-21,1.0,100.0,100.0,臺北大眾捷運內湖線南港展覽館站,桌球場,娛樂,1,LOW,3,2026-04-21,2026-04,u1_13
2026-04-21,1.0,30.0,30.0,全家便利商店台大二活門市部,一配經典肉鬆飯糰,飲食,1,VERY_LOW,0,2026-04-21,2026-04,u1_34
2026-04-21,1.0,45.0,45.0,全家便利商店台大二活門市部,大冰美式,飲食,1,VERY_LOW,0,2026-04-21,2026-04,u1_19
2026-04-21,1.0,10.0,10.0,陌生人商行,無糖 / 微冰 / 白玉珍珠,飲食,1,VERY_LOW,0,2026-04-21,2026-04,u1_23
2026-04-22,1.0,170.0,170.0,潤泰旭展,餐飲與食品(f&b),飲食,1,MID,0,2026-04-22,2026-04,u1_27
2026-04-22,1.0,45.0,45.0,統一超商新北市第一四三五,美式冰咖啡(大),飲食,1,VERY_LOW,0,2026-04-22,2026-04,u1_45
2026-04-22,1.0,35.0,35.0,陌生人商行,芽香綠金萱(l),飲食,1,VERY_LOW,0,2026-04-22,2026-04,u1_3
2026-04-22,1.0,25.0,25.0,統一超商台北縣第四一六,章魚燒串,飲食,1,VERY_LOW,0,2026-04-22,2026-04,u1_35
2026-04-22,1.0,16.0,16.0,統一超商台北縣第四一六,虱目魚丸,飲食,1,VERY_LOW,0,2026-04-22,2026-04,u1_35
2026-04-22,1.0,40.0,40.0,安心食品服務南港展館,冰紅茶-大(新),飲食,1,VERY_LOW,0,2026-04-22,2026-04,u1_24
2026-04-22,1.0,60.0,60.0,安心食品服務南港展館,d摩斯雞塊套加60,飲食,1,LOW,0,2026-04-22,2026-04,u1_56
2026-04-22,1.0,85.0,85.0,安心食品服務南港展館,超級大麥海洋珍珠堡,飲食,1,LOW,0,2026-04-22,2026-04,u1_54
2026-04-22,1.0,80.0,80.0,安心食品服務南港展館,超級大麥杏鮑菇珍珠堡,飲食,1,LOW,0,2026-04-22,2026-04,u1_54
2026-04-23,1.0,204.0,204.0,冠樺生活,輕食咖啡廳,飲食,1,MID,0,2026-04-23,2026-04,u1_10
2026-04-23,1.0,480.0,480.0,冠樺生活,熟食,飲食,1,MID,0,2026-04-23,2026-04,u1_12
2026-04-23,1.0,30.0,30.0,俥亭停車事業樹林後站營業所,臨停,交通,1,VERY_LOW,1,2026-04-23,2026-04,u1_33
2026-04-23,1.0,60.0,60.0,統一聖娜多堡市站門市部,16oz(冰)特選美式咖啡,飲食,1,LOW,0,2026-04-23,2026-04,u1_43
2026-04-23,1.0,42.0,42.0,統一聖娜多堡市站門市部,金塊香蒜-小單位,飲食,1,VERY_LOW,0,2026-04-23,2026-04,u1_11
2026-04-23,1.0,40.0,40.0,冠樺生活,熟食,飲食,1,VERY_LOW,0,2026-04-23,2026-04,u1_8
2026-04-24,1.0,85.0,85.0,安心食品服務南港展館,超級大麥海洋珍珠堡,飲食,1,LOW,0,2026-04-24,2026-04,u1_54
2026-04-24,1.0,40.0,40.0,冠樺生活,熟食,飲食,1,VERY_LOW,0,2026-04-24,2026-04,u1_8
2026-04-24,1.0,25.0,25.0,全家便利商店台大二活門市部,重乳奶茶tp330,飲食,1,VERY_LOW,0,2026-04-24,2026-04,u1_47
2026-04-24,1.0,35.0,35.0,全家便利商店台大二活門市部,經典爆汁熱狗,飲食,1,VERY_LOW,0,2026-04-24,2026-04,noise
2026-04-24,1.0,5.0,5.0,全家便利商店台大二活門市部,不沾手番茄芥末醬,飲食,1,VERY_LOW,0,2026-04-24,2026-04,u1_36
2026-04-24,1.0,35.0,35.0,安心食品服務南港展館,可樂-大(新),飲食,1,VERY_LOW,0,2026-04-24,2026-04,u1_24
2026-04-24,1.0,70.0,70.0,安心食品服務南港展館,和風雞腿塊-摩斯辣醬,飲食,1,LOW,0,2026-04-24,2026-04,u1_56
2026-04-24,2.0,45.0,90.0,統一超商新北市第一四三五,美式冰咖啡(大),飲食,1,LOW,0,2026-04-24,2026-04,u1_45
2026-04-24,1.0,40.0,40.0,安心食品服務南港展館,冰紅茶-大(新),飲食,1,VERY_LOW,0,2026-04-24,2026-04,u1_24
2026-04-24,1.0,60.0,60.0,安心食品服務南港展館,d摩斯雞塊套加60,飲食,1,LOW,0,2026-04-24,2026-04,u1_56
2026-04-24,1.0,70.0,70.0,安心食品服務南港展館,摩斯鱈魚堡,飲食,1,LOW,0,2026-04-24,2026-04,noise
2026-04-24,1.0,149.0,134.0,傑洛國際台大店,厚切嫩牛堡6吋,飲食,1,LOW,0,2026-04-24,2026-04,u1_59
2026-04-25,1.0,252.0,252.0,吾時食清燉紅燒牛肉麵,經典香韻紅燒半筋半肉,飲食,1,MID,0,2026-04-25,2026-04,u1_53
2026-04-25,1.0,50.0,50.0,星翔飲料店,大1四季春珍波椰,飲食,1,LOW,0,2026-04-25,2026-04,u1_28
2026-04-25,1.0,120.0,120.0,貓啡因商行,多多綠茶,飲食,1,LOW,0,2026-04-25,2026-04,u1_30
2026-04-25,1.0,90.0,90.0,貓啡因商行,紅茶,飲食,1,LOW,0,2026-04-25,2026-04,u1_32
2026-04-25,1.0,160.0,160.0,貓啡因商行,巴斯克蛋糕,飲食,1,MID,0,2026-04-25,2026-04,u1_41
2026-04-25,1.0,160.0,160.0,貓啡因商行,原味波士頓,飲食,1,MID,0,2026-04-25,2026-04,u1_42
2026-04-25,1.0,232.0,232.0,吾時食清燉紅燒牛肉麵,母傳原湯清燉牛肉,飲食,1,MID,0,2026-04-25,2026-04,u1_53
2026-04-25,1.0,73.0,73.0,吾時食清燉紅燒牛肉麵,燙青菜,飲食,1,LOW,0,2026-04-25,2026-04,u1_52
2026-04-26,1.0,40.0,40.0,九南商行,紅油脆筍,飲食,1,VERY_LOW,0,2026-04-26,2026-04,u1_2
2026-04-26,1.0,35.0,35.0,九南商行,涼拌豆干絲,飲食,1,VERY_LOW,0,2026-04-26,2026-04,u1_2
2026-04-26,1.0,170.0,170.0,九南商行,黑蒜豚骨拉麵,飲食,1,MID,0,2026-04-26,2026-04,u1_31
2026-04-26,1.0,150.0,150.0,九南商行,韓式泡菜拉麵,飲食,1,MID,0,2026-04-26,2026-04,u1_39
2026-04-26,1.0,30.0,30.0,九南商行,糖心蛋(兩片),飲食,1,VERY_LOW,0,2026-04-26,2026-04,u1_29
2026-04-26,1.0,15.0,15.0,九南商行,配料,飲食,1,VERY_LOW,0,2026-04-26,2026-04,u1_7
2026-04-26,1.0,30.0,30.0,冠樺生活,統一h2o純水pet1500,飲食,1,VERY_LOW,0,2026-04-26,2026-04,u1_9
2026-04-26,1.0,40.0,40.0,冠樺生活,熟食,飲食,1,VERY_LOW,0,2026-04-26,2026-04,u1_8
2026-04-26,1.0,30.0,30.0,俥亭停車事業樹林後站營業所,臨停,交通,1,VERY_LOW,1,2026-04-26,2026-04,u1_33
2026-04-27,1.0,50.0,50.0,路易莎職人咖啡新北圖館,四 四季翠玉青茶-大冰,飲食,1,LOW,0,2026-04-27,2026-04,u1_44
2026-04-27,1.0,174.0,174.0,遠百企業板橋南雅,864898丸龜製麵,飲食,1,MID,0,2026-04-27,2026-04,noise
2026-04-27,1.0,45.0,45.0,統一超商新北市第一四三五,美式熱咖啡(大),飲食,1,VERY_LOW,0,2026-04-27,2026-04,u1_45
2026-04-27,1.0,55.0,49.0,路易莎職人咖啡新北圖館,深黑巧克脆皮泡芙(個),飲食,1,VERY_LOW,0,2026-04-27,2026-04,u1_43
2026-04-27,1.0,50.0,50.0,源湧商行,金萱雙q,飲食,1,LOW,0,2026-04-27,2026-04,u1_6
2026-04-28,1.0,45.0,45.0,詠觀國際,烤雞(熟),飲食,1,VERY_LOW,0,2026-04-28,2026-04,u1_16
2026-04-28,1.0,45.0,45.0,全家便利商店台大二活門市部,大冰美式,飲食,1,VERY_LOW,0,2026-04-28,2026-04,u1_19
2026-04-28,1.0,30.0,30.0,全家便利商店台大二活門市部,二配經典肉鬆飯糰,飲食,1,VERY_LOW,0,2026-04-28,2026-04,u1_34
2026-04-28,1.0,358.0,358.0,冠樺生活,熟食,飲食,1,MID,0,2026-04-28,2026-04,u1_12
2026-04-28,1.0,40.0,40.0,冠樺生活,熟食,飲食,1,VERY_LOW,0,2026-04-28,2026-04,u1_8
2026-04-28,1.0,89.0,89.0,統一超商新北市第一四三五,三起司燻腸完熟蕃茄義大利麵,飲食,1,LOW,0,2026-04-28,2026-04,u1_35
2026-04-28,1.0,30.0,30.0,遠創智慧,停車費,交通,1,VERY_LOW,1,2026-04-28,2026-04,u1_5
2026-04-28,2.0,25.0,50.0,統一超商新北市第一四三五,午后時光-重乳奶茶tp330,飲食,1,LOW,0,2026-04-28,2026-04,u1_47
2026-04-28,1.0,110.0,110.0,詠觀國際,清爽沙拉飯,飲食,1,LOW,0,2026-04-28,2026-04,u1_17
2026-04-29,1.0,35.0,35.0,正好停樹林車站停車場,parking fee,交通,1,VERY_LOW,1,2026-04-29,2026-04,u1_0
2026-04-29,1.0,30.0,30.0,全家便利商店台大二活門市部,一配經典肉鬆飯糰,飲食,1,VERY_LOW,0,2026-04-29,2026-04,u1_34
2026-04-29,1.0,45.0,45.0,全家便利商店台大二活門市部,大冰美式,飲食,1,VERY_LOW,0,2026-04-29,2026-04,u1_19
2026-04-29,1.0,25.0,25.0,全家便利商店台大二活門市部,重乳奶茶tp330,飲食,1,VERY_LOW,0,2026-04-29,2026-04,u1_47
2026-04-29,1.0,469.0,469.0,冠樺生活,熟食,飲食,1,MID,0,2026-04-29,2026-04,u1_12
2026-04-29,1.0,40.0,40.0,冠樺生活,熟食,飲食,1,VERY_LOW,0,2026-04-29,2026-04,u1_8
2026-04-30,1.0,60.0,60.0,統一聖娜多堡市站門市部,16oz(冰)特選美式咖啡,飲食,1,LOW,0,2026-04-30,2026-04,u1_43
2026-04-30,1.0,150.0,150.0,大姊麵店,小鍋粑粑絲,飲食,1,MID,0,2026-04-30,2026-04,u1_2
2026-04-30,1.0,125.0,125.0,百變全球餐飲,12fit - 特餐_七味蒜香雞胸(b),飲食,1,LOW,0,2026-04-30,2026-04,u1_60
2026-04-30,1.0,150.0,150.0,大姊麵店,小鍋米線-不肝,飲食,1,MID,0,2026-04-30,2026-04,u1_2
2026-04-30,1.0,90.0,90.0,大姊麵店,炒高麗菜,飲食,1,LOW,0,2026-04-30,2026-04,u1_2
2026-04-30,1.0,42.0,42.0,統一聖娜多堡市站門市部,金塊香蒜-小單位,飲食,1,VERY_LOW,0,2026-04-30,2026-04,u1_11
2026-04-30,1.0,50.0,50.0,大姊麵店,涼拌小黃瓜,飲食,1,LOW,0,2026-04-30,2026-04,u1_2
2026-04-30,1.0,40.0,40.0,冠樺生活,熟食,飲食,1,VERY_LOW,0,2026-04-30,2026-04,u1_8
2026-04-30,1.0,190.0,190.0,大姊麵店,椒麻雞(微辣)-不香菜,飲食,1,MID,0,2026-04-30,2026-04,u1_61
2026-05-01,1.0,100.0,100.0,長佳機電工程板橋國民運動中心營業所,桌球場,娛樂,1,LOW,3,2026-05-01,2026-05,u1_20
2026-05-01,1.0,30.0,30.0,遠創智慧,停車費,交通,1,VERY_LOW,1,2026-05-01,2026-05,u1_5
2026-05-01,1.0,100.0,100.0,長佳機電工程板橋國民運動中心營業所,桌球場,娛樂,1,LOW,3,2026-05-01,2026-05,u1_20
2026-05-02,1.0,45.0,45.0,御穎企業社,花枝丸x4,飲食,1,VERY_LOW,0,2026-05-02,2026-05,u1_8
2026-05-02,1.0,155.0,155.0,御穎企業社,精選3號餐,飲食,1,MID,0,2026-05-02,2026-05,u1_26
2026-05-02,1.0,105.0,105.0,御穎企業社,精選派對餐,飲食,1,LOW,0,2026-05-02,2026-05,u1_26
2026-05-02,1.0,329.0,329.0,御穎企業社,小分享餐,飲食,1,MID,0,2026-05-02,2026-05,u1_26
2026-05-02,1.0,50.0,50.0,源湧商行,金萱雙q,飲食,1,LOW,0,2026-05-02,2026-05,u1_6
2026-05-03,1.0,3099.0,3099.0,富邦媒體科技,clarins 克蘭詩黃金雙萃精華 75ml(國際航空版),購物,1,VERY_HIGH,2,2026-05-03,2026-05,u1_22
2026-05-03,1.0,100.0,100.0,臺北大眾捷運內湖線南港展覽館站,桌球場,娛樂,1,LOW,3,2026-05-03,2026-05,u1_13
2026-05-03,1.0,40.0,40.0,歐特儀市民廣場地下停車場,停車費,交通,1,VERY_LOW,1,2026-05-03,2026-05,u1_5
2026-05-03,2.0,90.0,180.0,貓啡因商行,紅茶,飲食,1,MID,0,2026-05-03,2026-05,u1_32
2026-05-03,1.0,130.0,130.0,貓啡因商行,奶茶,飲食,1,LOW,0,2026-05-03,2026-05,u1_14
2026-05-03,1.0,120.0,120.0,貓啡因商行,多多綠茶,飲食,1,LOW,0,2026-05-03,2026-05,u1_30
2026-05-04,1.0,580.0,580.0,冠樺生活,餐廳,飲食,1,HIGH,0,2026-05-04,2026-05,u1_26
2026-05-04,1.0,235.0,235.0,冠樺生活,輕食咖啡廳,飲食,1,MID,0,2026-05-04,2026-05,u1_10
2026-05-04,1.0,40.0,40.0,冠樺生活,熟食,飲食,1,VERY_LOW,0,2026-05-04,2026-05,u1_8
2026-05-04,1.0,45.0,45.0,統一超商台北市第一0二七,美式冰咖啡(大),飲食,1,VERY_LOW,0,2026-05-04,2026-05,u1_46
2026-05-04,1.0,28.0,28.0,統一超商台北市第一0二七,御選肉鬆飯糰,飲食,1,VERY_LOW,0,2026-05-04,2026-05,u1_35
2026-05-05,1.0,32.0,32.0,全家便利商店台大二活門市部,二配板巧克力夾心土司,飲食,1,VERY_LOW,0,2026-05-05,2026-05,u1_36
2026-05-05,1.0,50.0,50.0,星翔飲料店,大1四季春珍波椰,飲食,1,LOW,0,2026-05-05,2026-05,u1_28
2026-05-05,1.0,45.0,45.0,全家便利商店台大二活門市部,大冰美式,飲食,1,VERY_LOW,0,2026-05-05,2026-05,u1_19
2026-05-05,1.0,45.0,45.0,全家便利商店台大二活門市部,大冰美式,飲食,1,VERY_LOW,0,2026-05-05,2026-05,u1_19
2026-05-05,1.0,28.0,28.0,全家便利商店台大二活門市部,統一ph9鹼性離子水,飲食,1,VERY_LOW,0,2026-05-05,2026-05,u1_9
2026-05-05,1.0,358.0,358.0,冠樺生活,熟食,飲食,1,MID,0,2026-05-05,2026-05,u1_12
2026-05-06,1.0,28.0,28.0,全家便利商店台大二活門市部,統一ph9鹼性離子水,飲食,1,VERY_LOW,0,2026-05-06,2026-05,u1_9
2026-05-06,2.0,25.0,50.0,統一超商新北市第一四三五,午后時光-重乳奶茶tp330,飲食,1,LOW,0,2026-05-06,2026-05,u1_47
2026-05-06,1.0,45.0,45.0,詠觀國際,烤雞(熟),飲食,1,VERY_LOW,0,2026-05-06,2026-05,u1_16
2026-05-06,1.0,120.0,120.0,詠觀國際,清爽沙拉飯,飲食,1,LOW,0,2026-05-06,2026-05,u1_17
2026-05-06,1.0,35.0,35.0,正好停樹林車站停車場,parking fee,交通,1,VERY_LOW,1,2026-05-06,2026-05,u1_4
2026-05-06,1.0,45.0,45.0,全家便利商店台大二活門市部,大冰美式,飲食,1,VERY_LOW,0,2026-05-06,2026-05,u1_19
2026-05-07,1.0,125.0,125.0,百變全球餐飲,12fit - 特餐_七味蒜香雞胸(b),飲食,1,LOW,0,2026-05-07,2026-05,u1_60
2026-05-07,1.0,60.0,60.0,統一聖娜多堡市站門市部,16oz(冰)特選美式咖啡,飲食,1,LOW,0,2026-05-07,2026-05,u1_43
2026-05-07,1.0,35.0,35.0,正好停樹林車站停車場,parking fee,交通,1,VERY_LOW,1,2026-05-07,2026-05,u1_4
2026-05-07,1.0,186.0,186.0,潤泰旭展,餐飲與食品(f&b),飲食,1,MID,0,2026-05-07,2026-05,u1_27
2026-05-07,1.0,42.0,42.0,統一聖娜多堡市站門市部,金塊香蒜-小單位,飲食,1,VERY_LOW,0,2026-05-07,2026-05,u1_11
2026-05-07,1.0,491.0,491.0,冠樺生活,熟食,飲食,1,MID,0,2026-05-07,2026-05,u1_12
2026-05-08,1.0,85.0,85.0,安心食品服務南港展館,超級大麥海洋珍珠堡,飲食,1,LOW,0,2026-05-08,2026-05,u1_54
2026-05-08,1.0,95.0,95.0,安心食品服務南港展館,s腿塊方塊雙拼套餐,飲食,1,LOW,0,2026-05-08,2026-05,u1_57
2026-05-08,1.0,70.0,70.0,安心食品服務南港展館,摩斯鱈魚堡,飲食,1,LOW,0,2026-05-08,2026-05,noise
2026-05-08,1.0,40.0,40.0,安心食品服務南港展館,冰紅茶-大(新),飲食,1,VERY_LOW,0,2026-05-08,2026-05,u1_24
2026-05-08,1.0,50.0,50.0,安心食品服務南港展館,b夏威夷元氣沙拉50,飲食,1,LOW,0,2026-05-08,2026-05,u1_56
2026-05-08,1.0,60.0,60.0,安心食品服務南港展館,d摩斯雞塊套加60,飲食,1,LOW,0,2026-05-08,2026-05,u1_56
2026-05-08,1.0,40.0,40.0,安心食品服務南港展館,冰紅茶-大(新),飲食,1,VERY_LOW,0,2026-05-08,2026-05,u1_24
2026-05-08,1.0,45.0,45.0,全家便利商店台大二活門市部,大冰美式,飲食,1,VERY_LOW,0,2026-05-08,2026-05,u1_19
2026-05-08,1.0,28.0,28.0,全家便利商店台大二活門市部,統一ph9鹼性離子水,飲食,1,VERY_LOW,0,2026-05-08,2026-05,u1_9
2026-05-09,1.0,40.0,40.0,歐特儀市民廣場地下停車場,停車費,交通,1,VERY_LOW,1,2026-05-09,2026-05,u1_5
2026-05-09,1.0,50.0,50.0,源湧商行,金萱雙q,飲食,1,LOW,0,2026-05-09,2026-05,u1_6
2026-05-09,1.0,120.0,120.0,貓啡因商行,多多綠茶,飲食,1,LOW,0,2026-05-09,2026-05,u1_30
2026-05-09,2.0,160.0,320.0,貓啡因商行,原味波士頓,飲食,1,MID,0,2026-05-09,2026-05,u1_42
2026-05-09,1.0,90.0,90.0,貓啡因商行,紅茶,飲食,1,LOW,0,2026-05-09,2026-05,u1_32
2026-05-09,1.0,73.0,73.0,吾時食清燉紅燒牛肉麵,燙青菜,飲食,1,LOW,0,2026-05-09,2026-05,u1_52
2026-05-09,2.0,232.0,464.0,吾時食清燉紅燒牛肉麵,母傳原湯清燉牛肉,飲食,1,MID,0,2026-05-09,2026-05,u1_53
2026-05-10,1.0,50.0,50.0,頂尖運動行銷樹林營業所,體適能-全票,娛樂,1,LOW,3,2026-05-10,2026-05,u1_21
2026-05-10,2.0,25.0,50.0,統一超商新北市第一四三五,午后時光-重乳奶茶tp330,飲食,1,LOW,0,2026-05-10,2026-05,u1_47
2026-05-11,1.0,45.0,45.0,統一超商台北市第一0二七,美式冰咖啡(大),飲食,1,VERY_LOW,0,2026-05-11,2026-05,u1_46
2026-05-11,1.0,28.0,28.0,統一超商台北市第一0二七,御選肉鬆飯糰,飲食,1,VERY_LOW,0,2026-05-11,2026-05,u1_35
2026-05-11,1.0,30.0,30.0,統一超商台北市第一0二七,台灣香蕉重量分享包(2入),飲食,1,VERY_LOW,0,2026-05-11,2026-05,u1_37
2026-05-11,1.0,30.0,30.0,遠創智慧,停車費,交通,1,VERY_LOW,1,2026-05-11,2026-05,u1_5
2026-05-11,1.0,40.0,40.0,作燴餐飲科技,清心福全新松山 - 極品青茶(l),飲食,1,VERY_LOW,0,2026-05-11,2026-05,u1_51
2026-05-12,1.0,35.0,35.0,正好停樹林車站停車場,parking fee,交通,1,VERY_LOW,1,2026-05-12,2026-05,u1_4
2026-05-12,1.0,29.0,29.0,國立臺灣大學生物資源暨農學院附設農業試驗場,三明治冰淇淋,飲食,1,VERY_LOW,0,2026-05-12,2026-05,u1_25
2026-05-12,1.0,182.0,182.0,潤泰旭展,餐飲與食品(f&b),飲食,1,MID,0,2026-05-12,2026-05,u1_27
2026-05-12,1.0,72.0,72.0,和德昌台北公館,雙層牛肉堡,飲食,1,LOW,0,2026-05-12,2026-05,u1_59
2026-05-12,1.0,48.0,48.0,和德昌台北公館,四塊麥克雞塊,飲食,1,VERY_LOW,0,2026-05-12,2026-05,u1_58
2026-05-12,1.0,491.0,491.0,冠樺生活,熟食,飲食,1,MID,0,2026-05-12,2026-05,u1_12
2026-05-12,1.0,28.0,28.0,全家便利商店台大二活門市部,統一ph9鹼性離子水,飲食,1,VERY_LOW,0,2026-05-12,2026-05,u1_9
2026-05-12,1.0,35.0,35.0,全家便利商店台大二活門市部,中冰美式,飲食,1,VERY_LOW,0,2026-05-12,2026-05,u1_19
2026-05-12,1.0,45.0,45.0,全家便利商店台大二活門市部,大冰美式,飲食,1,VERY_LOW,0,2026-05-12,2026-05,u1_19
2026-05-13,1.0,560.0,560.0,冠樺生活,餐廳,飲食,1,HIGH,0,2026-05-13,2026-05,u1_26
2026-05-13,1.0,40.0,40.0,冠樺生活,熟食,飲食,1,VERY_LOW,0,2026-05-13,2026-05,u1_8
2026-05-13,1.0,10.0,10.0,陌生人商行,無糖 / 微冰 / 白玉珍珠,飲食,1,VERY_LOW,0,2026-05-13,2026-05,u1_23
2026-05-13,1.0,35.0,35.0,陌生人商行,芽香綠金萱(l),飲食,1,VERY_LOW,0,2026-05-13,2026-05,u1_3
2026-05-14,1.0,358.0,358.0,冠樺生活,熟食,飲食,1,MID,0,2026-05-14,2026-05,u1_12
2026-05-14,1.0,40.0,40.0,冠樺生活,熟食,飲食,1,VERY_LOW,0,2026-05-14,2026-05,u1_8
2026-05-14,1.0,30.0,30.0,遠創智慧,停車費,交通,1,VERY_LOW,1,2026-05-14,2026-05,u1_5
2026-05-14,1.0,42.0,42.0,統一聖娜多堡市站門市部,金塊香蒜-小單位,飲食,1,VERY_LOW,0,2026-05-14,2026-05,u1_11
2026-05-14,1.0,60.0,60.0,統一聖娜多堡市站門市部,16oz(冰)特選美式咖啡,飲食,1,LOW,0,2026-05-14,2026-05,u1_43
2026-05-14,1.0,40.0,40.0,作燴餐飲科技,發發通化 - 芽香綠金萱(l),飲食,1,VERY_LOW,0,2026-05-14,2026-05,u1_50
2026-05-15,1.0,50.0,50.0,星翔飲料店,大1四季春珍波椰,飲食,1,LOW,0,2026-05-15,2026-05,u1_28
2026-05-15,1.0,100.0,100.0,長佳機電工程大安運動中心暨和平籃球館營業所,桌球場,娛樂,1,LOW,3,2026-05-15,2026-05,u1_20
2026-05-16,1.0,90.0,90.0,貓啡因商行,紅茶,飲食,1,LOW,0,2026-05-16,2026-05,u1_32
2026-05-16,1.0,50.0,50.0,源湧商行,金萱雙q,飲食,1,LOW,0,2026-05-16,2026-05,u1_6
2026-05-16,1.0,301.0,301.0,吾時食清燉紅燒牛肉麵,母傳原湯清燉牛肉,飲食,1,MID,0,2026-05-16,2026-05,u1_53
2026-05-16,1.0,73.0,73.0,吾時食清燉紅燒牛肉麵,燙青菜,飲食,1,LOW,0,2026-05-16,2026-05,u1_52
2026-05-16,1.0,219.0,219.0,吾時食清燉紅燒牛肉麵,經典香韻紅燒牛肉,飲食,1,MID,0,2026-05-16,2026-05,u1_53
2026-05-16,1.0,40.0,40.0,歐特儀市民廣場地下停車場,停車費,交通,1,VERY_LOW,1,2026-05-16,2026-05,u1_5
2026-05-16,1.0,120.0,120.0,貓啡因商行,多多綠茶,飲食,1,LOW,0,2026-05-16,2026-05,u1_30
2026-05-16,1.0,160.0,160.0,貓啡因商行,原味波士頓,飲食,1,MID,0,2026-05-16,2026-05,u1_42
2026-05-16,1.0,160.0,160.0,貓啡因商行,法式乳酪,飲食,1,MID,0,2026-05-16,2026-05,u1_38
2026-05-18,2.0,45.0,90.0,統一超商台北市第一0二七,美式冰咖啡(大),飲食,1,LOW,0,2026-05-18,2026-05,u1_46
2026-05-18,1.0,30.0,30.0,統一超商台北市第一0二七,台灣香蕉重量分享包(2入),飲食,1,VERY_LOW,0,2026-05-18,2026-05,u1_37
2026-05-18,1.0,28.0,28.0,統一超商台北市第一0二七,御選肉鬆飯糰,飲食,1,VERY_LOW,0,2026-05-18,2026-05,u1_35
2026-05-18,2.0,50.0,100.0,麻古市政門市,金萱雙q,飲食,1,LOW,0,2026-05-18,2026-05,u1_6
2026-05-18,1.0,35.0,35.0,正好停樹林車站停車場,parking fee,交通,1,VERY_LOW,1,2026-05-18,2026-05,u1_1
2026-05-18,1.0,120.0,120.0,百變全球餐飲,日香雞肉飯 - 私房辣椒雞腿飯(b),飲食,1,LOW,0,2026-05-18,2026-05,u1_61
2026-05-19,1.0,35.0,35.0,陌生人商行,芽香綠金萱(l),飲食,1,VERY_LOW,0,2026-05-19,2026-05,u1_3
2026-05-19,1.0,35.0,35.0,正好停樹林車站停車場,parking fee,交通,1,VERY_LOW,1,2026-05-19,2026-05,u1_1
2026-05-19,1.0,10.0,10.0,陌生人商行,白玉珍珠 / 無糖 / 微冰,飲食,1,VERY_LOW,0,2026-05-19,2026-05,u1_23
2026-05-19,1.0,45.0,45.0,詠觀國際,烤雞(熟),飲食,1,VERY_LOW,0,2026-05-19,2026-05,u1_16
2026-05-19,1.0,120.0,120.0,詠觀國際,清爽沙拉飯,飲食,1,LOW,0,2026-05-19,2026-05,u1_17
2026-05-19,1.0,100.0,100.0,長佳機電工程大安運動中心暨和平籃球館營業所,桌球場,娛樂,1,LOW,3,2026-05-19,2026-05,u1_20
2026-05-19,1.0,25.0,25.0,全家便利商店台大二活門市部,重乳奶茶tp330,飲食,1,VERY_LOW,0,2026-05-19,2026-05,u1_47
2026-05-19,1.0,40.0,40.0,冠樺生活,熟食,飲食,1,VERY_LOW,0,2026-05-19,2026-05,u1_8
2026-05-20,1.0,40.0,40.0,冠樺生活,熟食,飲食,1,VERY_LOW,0,2026-05-20,2026-05,u1_8
2026-05-20,1.0,35.0,35.0,陌生人商行,芽香綠金萱(l),飲食,1,VERY_LOW,0,2026-05-20,2026-05,u1_3
2026-05-20,1.0,35.0,35.0,正好停樹林車站停車場,parking fee,交通,1,VERY_LOW,1,2026-05-20,2026-05,u1_4
2026-05-20,2.0,35.0,70.0,統一超商新北市第一四三五,(a)統一h2o純水pet2200,飲食,1,LOW,0,2026-05-20,2026-05,u1_9
2026-05-21,1.0,40.0,40.0,遠百企業板橋南雅,856576可口奶滋鐵觀音口味隨手分享包10,飲食,1,VERY_LOW,0,2026-05-21,2026-05,u1_47
2026-05-21,1.0,108.0,108.0,遠百企業板橋南雅,291689麥當勞速食餐,飲食,1,LOW,0,2026-05-21,2026-05,noise
2026-05-21,1.0,65.0,65.0,會錳飲料店,飲料,飲食,1,LOW,0,2026-05-21,2026-05,u1_28
2026-05-21,1.0,39.0,39.0,遠百企業板橋南雅,856574可口奶滋原味隨手分享包100g,飲食,1,VERY_LOW,0,2026-05-21,2026-05,u1_47
2026-05-22,1.0,120.0,120.0,詠觀國際,清爽沙拉飯,飲食,1,LOW,0,2026-05-22,2026-05,u1_17
2026-05-22,1.0,45.0,45.0,詠觀國際,烤雞(熟),飲食,1,VERY_LOW,0,2026-05-22,2026-05,u1_16
2026-05-22,1.0,63.0,63.0,安心食品服務長興門市部,摩斯鱈魚堡,飲食,1,LOW,0,2026-05-22,2026-05,noise
2026-05-22,1.0,54.0,54.0,安心食品服務長興門市部,d摩斯雞塊套加60,飲食,1,LOW,0,2026-05-22,2026-05,u1_56
2026-05-22,1.0,49.0,49.0,安心食品服務長興門市部,玉米濃湯,飲食,1,VERY_LOW,0,2026-05-22,2026-05,u1_24
2026-05-22,1.0,37.0,37.0,安心食品服務長興門市部,冰紅茶-大(新),飲食,1,VERY_LOW,0,2026-05-22,2026-05,u1_24
2026-05-22,1.0,85.0,85.0,安心食品服務長興門市部,s腿塊方塊雙拼套餐,飲食,1,LOW,0,2026-05-22,2026-05,u1_57
2026-05-22,1.0,69.0,69.0,全家便利商店台大二活門市部,招牌韓式嫩雞胸,飲食,1,LOW,0,2026-05-22,2026-05,u1_34
2026-05-22,1.0,72.0,72.0,安心食品服務長興門市部,海洋珍珠堡,飲食,1,LOW,0,2026-05-22,2026-05,u1_54
2026-05-22,1.0,45.0,45.0,全家便利商店台大二活門市部,大冰美式,飲食,1,VERY_LOW,0,2026-05-22,2026-05,u1_19
2026-05-23,1.0,30.0,30.0,遠創智慧,停車費,交通,1,VERY_LOW,1,2026-05-23,2026-05,u1_5
2026-05-23,1.0,301.0,301.0,吾時食清燉紅燒牛肉麵,母傳原湯清燉牛肉,飲食,1,MID,0,2026-05-23,2026-05,u1_53
2026-05-23,1.0,234.0,234.0,吾時食清燉紅燒牛肉麵,經典香韻紅燒牛肉,飲食,1,MID,0,2026-05-23,2026-05,u1_53
2026-05-23,1.0,73.0,73.0,吾時食清燉紅燒牛肉麵,燙青菜,飲食,1,LOW,0,2026-05-23,2026-05,u1_52
2026-05-23,1.0,50.0,50.0,源湧商行,金萱雙q,飲食,1,LOW,0,2026-05-23,2026-05,u1_6
2026-05-23,1.0,129.0,129.0,富利餐飲台北士林,原味脆雞堡餐129,飲食,1,LOW,0,2026-05-23,2026-05,u1_57
2026-05-23,1.0,213.0,213.0,富利餐飲台北士林,烤堡xl全明星餐,飲食,1,MID,0,2026-05-23,2026-05,u1_57
2026-05-23,1.0,1.0,1.0,富利餐飲台北士林,1原蛋,飲食,1,VERY_LOW,0,2026-05-23,2026-05,u1_57
2026-05-24,1.0,60.0,60.0,路易莎職人咖啡新北圖館,a 美式黑咖啡-中冰,飲食,1,LOW,0,2026-05-24,2026-05,u1_44
2026-05-24,1.0,100.0,100.0,臺北大眾捷運內湖線南港展覽館站,桌球場,娛樂,1,LOW,3,2026-05-24,2026-05,u1_13
2026-05-24,1.0,20.0,20.0,歐特儀新北市立圖書館地下停車場,停車費,交通,1,VERY_LOW,1,2026-05-24,2026-05,u1_5
2026-05-24,1.0,50.0,50.0,源湧商行,金萱雙q,飲食,1,LOW,0,2026-05-24,2026-05,u1_6
2026-05-25,1.0,184.0,184.0,遠百企業板橋南雅,864898丸龜製麵,飲食,1,MID,0,2026-05-25,2026-05,noise
2026-05-25,2.0,25.0,50.0,統一超商新北市第一四三五,午后時光-重乳奶茶tp330,飲食,1,LOW,0,2026-05-25,2026-05,u1_47
2026-05-25,1.0,70.0,70.0,路易莎職人咖啡新北圖館,麥香三明治-香燻雞肉,飲食,1,LOW,0,2026-05-25,2026-05,u1_43
2026-05-25,1.0,60.0,60.0,路易莎職人咖啡新北圖館,a 美式黑咖啡-中冰,飲食,1,LOW,0,2026-05-25,2026-05,u1_44
2026-05-25,1.0,50.0,50.0,路易莎職人咖啡捷運市府,四 四季翠玉青茶-大冰,飲食,1,LOW,0,2026-05-25,2026-05,u1_44
2026-05-26,1.0,45.0,45.0,詠觀國際,烤雞(熟),飲食,1,VERY_LOW,0,2026-05-26,2026-05,u1_16
2026-05-26,1.0,45.0,45.0,全家便利商店台大二活門市部,大冰美式,飲食,1,VERY_LOW,0,2026-05-26,2026-05,u1_19
2026-05-26,1.0,35.0,35.0,正好停樹林車站停車場,parking fee,交通,1,VERY_LOW,1,2026-05-26,2026-05,u1_0
2026-05-26,9.0,3.0,27.0,統一超商新北市第一四三五,a4黑白列印ibon,教育,1,VERY_LOW,4,2026-05-26,2026-05,u1_27
2026-05-26,1.0,120.0,120.0,詠觀國際,清爽沙拉飯,飲食,1,LOW,0,2026-05-26,2026-05,u1_17
2026-05-26,33.0,3.0,99.0,統一超商新北市第一四三五,a4黑白列印ibon,教育,1,LOW,4,2026-05-26,2026-05,u1_27
2025-10-08,1.0,25.0,25.0,全聯實業永和成功,黑松沙士加鹽,飲食,2,VERY_LOW,0,2025-10-08,2025-10,u2_1
2025-10-08,1.0,149.0,149.0,全聯實業永和成功,高露潔密泡牙刷,醫療健康,2,LOW,5,2025-10-08,2025-10,u2_2
2025-10-08,1.0,299.0,299.0,全聯實業永和成功,奇異果蓬鬆洗髮,購物,2,MID,2,2025-10-08,2025-10,u2_5
2025-10-08,1.0,30.0,30.0,全聯實業永和成功,智利富士88,飲食,2,VERY_LOW,0,2025-10-08,2025-10,u2_1
2025-10-08,1.0,49.0,49.0,全聯實業永和成功,蕉滴滴,飲食,2,VERY_LOW,0,2025-10-08,2025-10,noise
2025-10-09,1.0,28.0,28.0,全聯實業永和成功,享活有機黑木耳,飲食,2,VERY_LOW,0,2025-10-09,2025-10,u2_1
2025-10-09,1.0,31.0,31.0,全聯實業永和成功,泰山紅豆湯,飲食,2,VERY_LOW,0,2025-10-09,2025-10,u2_1
2025-10-09,1.0,45.0,45.0,全聯實業永和成功,日本土歧蘋果46,飲食,2,VERY_LOW,0,2025-10-09,2025-10,u2_1
2025-10-10,1.0,35.0,35.0,統一超商新北市第九三三,(a)統一h2o純水pet2200,飲食,2,VERY_LOW,0,2025-10-10,2025-10,u2_7
2025-10-10,1.0,35.0,35.0,統一超商新北市第九三三,多喝水pet2000,飲食,2,VERY_LOW,0,2025-10-10,2025-10,u2_7
2025-10-10,1.0,10.0,10.0,笑笑笑國際台北公館,永丰宜定頁25k筆記本,教育,2,VERY_LOW,4,2025-10-10,2025-10,u2_0
2025-10-10,1.0,44.0,44.0,笑笑笑國際台北公館,加新入袋a4單線簿白,教育,2,VERY_LOW,4,2025-10-10,2025-10,u2_0
2025-10-11,1.0,30.0,30.0,全聯實業永和成功,隨緣紅燒嫩菇麵,飲食,2,VERY_LOW,0,2025-10-11,2025-10,u2_1
2025-10-11,1.0,30.0,30.0,全聯實業永和成功,隨緣沙茶豆腐麵,飲食,2,VERY_LOW,0,2025-10-11,2025-10,u2_1
2025-10-11,1.0,45.0,45.0,全聯實業永和成功,多喝水鹼性竹炭,飲食,2,VERY_LOW,0,2025-10-11,2025-10,u2_3
2025-10-11,5.0,20.0,100.0,全聯實業永和成功,陽光金圓頭52,購物,2,LOW,2,2025-10-11,2025-10,u2_5
2025-10-12,1.0,38.0,38.0,全聯實業永和成功,澳洲茂谷柑80,飲食,2,VERY_LOW,0,2025-10-12,2025-10,u2_1
2025-10-12,1.0,30.0,30.0,全聯實業永和成功,智利富士88,飲食,2,VERY_LOW,0,2025-10-12,2025-10,u2_1
2025-10-12,1.0,55.0,55.0,全聯實業永和成功,蕉滴滴,飲食,2,LOW,0,2025-10-12,2025-10,noise
2025-10-15,1.0,1.0,1.0,飛捷廣告印刷公館,影印費,教育,2,VERY_LOW,4,2025-10-15,2025-10,noise
2025-10-15,1.0,1.0,1.0,飛捷廣告印刷公館,影印費,教育,2,VERY_LOW,4,2025-10-15,2025-10,noise
2025-10-15,1.0,1.0,1.0,飛捷廣告印刷公館,影印費,教育,2,VERY_LOW,4,2025-10-15,2025-10,noise
2025-10-15,1.0,102.0,102.0,飛捷廣告印刷公館,影印費,教育,2,LOW,4,2025-10-15,2025-10,noise
2025-10-15,1.0,49.0,49.0,笑笑笑國際台北公館,珠友a4手提單層網紗袋,教育,2,VERY_LOW,4,2025-10-15,2025-10,u2_0
2025-10-15,1.0,32.0,32.0,笑笑笑國際台北公館,plus 48-112修正帶,教育,2,VERY_LOW,4,2025-10-15,2025-10,u2_0
2025-10-15,1.0,36.0,36.0,笑笑笑國際台北公館,百樂g2 07鋼珠筆藍,教育,2,VERY_LOW,4,2025-10-15,2025-10,u2_0
2025-10-15,1.0,39.0,39.0,全聯實業永和成功,寶山黑糖麻糬手,飲食,2,VERY_LOW,0,2025-10-15,2025-10,u2_1
2025-10-15,1.0,1.0,1.0,飛捷廣告印刷公館,影印費,教育,2,VERY_LOW,4,2025-10-15,2025-10,noise
2025-10-16,1.0,19.0,19.0,全聯實業永和成功,美粒果蜜桃蘇打,飲食,2,VERY_LOW,0,2025-10-16,2025-10,u2_1
2025-10-17,1.0,39.0,39.0,三商家購永和秀朗二,心樸元氣純水6200ml,飲食,2,VERY_LOW,0,2025-10-17,2025-10,u2_7
2025-10-17,1.0,1338.0,1338.0,遠東百貨板橋,餐飲,飲食,2,HIGH,0,2025-10-17,2025-10,u2_1
2025-10-17,1.0,115.0,115.0,聖必嘉健康餐館,健康蔬活菜飯(餐盒),飲食,2,LOW,0,2025-10-17,2025-10,u2_1
2025-10-18,1.0,79.0,79.0,全聯實業永和成功,優生酒精濕巾,購物,2,LOW,2,2025-10-18,2025-10,u2_5
2025-10-18,1.0,69.0,69.0,全聯實業永和成功,質立藍莓冰淇淋,飲食,2,LOW,0,2025-10-18,2025-10,u2_1
2025-10-18,1.0,50.0,50.0,全聯實業永和成功,多喝水鹼性竹炭,飲食,2,LOW,0,2025-10-18,2025-10,u2_3
2025-10-18,1.0,140.0,140.0,台灣屈臣氏個人用品商店得和,r麻-斯斯鼻炎膠囊 10粒,醫療健康,2,LOW,5,2025-10-18,2025-10,u2_2
2025-10-18,1.0,49.0,49.0,台灣屈臣氏個人用品商店得和,屈臣氏袖珍面紙10抽28入柴犬工房,購物,2,VERY_LOW,2,2025-10-18,2025-10,u2_5
2025-10-18,1.0,69.0,69.0,台灣屈臣氏個人用品商店得和,屈臣氏柔淨洗臉巾70片抽取式,購物,2,LOW,2,2025-10-18,2025-10,u2_5
2025-10-18,1.0,79.0,79.0,台灣屈臣氏個人用品商店得和,曼秀雷敦涼舒薄荷精油棒10g,醫療健康,2,LOW,5,2025-10-18,2025-10,u2_2
2025-10-18,1.0,125.0,125.0,台灣屈臣氏個人用品商店得和,曼秀雷敦涼舒薄荷滾珠精油棒72ml,醫療健康,2,LOW,5,2025-10-18,2025-10,u2_2
2025-10-19,1.0,78.0,78.0,京站實業,食品,飲食,2,LOW,0,2025-10-19,2025-10,u2_1
2025-10-19,1.0,129.0,129.0,京站實業,食品,飲食,2,LOW,0,2025-10-19,2025-10,u2_1
2025-10-19,1.0,123.0,123.0,全聯實業永和成功,倍潔雅柔軟抽衛,購物,2,LOW,2,2025-10-19,2025-10,u2_5
2025-10-19,1.0,48.0,48.0,全聯實業永和成功,味丹多喝水,飲食,2,VERY_LOW,0,2025-10-19,2025-10,u2_7
2025-10-19,1.0,27.0,27.0,三商家購永和四維,統一麥香阿薩姆奶茶600ml,飲食,2,VERY_LOW,0,2025-10-19,2025-10,u2_1
2025-10-19,1.0,39.0,39.0,全聯實業永和成功,威猛潔廁凝膠,購物,2,VERY_LOW,2,2025-10-19,2025-10,u2_5
2025-10-20,1.0,29.0,29.0,全聯實業永和成功,隨緣紅燒嫩菇麵,飲食,2,VERY_LOW,0,2025-10-20,2025-10,u2_1
2025-10-20,2.0,15.0,30.0,全聯實業永和成功,美國加拉125,購物,2,VERY_LOW,2,2025-10-20,2025-10,u2_5
2025-10-20,1.0,39.0,39.0,全聯實業永和成功,起司qq球,飲食,2,VERY_LOW,0,2025-10-20,2025-10,u2_1
2025-10-20,1.0,39.0,39.0,全聯實業永和成功,丹麥奶酥菠蘿,飲食,2,VERY_LOW,0,2025-10-20,2025-10,u2_1
2025-10-21,1.0,49.0,49.0,全聯實業永和成功,蕉滴滴,飲食,2,VERY_LOW,0,2025-10-21,2025-10,noise
2025-10-22,1.0,236.0,236.0,大馬勝光,sf04 炒粿條-小辣,飲食,2,MID,0,2025-10-22,2025-10,u2_1
2025-10-22,1.0,64.0,64.0,大馬勝光,d06 怡保白咖啡 - 冰,飲食,2,LOW,0,2025-10-22,2025-10,u2_1
2025-10-22,1.0,236.0,236.0,大馬勝光,vg01 椰漿飯配雜菜咖哩,飲食,2,MID,0,2025-10-22,2025-10,u2_1
2025-10-22,1.0,52.0,52.0,傑洛國際台大店,起司蛋堡,飲食,2,LOW,0,2025-10-22,2025-10,u2_1
2025-10-22,1.0,64.0,64.0,大馬勝光,d08 豆漿仙草,飲食,2,LOW,0,2025-10-22,2025-10,u2_1
2025-10-22,1.0,20.0,20.0,全聯實業永和成功,多喝水鹼性竹炭,飲食,2,VERY_LOW,0,2025-10-22,2025-10,u2_3
2025-10-22,1.0,65.0,65.0,美德耐台大卓越商場,(學)極饗-真飽香辣麻醬涼麵,飲食,2,LOW,0,2025-10-22,2025-10,u2_1
2025-10-22,1.0,42.0,42.0,美德耐台大卓越商場,(吊)玫瑰鹽水煮蛋,飲食,2,VERY_LOW,0,2025-10-22,2025-10,u2_1
2025-10-23,1.0,178.0,178.0,京站實業,食品,飲食,2,MID,0,2025-10-23,2025-10,u2_1
2025-10-24,1.0,49.0,49.0,全家便利商店台中市第五五二,真松露巧克力奶蓋雪糕,飲食,2,VERY_LOW,0,2025-10-24,2025-10,u2_1
2025-10-24,1.0,40.0,40.0,全家便利商店台中市第五五二,niseko海鹽焦糖雪糕,飲食,2,VERY_LOW,0,2025-10-24,2025-10,u2_1
2025-10-24,1.0,49.0,49.0,全家便利商店台中市第五五二,反烤焦糖布丁蛋糕,飲食,2,VERY_LOW,0,2025-10-24,2025-10,u2_1
2025-10-24,1.0,36.0,36.0,全家便利商店台中市第五五二,愛之味寒天檸檬,飲食,2,VERY_LOW,0,2025-10-24,2025-10,u2_1
2025-10-24,1.0,35.0,35.0,全家便利商店台中市第五九,二配芝麻香鬆飯糰,飲食,2,VERY_LOW,0,2025-10-24,2025-10,u2_1
2025-10-26,1.0,22.0,22.0,全聯實業永和成功,fin補給飲料,飲食,2,VERY_LOW,0,2025-10-26,2025-10,u2_7
2025-10-26,1.0,138.0,138.0,京站實業,食品,飲食,2,LOW,0,2025-10-26,2025-10,u2_1
2025-10-26,1.0,48.0,48.0,全聯實業永和成功,味丹多喝水,飲食,2,VERY_LOW,0,2025-10-26,2025-10,u2_7
2025-10-28,1.0,50.0,50.0,全聯實業永和成功,多喝水鹼性竹炭,飲食,2,LOW,0,2025-10-28,2025-10,u2_3
2025-10-28,1.0,77.0,77.0,全聯實業永和成功,炸醬麵-素食,飲食,2,LOW,0,2025-10-28,2025-10,u2_1
2025-10-28,1.0,79.0,79.0,全聯實業永和成功,果繆繆草莓,飲食,2,LOW,0,2025-10-28,2025-10,u2_1
2025-10-29,1.0,88.0,88.0,樂富食堂,冰火菠蘿油,飲食,2,LOW,0,2025-10-29,2025-10,u2_1
2025-10-29,1.0,52.0,52.0,傑洛國際台大店,起司蛋堡,飲食,2,LOW,0,2025-10-29,2025-10,u2_1
2025-10-29,1.0,168.0,168.0,樂富食堂,素羅漢齋炒一丁,飲食,2,MID,0,2025-10-29,2025-10,u2_1
2025-10-30,1.0,100.0,100.0,聖必嘉健康餐館,健康蔬活菜飯(餐盒),飲食,2,LOW,0,2025-10-30,2025-10,u2_1
2025-10-31,1.0,21.0,21.0,全聯實業永和成功,統一鹼性離子水,飲食,2,VERY_LOW,0,2025-10-31,2025-10,u2_6
2025-10-31,1.0,50.0,50.0,全聯實業永和成功,多喝水鹼性竹炭,飲食,2,LOW,0,2025-10-31,2025-10,u2_3
2025-11-01,1.0,139.0,139.0,全聯實業永和成功,乳酪火山布蕾,飲食,2,LOW,0,2025-11-01,2025-11,u2_1
2025-11-01,1.0,28.0,28.0,全聯實業永和成功,福樂莓果優果昔,飲食,2,VERY_LOW,0,2025-11-01,2025-11,u2_1
2025-11-01,1.0,119.0,119.0,全聯實業永和成功,好來花香牙膏,購物,2,LOW,2,2025-11-01,2025-11,u2_5
2025-11-05,1.0,48.0,48.0,全聯實業永和成功,味丹多喝水,飲食,2,VERY_LOW,0,2025-11-05,2025-11,u2_7
2025-11-05,1.0,360.0,360.0,鐵邦國際事業炎弟公館,餐飲費,飲食,2,MID,0,2025-11-05,2025-11,u2_1
2025-11-06,1.0,599.0,599.0,燦坤實業新景美,intopic displayport 14版 8k影音線-3m 型號cb-dp-l05,購物,2,HIGH,2,2025-11-06,2025-11,u2_5
2025-11-06,1.0,21.0,21.0,全聯實業永和成功,統一鹼性離子水,飲食,2,VERY_LOW,0,2025-11-06,2025-11,u2_6
2025-11-07,1.0,115.0,115.0,聖必嘉健康餐館,健康蔬活菜飯(餐盒),飲食,2,LOW,0,2025-11-07,2025-11,u2_1
2025-11-08,1.0,32.0,32.0,全聯實業永和成功,喬亞滴濾拿鐵,飲食,2,VERY_LOW,0,2025-11-08,2025-11,u2_1
2025-11-08,1.0,50.0,50.0,全聯實業永和成功,多喝水鹼性竹炭,飲食,2,LOW,0,2025-11-08,2025-11,u2_3
2025-11-08,2.0,36.0,72.0,全聯實業永和成功,什麼丸意兒梅子,飲食,2,LOW,0,2025-11-08,2025-11,u2_1
2025-11-08,1.0,36.0,36.0,全聯實業永和成功,kirin 午後奶茶,飲食,2,VERY_LOW,0,2025-11-08,2025-11,u2_1
2025-11-09,1.0,50.0,50.0,全聯實業永和成功,多喝水鹼性竹炭,飲食,2,LOW,0,2025-11-09,2025-11,u2_3
2025-11-09,1.0,20.0,20.0,全家便利商店西站,悅氏light鹼性水,飲食,2,VERY_LOW,0,2025-11-09,2025-11,u2_7
2025-11-09,1.0,39.0,39.0,全聯實業永和成功,寶山黑糖麻糬手,飲食,2,VERY_LOW,0,2025-11-09,2025-11,u2_1
2025-11-10,1.0,29.0,29.0,全聯實業永和成功,優意思蜜桃優格,飲食,2,VERY_LOW,0,2025-11-10,2025-11,u2_1
2025-11-10,1.0,110.0,110.0,詠觀國際,清爽沙拉飯,飲食,2,LOW,0,2025-11-10,2025-11,u2_1
2025-11-10,1.0,45.0,45.0,詠觀國際,馬鈴薯沙拉(熟),飲食,2,VERY_LOW,0,2025-11-10,2025-11,u2_1
2025-11-12,1.0,55.0,55.0,全聯實業永和成功,蕉滴滴,飲食,2,LOW,0,2025-11-12,2025-11,noise
2025-11-12,1.0,50.0,50.0,全聯實業永和成功,多喝水鹼性竹炭,飲食,2,LOW,0,2025-11-12,2025-11,u2_3
2025-11-14,1.0,47.0,47.0,全聯實業永和成功,抹茶本味,飲食,2,VERY_LOW,0,2025-11-14,2025-11,u2_1
2025-11-14,1.0,50.0,50.0,全聯實業永和成功,多喝水鹼性竹炭,飲食,2,LOW,0,2025-11-14,2025-11,u2_3
2025-11-14,1.0,169.0,169.0,全聯實業永和成功,無患子沐浴檸檬,購物,2,MID,2,2025-11-14,2025-11,u2_5
2025-11-15,1.0,29.0,29.0,全聯實業永和成功,隨緣沙茶豆腐麵,飲食,2,VERY_LOW,0,2025-11-15,2025-11,u2_1
2025-11-17,1.0,48.0,48.0,全聯實業永和成功,味丹多喝水,飲食,2,VERY_LOW,0,2025-11-17,2025-11,u2_7
2025-11-18,1.0,99.0,99.0,統一超商新北市第九五七,(蔬)祥和川味水煮牛若燴飯,飲食,2,LOW,0,2025-11-18,2025-11,u2_1
2025-11-20,2.0,49.5,99.0,台灣屈臣氏個人用品商店學士,darlie好來專業牙齦護理牙刷,醫療健康,2,LOW,5,2025-11-20,2025-11,u2_2
2025-11-20,1.0,49.0,49.0,全家便利商店台中市第五九,杯裝起司蛋糕霜淇淋,飲食,2,VERY_LOW,0,2025-11-20,2025-11,u2_1
2025-11-21,1.0,105.0,105.0,享諨學士,便當,飲食,2,LOW,0,2025-11-21,2025-11,u2_1
2025-11-22,1.0,1490.0,1490.0,荷蘭商愛特思台灣波絲卡中友店,褲子,購物,2,HIGH,2,2025-11-22,2025-11,u2_4
2025-11-22,1.0,29.0,29.0,全家便利商店台中市第六五二,fmc鹼性離子水800ml,飲食,2,VERY_LOW,0,2025-11-22,2025-11,u2_7
2025-11-23,1.0,85.0,85.0,三角龍商行,青檸甘蔗蕎麥綠寶,飲食,2,LOW,0,2025-11-23,2025-11,u2_1
2025-11-24,1.0,50.0,50.0,全聯實業永和成功,多喝水鹼性竹炭,飲食,2,LOW,0,2025-11-24,2025-11,u2_3
2025-11-24,1.0,119.0,119.0,全聯實業永和成功,好來小蘇打牙刷,醫療健康,2,LOW,5,2025-11-24,2025-11,u2_2
2025-11-24,1.0,370.0,370.0,泡泡瑪特台灣西門町店,玩具公仔,娛樂,2,MID,3,2025-11-24,2025-11,u2_2
2025-11-24,1.0,52.0,52.0,傑洛國際台大店,起司蛋堡,飲食,2,LOW,0,2025-11-24,2025-11,u2_1
2025-11-26,1.0,29.0,29.0,統一超商台北市第350,黑松fin好菌補給飲pet580,飲食,2,VERY_LOW,0,2025-11-26,2025-11,u2_1
2025-11-26,1.0,680.0,680.0,鐵邦國際事業炎弟公館,餐飲費,飲食,2,HIGH,0,2025-11-26,2025-11,u2_1
2025-11-26,1.0,15.0,15.0,統一超商台北市第350,舒潔袖珍面紙10抽3入,購物,2,VERY_LOW,2,2025-11-26,2025-11,u2_5
2025-11-26,1.0,28.0,28.0,全聯實業永和成功,雙響泡日式雞白,飲食,2,VERY_LOW,0,2025-11-26,2025-11,u2_1
2025-11-26,2.0,15.0,30.0,全聯實業永和成功,美國加拉125,購物,2,VERY_LOW,2,2025-11-26,2025-11,u2_5
2025-11-26,1.0,30.0,30.0,全聯實業永和成功,味味a 川香椒麻,飲食,2,VERY_LOW,0,2025-11-26,2025-11,u2_1
2025-11-26,1.0,39.0,39.0,全聯實業永和成功,三重起司麵包,飲食,2,VERY_LOW,0,2025-11-26,2025-11,u2_1
2025-11-26,4.0,15.0,60.0,全聯實業永和成功,紐綠果104,購物,2,LOW,2,2025-11-26,2025-11,u2_5
2025-11-28,1.0,52.0,52.0,微風場站開發,餐飲-麥當勞,飲食,2,LOW,0,2025-11-28,2025-11,u2_1
2025-11-28,6.0,55.0,330.0,微風場站開發,阿聰師芋單,飲食,2,MID,0,2025-11-28,2025-11,u2_1
2025-11-28,1.0,400.0,400.0,微風場站開發,食品,飲食,2,MID,0,2025-11-28,2025-11,u2_1
2025-11-28,1.0,56.0,56.0,笑笑笑國際台北公館,萬事捷uchida粗字油漆筆300-s/白,教育,2,LOW,4,2025-11-28,2025-11,u2_0
2025-11-28,1.0,56.0,56.0,笑笑笑國際台北公館,萬事捷uchida粗字油漆筆300-s/黑,教育,2,LOW,4,2025-11-28,2025-11,u2_0
2025-11-28,2.0,35.0,70.0,全家便利商店台北市第三三三門市部,黑松沙士,飲食,2,LOW,0,2025-11-28,2025-11,u2_1
2025-11-28,2.0,35.0,70.0,全家便利商店台北市第三三三門市部,波的多濃厚蚵仔煎洋芋片,飲食,2,LOW,0,2025-11-28,2025-11,u2_1
2025-11-28,1.0,30.0,30.0,全家便利商店台北市第三三三門市部,乖乖奶油椰子,飲食,2,VERY_LOW,0,2025-11-28,2025-11,u2_1
2025-11-28,1.0,35.0,35.0,全家便利商店台北市第三三三門市部,真魷味紅燒口味82g,飲食,2,VERY_LOW,0,2025-11-28,2025-11,u2_1
2025-11-28,2.0,20.0,40.0,全家便利商店台北市第三三三門市部,統一大雞蛋布丁,飲食,2,VERY_LOW,0,2025-11-28,2025-11,u2_1
2025-11-29,1.0,8.0,8.0,笑笑笑國際台北公館,雄獅681油性簽字筆/黑,教育,2,VERY_LOW,4,2025-11-29,2025-11,u2_0
2025-11-29,1.0,10.0,10.0,笑笑笑國際台北公館,飛龍ns75油性筆黑,教育,2,VERY_LOW,4,2025-11-29,2025-11,u2_0
2025-11-29,1.0,36.0,36.0,笑笑笑國際台北公館,飛龍nlf50油性筆黑,教育,2,VERY_LOW,4,2025-11-29,2025-11,u2_0
2025-11-29,10.0,15.0,150.0,全家便利商店公館,健達倍多,飲食,2,MID,0,2025-11-29,2025-11,u2_1
2025-11-29,1.0,23.0,23.0,全聯實業永和成功,福樂草莓優酪乳,飲食,2,VERY_LOW,0,2025-11-29,2025-11,u2_1
2025-11-29,1.0,50.0,50.0,全聯實業永和成功,多喝水鹼性竹炭,飲食,2,LOW,0,2025-11-29,2025-11,u2_3
2025-11-29,1.0,16.0,16.0,笑笑笑國際台北公館,英士no50速乾筆黑,教育,2,VERY_LOW,4,2025-11-29,2025-11,u2_0
2025-11-30,1.0,370.0,370.0,三創數位,pop mart-動漫生活-玩具公仔,娛樂,2,MID,3,2025-11-30,2025-11,u2_2
2025-11-30,1.0,594.0,594.0,微風場站開發,餐飲,飲食,2,HIGH,0,2025-11-30,2025-11,u2_1
2025-11-30,1.0,39.0,39.0,全家便利商店台北市第五二七,酒精擦濕巾,購物,2,VERY_LOW,2,2025-11-30,2025-11,u2_5
2025-11-30,1.0,39.0,39.0,全家便利商店台北市第五二七,酒精擦濕巾,購物,2,VERY_LOW,2,2025-11-30,2025-11,u2_5
2025-11-30,1.0,29.0,29.0,全家便利商店台大二活門市部,fmc鹼性離子水800ml,飲食,2,VERY_LOW,0,2025-11-30,2025-11,u2_7
2025-12-02,1.0,66.0,66.0,和德昌永和得和,薯條-大,飲食,2,LOW,0,2025-12-02,2025-12,u2_1
2025-12-02,1.0,139.0,139.0,和德昌永和得和,藜麥烤雞沙拉,飲食,2,LOW,0,2025-12-02,2025-12,u2_1
2025-12-02,1.0,52.0,52.0,和德昌永和得和,麥香魚,飲食,2,LOW,0,2025-12-02,2025-12,u2_1
2025-12-02,1.0,65.0,65.0,三角龍商行,馥莓蕎麥綠寶,飲食,2,LOW,0,2025-12-02,2025-12,u2_1
2025-12-03,1.0,365.0,365.0,全聯實業永和成功,consofy三層抽,購物,2,MID,2,2025-12-03,2025-12,u2_5
2025-12-03,1.0,55.0,55.0,全聯實業永和成功,質立蜂蜜優格,飲食,2,LOW,0,2025-12-03,2025-12,u2_1
2025-12-03,1.0,32.0,32.0,全聯實業永和成功,冰戀雙旋冰淇淋,飲食,2,VERY_LOW,0,2025-12-03,2025-12,u2_1
2025-12-04,1.0,39.0,39.0,全聯實業永和成功,寶山黑糖麻糬手,飲食,2,VERY_LOW,0,2025-12-04,2025-12,u2_1
2025-12-04,1.0,39.0,39.0,全聯實業永和成功,巧克力濃心菠蘿,飲食,2,VERY_LOW,0,2025-12-04,2025-12,u2_1
2025-12-04,1.0,36.0,36.0,全聯實業永和成功,什麼丸意兒梅子,飲食,2,VERY_LOW,0,2025-12-04,2025-12,u2_1
2025-12-04,1.0,32.0,32.0,全聯實業永和成功,光泉優質蛋白牛,飲食,2,VERY_LOW,0,2025-12-04,2025-12,u2_1
2025-12-05,1.0,227.0,227.0,飛捷廣告印刷公館,影印費,教育,2,MID,4,2025-12-05,2025-12,noise
2025-12-05,1.0,55.0,55.0,全聯實業永和成功,蕉滴滴,飲食,2,LOW,0,2025-12-05,2025-12,noise
2025-12-05,1.0,55.0,55.0,全聯實業永和成功,麵大師醬香小醋,飲食,2,LOW,0,2025-12-05,2025-12,u2_1
2025-12-05,1.0,30.0,30.0,全聯實業永和成功,起司燒,飲食,2,VERY_LOW,0,2025-12-05,2025-12,u2_1
2025-12-05,1.0,89.0,89.0,全聯實業永和成功,脆皮可可慕斯杯,購物,2,LOW,2,2025-12-05,2025-12,u2_5
2025-12-05,1.0,50.0,50.0,全聯實業永和成功,多喝水鹼性竹炭,飲食,2,LOW,0,2025-12-05,2025-12,u2_3
2025-12-07,1.0,139.0,139.0,和德昌永和得和,藜麥辣脆雞沙拉,飲食,2,LOW,0,2025-12-07,2025-12,u2_1
2025-12-07,1.0,1235.0,1235.0,富康活力民誌藥局,2001556,醫療健康,2,HIGH,5,2025-12-07,2025-12,u2_2
2025-12-07,1.0,13.0,13.0,富康活力民誌藥局,9000302,醫療健康,2,VERY_LOW,5,2025-12-07,2025-12,u2_2
2025-12-08,1.0,240.0,240.0,湖心亭國際,卡滋脆皮燒肉螺螄粉,飲食,2,MID,0,2025-12-08,2025-12,u2_1
2025-12-08,1.0,240.0,240.0,湖心亭國際,卡滋脆皮燒肉螺螄粉,飲食,2,MID,0,2025-12-08,2025-12,u2_1
2025-12-08,1.0,59.0,59.0,全聯實業永和成功,克潮靈集水袋,飲食,2,LOW,0,2025-12-08,2025-12,u2_5
2025-12-08,1.0,208.0,208.0,全聯實業永和成功,好來清新淨白組,購物,2,MID,2,2025-12-08,2025-12,u2_5
2025-12-08,1.0,50.0,50.0,全聯實業永和成功,多喝水鹼性竹炭,飲食,2,LOW,0,2025-12-08,2025-12,u2_3
2025-12-08,1.0,169.0,169.0,全聯實業永和成功,domori100%黑巧,購物,2,MID,2,2025-12-08,2025-12,u2_5
2025-12-08,1.0,93.0,93.0,全聯實業永和成功,甘百世黑巧88 %,購物,2,LOW,2,2025-12-08,2025-12,u2_5
2025-12-08,1.0,39.0,39.0,全聯實業永和成功,巧克力濃心菠蘿,飲食,2,VERY_LOW,0,2025-12-08,2025-12,u2_1
2025-12-08,1.0,18.0,18.0,全聯實業永和成功,茶裏王日式無糖,飲食,2,VERY_LOW,0,2025-12-08,2025-12,u2_1
2025-12-08,1.0,149.0,149.0,全聯實業永和成功,無調味核桃,飲食,2,LOW,0,2025-12-08,2025-12,u2_1
2025-12-08,1.0,129.0,129.0,全聯實業永和成功,老媽蔥香椒麻,飲食,2,LOW,0,2025-12-08,2025-12,u2_1
2025-12-09,32.0,3.0,96.0,全家便利商店永和國艷,列印服務全錄黑白-a4,教育,2,LOW,4,2025-12-09,2025-12,u2_0
2025-12-10,1.0,29.0,29.0,全聯實業永和成功,桂格養蔘蜂蜜飲,飲食,2,VERY_LOW,0,2025-12-10,2025-12,u2_1
2025-12-10,1.0,61.0,61.0,全聯實業永和成功,海鹽焦糖千層酥,飲食,2,LOW,0,2025-12-10,2025-12,u2_1
2025-12-12,1.0,69.0,69.0,全聯實業永和成功,金脆雞棒腿便當,飲食,2,LOW,0,2025-12-12,2025-12,u2_1
2025-12-12,1.0,95.0,95.0,全聯實業永和成功,經典排骨便當,飲食,2,LOW,0,2025-12-12,2025-12,u2_1
2025-12-13,1.0,50.0,50.0,全聯實業永和成功,多喝水鹼性竹炭,飲食,2,LOW,0,2025-12-13,2025-12,u2_3
2025-12-13,1.0,26.0,26.0,全聯實業永和成功,美國加拉88,購物,2,VERY_LOW,2,2025-12-13,2025-12,u2_5
2025-12-13,1.0,69.0,69.0,全聯實業永和成功,繽紛鑽石杯,購物,2,LOW,2,2025-12-13,2025-12,u2_5
2025-12-15,1.0,1.0,329.0,主富服裝公館二店,275,購物,2,MID,2,2025-12-15,2025-12,u2_4
2025-12-15,1.0,1.0,329.0,主富服裝公館二店,275,購物,2,MID,2,2025-12-15,2025-12,u2_4
2025-12-16,1.0,55.0,55.0,飛捷廣告印刷公館,影印費,教育,2,LOW,4,2025-12-16,2025-12,noise
2025-12-17,3.0,614.0,1842.0,鑫蒙牛金大鋤中壢門市部,a套餐,飲食,2,VERY_HIGH,0,2025-12-17,2025-12,u2_1
2025-12-17,1.0,54.0,54.0,鑫蒙牛金大鋤中壢門市部,川味麻辣鍋,飲食,2,LOW,0,2025-12-17,2025-12,u2_1
2025-12-17,1.0,52.0,52.0,傑洛國際台大店,起司蛋堡,飲食,2,LOW,0,2025-12-17,2025-12,u2_1
2025-12-17,1.0,50.0,50.0,全聯實業永和成功,多喝水鹼性竹炭,飲食,2,LOW,0,2025-12-17,2025-12,u2_3
2025-12-19,1.0,55.0,55.0,江江好商行,黃金香橙大吉嶺大,飲食,2,LOW,0,2025-12-19,2025-12,u2_1
2025-12-20,1.0,50.0,50.0,全聯實業永和成功,多喝水鹼性竹炭,飲食,2,LOW,0,2025-12-20,2025-12,u2_3
2025-12-20,1.0,59.0,59.0,全聯實業永和成功,福樂覆盆莓優酪,飲食,2,LOW,0,2025-12-20,2025-12,u2_1
2025-12-22,1.0,213.0,213.0,誠品生活松山,東利多丸龜製麵 烏龍麵丼飯 正價品,飲食,2,MID,0,2025-12-22,2025-12,u2_1
2025-12-22,1.0,52.0,52.0,傑洛國際台大店,起司蛋堡,飲食,2,LOW,0,2025-12-22,2025-12,u2_1
2025-12-23,1.0,1.0,1.0,爭鮮北捷外,筷子(計價餐具),飲食,2,VERY_LOW,0,2025-12-23,2025-12,u2_1
2025-12-23,1.0,50.0,48.0,久研茶飲店,原味嫩仙草凍,飲食,2,VERY_LOW,0,2025-12-23,2025-12,u2_1
2025-12-24,1.0,105.0,105.0,享諨學士,便當,飲食,2,LOW,0,2025-12-24,2025-12,u2_1
2025-12-25,1.0,48.0,48.0,全聯實業台中健行,味丹多喝水,飲食,2,VERY_LOW,0,2025-12-25,2025-12,u2_7
2025-12-25,1.0,49.0,49.0,中友百貨台中,大創 大創百貨,購物,2,VERY_LOW,2,2025-12-25,2025-12,u2_5
2025-12-25,1.0,329.0,329.0,主富服裝台中三民,2032590003,購物,2,MID,2,2025-12-25,2025-12,u2_4
2025-12-25,1.0,279.0,250.0,主富服裝台中十三店,2031700205,購物,2,MID,2,2025-12-25,2025-12,u2_4
2025-12-25,1.0,279.0,250.0,主富服裝台中十三店,2031820003,購物,2,MID,2,2025-12-25,2025-12,u2_4
2025-12-25,1.0,799.0,799.0,台灣小米通訊台中,xiaomi 電動刮鬍刀 s200 銀色,購物,2,HIGH,2,2025-12-25,2025-12,u2_5
2025-12-25,1.0,769.0,769.0,台灣小米通訊台中,xiaomi 變焦落地自拍棒,購物,2,HIGH,2,2025-12-25,2025-12,u2_5
2025-12-25,1.0,329.0,329.0,主富服裝台中三民,2032590005,購物,2,MID,2,2025-12-25,2025-12,u2_4
2025-12-25,1.0,165.0,165.0,悠旅生活事業中醫門市部,焦糖可可碎片大,飲食,2,MID,0,2025-12-25,2025-12,u2_1
2025-12-25,1.0,151.0,151.0,悠旅生活事業中醫門市部,冰醇濃抹茶那堤大,飲食,2,MID,0,2025-12-25,2025-12,u2_1
2025-12-25,1.0,42.0,42.0,全家便利商店台中市第五五二,一配照燒雞肉飯糰,飲食,2,VERY_LOW,0,2025-12-25,2025-12,u2_1
2025-12-25,1.0,99.0,99.0,中友百貨台中,大創 大創百貨,購物,2,LOW,2,2025-12-25,2025-12,u2_5
2025-12-25,1.0,113.0,113.0,悠旅生活事業中醫門市部,法式岩漿巧克力,飲食,2,LOW,0,2025-12-25,2025-12,u2_1
2025-12-25,1.0,66.0,66.0,悠旅生活事業中醫門市部,芋泥可麗露,飲食,2,LOW,0,2025-12-25,2025-12,u2_1
2025-12-26,1.0,95.0,95.0,勤美台中,31冰淇淋,飲食,2,LOW,0,2025-12-26,2025-12,u2_1
2025-12-26,1.0,115.0,115.0,享諨學士,便當,飲食,2,LOW,0,2025-12-26,2025-12,u2_1
2025-12-27,1.0,50.0,50.0,全聯實業永和成功,多喝水鹼性竹炭,飲食,2,LOW,0,2025-12-27,2025-12,u2_3
2025-12-27,1.0,150.0,150.0,京站實業,食品,飲食,2,MID,0,2025-12-27,2025-12,u2_1
2025-12-27,1.0,10.0,10.0,京站實業,食品,飲食,2,VERY_LOW,0,2025-12-27,2025-12,u2_1
2025-12-30,1.0,48.0,48.0,全聯實業永和成功,味丹多喝水,飲食,2,VERY_LOW,0,2025-12-30,2025-12,u2_7
2025-12-31,1.0,1430.0,1430.0,微風場站開發,伴手禮,購物,2,HIGH,2,2025-12-31,2025-12,u2_1
2025-12-31,1.0,70.0,70.0,三角龍商行,青梅春烏龍,飲食,2,LOW,0,2025-12-31,2025-12,u2_1
2026-01-01,1.0,39.0,39.0,全聯實業永和成功,巧克力濃心菠蘿,飲食,2,VERY_LOW,0,2026-01-01,2026-01,u2_1
2026-01-02,1.0,124.0,124.0,新東陽桃園國際機場第一航廈綜合商場門市部,漢堡王,飲食,2,LOW,0,2026-01-02,2026-01,u2_1
2026-02-21,1.0,27.0,27.0,三商家購永和得和二,悅氏天然水2200ml,飲食,2,VERY_LOW,0,2026-02-21,2026-02,u2_7
2026-02-21,1.0,28.0,28.0,三商家購永和得和二,悅氏天然水2200ml,飲食,2,VERY_LOW,0,2026-02-21,2026-02,u2_7
2026-02-22,1.0,109.0,109.0,笑笑笑國際台北許昌,美琪抗菌洗手露-澄淨白茶700ml,購物,2,LOW,2,2026-02-22,2026-02,u2_5
2026-02-22,1.0,49.0,49.0,笑笑笑國際台北許昌,hi-five蔬果造型珊瑚絨擦手巾(加厚),購物,2,VERY_LOW,2,2026-02-22,2026-02,u2_5
2026-02-22,13.0,40.0,520.0,亞洲藏壽司台北館前店,壽司盤,飲食,2,HIGH,0,2026-02-22,2026-02,u2_1
2026-02-22,1.0,390.0,390.0,台灣優衣庫台北站前店,圓領t恤(短袖),購物,2,MID,2,2026-02-22,2026-02,u2_4
2026-02-22,1.0,119.0,119.0,台灣屈臣氏個人用品商店得和,lumina棉柔珍珠紋洗臉巾-大胖包,購物,2,LOW,2,2026-02-22,2026-02,u2_5
2026-02-22,1.0,390.0,390.0,台灣優衣庫台北站前店,圓領t恤(短袖),購物,2,MID,2,2026-02-22,2026-02,u2_4
2026-02-22,2.0,99.5,199.0,台灣屈臣氏個人用品商店得和,enhance 依涵絲珍珠紋掛抽式洗臉巾120抽加厚版,購物,2,MID,2,2026-02-22,2026-02,u2_5
2026-02-22,1.0,46.0,46.0,全聯實業永和成功,味丹多喝水,飲食,2,VERY_LOW,0,2026-02-22,2026-02,u2_7
2026-02-22,1.0,590.0,590.0,台灣優衣庫台北站前店,airism棉質寬版圓領t恤(五分袖),購物,2,HIGH,2,2026-02-22,2026-02,u2_4
2026-02-22,1.0,169.0,169.0,全聯實業永和成功,無患子檀香沐浴,購物,2,MID,2,2026-02-22,2026-02,u2_5
2026-02-23,1.0,30.0,30.0,全聯實業永和成功,起司燒,飲食,2,VERY_LOW,0,2026-02-23,2026-02,u2_1
2026-02-23,1.0,198.0,198.0,傑洛國際台大店,嫩切雞肉堡12吋,飲食,2,MID,0,2026-02-23,2026-02,u2_1
2026-02-24,1.0,41.0,41.0,全聯實業永和成功,旗山珍珠芭樂,飲食,2,VERY_LOW,0,2026-02-24,2026-02,u2_1
2026-02-26,1.0,29.0,29.0,全聯實業永和成功,桂格白柚檸檬飲,飲食,2,VERY_LOW,0,2026-02-26,2026-02,u2_1
2026-02-26,1.0,165.0,165.0,鑫光威登得和營業所,獅子頭雞肉飯-加蔥,飲食,2,MID,0,2026-02-26,2026-02,u2_1
2026-02-27,1.0,110.0,110.0,嚐鱻食品中山一店,滿意總匯餐,飲食,2,LOW,0,2026-02-27,2026-02,u2_1
2026-02-27,1.0,65.0,65.0,八中中友,八曜和風,飲食,2,LOW,0,2026-02-27,2026-02,u2_3
2026-02-28,1.0,172.0,172.0,誠品生活台中市政,台灣東利多丸龜製麵 烏龍麵 正價品,飲食,2,MID,0,2026-02-28,2026-02,u2_1
2026-02-28,1.0,130.0,130.0,販樂群,雙球冰淇淋,飲食,2,LOW,0,2026-02-28,2026-02,u2_1
2026-02-28,1.0,1045.0,1045.0,地表最潮審計新創聚落營業所,香氛-+ 加價,購物,2,HIGH,2,2026-02-28,2026-02,u2_5
2026-02-28,1.0,168.0,267.0,太初,香辣麵里肌,飲食,2,MID,0,2026-02-28,2026-02,u2_1
2026-02-28,1.0,30.0,30.0,統一超商台中市第四九九,統一h2o純水pet1500,飲食,2,VERY_LOW,0,2026-02-28,2026-02,u2_7
2026-02-28,1.0,168.0,168.0,太初,香辣麵q雞,飲食,2,MID,0,2026-02-28,2026-02,u2_1
2026-02-28,1.0,98.0,98.0,太初,經典滷味組合,飲食,2,LOW,0,2026-02-28,2026-02,u2_1
2026-03-01,1.0,49.0,49.0,全聯實業永和成功,多喝水鹼性竹炭,飲食,2,VERY_LOW,0,2026-03-01,2026-03,u2_3
2026-03-02,1.0,140.0,140.0,統一生活事業台北市第一七一,r)斯斯咳嗽膠囊,醫療健康,2,LOW,5,2026-03-02,2026-03,u2_2
2026-03-02,1.0,139.0,139.0,統一生活事業台北市第一七一,愛喜維生素c+鈣口嚼錠清新,醫療健康,2,LOW,5,2026-03-02,2026-03,u2_2
2026-03-02,1.0,49.0,49.0,台灣善商大直北安門市,2唐揚套餐 味噌湯,飲食,2,VERY_LOW,0,2026-03-02,2026-03,u2_1
2026-03-02,1.0,184.0,184.0,台灣善商大直北安門市,燒烤美乃雞丼 飯大,飲食,2,MID,0,2026-03-02,2026-03,u2_1
2026-03-03,1.0,32.0,32.0,全家便利商店台大二活門市部,二配花生夾心土司,飲食,2,VERY_LOW,0,2026-03-03,2026-03,u2_1
2026-03-05,1.0,49.0,49.0,美德耐台大卓越商場,起司四合奏三明治,飲食,2,VERY_LOW,0,2026-03-05,2026-03,u2_1
2026-03-08,1.0,80.0,80.0,京站實業,食品,飲食,2,LOW,0,2026-03-08,2026-03,u2_1
2026-03-08,1.0,45.0,45.0,台灣山崎台北中山營業所,鮮奶芋泥,飲食,2,VERY_LOW,0,2026-03-08,2026-03,u2_1
2026-03-09,1.0,49.0,49.0,美德耐台大卓越商場,鮪魚洋芋溏心蛋三明治,飲食,2,VERY_LOW,0,2026-03-09,2026-03,u2_1
2026-03-10,1.0,52.0,52.0,傑洛國際台大店,起司蛋堡,飲食,2,LOW,0,2026-03-10,2026-03,u2_1
2026-03-10,1.0,125.0,113.0,傑洛國際台大店,香烤雞肉堡6吋,飲食,2,LOW,0,2026-03-10,2026-03,u2_1
2026-03-11,1.0,920.0,920.0,鐵邦國際事業炎弟公館,餐飲費,飲食,2,HIGH,0,2026-03-11,2026-03,u2_1
2026-03-12,1.0,45.0,45.0,全家便利商店台大二活門市部,雞蛋沙拉三明治,飲食,2,VERY_LOW,0,2026-03-12,2026-03,u2_1
2026-03-13,4.0,658.0,2632.0,王品餐飲肉次方台北南京東店,658 成人,飲食,2,VERY_HIGH,0,2026-03-13,2026-03,u2_1
2026-03-13,1.0,263.0,263.0,王品餐飲肉次方台北南京東店,服務費,飲食,2,MID,0,2026-03-13,2026-03,u2_1
2026-03-13,4.0,79.0,316.0,王品餐飲肉次方台北南京東店,(贈)扇貝,飲食,2,MID,0,2026-03-13,2026-03,u2_1
2026-03-14,1.0,46.0,46.0,全聯實業永和成功,味丹多喝水,飲食,2,VERY_LOW,0,2026-03-14,2026-03,u2_7
2026-03-14,1.0,150.0,150.0,發娛樂微風南山門市,heypoca - 小卡,購物,2,MID,2,2026-03-14,2026-03,u2_5
2026-03-14,1.0,150.0,150.0,發娛樂微風南山門市,heypoca - 小卡,購物,2,MID,2,2026-03-14,2026-03,u2_5
2026-03-15,1.0,99.0,99.0,全家便利商店永和國艷,剝皮辣椒雞奶油細扁麵,飲食,2,LOW,0,2026-03-15,2026-03,u2_1
2026-03-15,1.0,15.0,15.0,全家便利商店永和國艷,麥香奶茶tp375,飲食,2,VERY_LOW,0,2026-03-15,2026-03,u2_1
2026-03-15,1.0,49.0,49.0,全家便利商店永和國艷,日式溫泉蛋,飲食,2,VERY_LOW,0,2026-03-15,2026-03,u2_7
2026-03-16,1.0,55.0,55.0,詠觀國際,鮮蝦(熟),教育,2,LOW,4,2026-03-16,2026-03,u2_1
2026-03-16,1.0,110.0,110.0,詠觀國際,清爽沙拉飯,飲食,2,LOW,0,2026-03-16,2026-03,u2_1
2026-03-17,1.0,45.0,45.0,全家便利商店台大二活門市部,經典總匯三明治,飲食,2,VERY_LOW,0,2026-03-17,2026-03,u2_1
2026-03-17,1.0,75.0,75.0,三德商行,黃金蕎麥鮮奶,飲食,2,LOW,0,2026-03-17,2026-03,u2_1
2026-03-19,1.0,15.0,15.0,美德耐台大卓越商場,統一麥香奶茶tp375,飲食,2,VERY_LOW,0,2026-03-19,2026-03,u2_1
2026-03-19,1.0,28.0,28.0,美德耐台大卓越商場,御選肉鬆飯糰,飲食,2,VERY_LOW,0,2026-03-19,2026-03,u2_1
2026-03-20,1.0,899.0,899.0,尊鴻餐飲企業混一中,雙人套餐,飲食,2,HIGH,0,2026-03-20,2026-03,u2_1
2026-03-20,1.0,50.0,50.0,穎冠茶飲企業學士,布丁奶茶-中,飲食,2,LOW,0,2026-03-20,2026-03,u2_1
2026-03-22,1.0,275.0,275.0,微風場站開發,餐飲,飲食,2,MID,0,2026-03-22,2026-03,u2_1
2026-03-23,1.0,160.0,160.0,福斯盟小吃店,客製醬油豚骨拉麵,飲食,2,MID,0,2026-03-23,2026-03,u2_1
2026-03-23,1.0,75.0,75.0,三德商行,黃金蕎麥鮮奶,飲食,2,LOW,0,2026-03-23,2026-03,u2_1
2026-03-23,1.0,170.0,170.0,福斯盟小吃店,客製麻辣豚骨拉麵,飲食,2,MID,0,2026-03-23,2026-03,u2_1
2026-03-24,1.0,195.5,195.5,台灣屈臣氏個人用品商店得和,活沛多 緩釋型維他命cb群 30錠,醫療健康,2,MID,5,2026-03-24,2026-03,u2_2
2026-03-26,1.0,285.0,285.0,新光三越百貨台北信義,小吃food court,飲食,2,MID,0,2026-03-26,2026-03,u2_1
2026-03-26,1.0,198.0,198.0,新光三越百貨台北信義,小吃food court,飲食,2,MID,0,2026-03-26,2026-03,u2_1
2026-03-26,1.0,273.0,273.0,品誠餐飲小吃店,日式壽喜燒鍋,飲食,2,MID,0,2026-03-26,2026-03,u2_1
2026-03-26,1.0,248.0,248.0,品誠餐飲小吃店,素-日式味噌鍋,飲食,2,MID,0,2026-03-26,2026-03,u2_1
2026-03-26,1.0,248.0,248.0,品誠餐飲小吃店,養生藥膳鍋,飲食,2,MID,0,2026-03-26,2026-03,u2_1
2026-03-26,1.0,273.0,273.0,品誠餐飲小吃店,義式蕃茄鍋,飲食,2,MID,0,2026-03-26,2026-03,u2_1
2026-03-26,1.0,288.0,288.0,品誠餐飲小吃店,日式壽喜燒鍋,飲食,2,MID,0,2026-03-26,2026-03,u2_1
2026-03-27,1.0,46.0,46.0,全聯實業永和成功,味丹多喝水,飲食,2,VERY_LOW,0,2026-03-27,2026-03,u2_7
2026-03-27,1.0,55.0,55.0,全聯實業永和成功,安親抑菌濕巾,購物,2,LOW,2,2026-03-27,2026-03,u2_5
2026-03-28,1.0,55.0,55.0,三德商行,焦糖粉粿奶茶,飲食,2,LOW,0,2026-03-28,2026-03,u2_1
2026-03-28,1.0,52.0,52.0,和德昌永和得和,麥香魚,飲食,2,LOW,0,2026-03-28,2026-03,u2_1
2026-03-28,1.0,85.0,85.0,三德商行,黃金蕎麥鮮奶,飲食,2,LOW,0,2026-03-28,2026-03,u2_1
2026-03-30,1.0,39.0,39.0,全聯實業永和成功,奇巧酥脆威化巧,飲食,2,VERY_LOW,0,2026-03-30,2026-03,u2_1
2026-04-01,1.0,261.0,261.0,大馬勝光,sf01 印度炒麵,飲食,2,MID,0,2026-04-01,2026-04,u2_1
2026-04-01,1.0,251.0,251.0,大馬勝光,ns01 椰漿飯配炸雞,飲食,2,MID,0,2026-04-01,2026-04,u2_1
2026-04-01,1.0,89.0,89.0,秦華科技公館店,長臂夾鐵-黑,購物,2,LOW,2,2026-04-01,2026-04,u2_5
2026-04-01,1.0,251.0,251.0,大馬勝光,sf04 炒粿條,飲食,2,MID,0,2026-04-01,2026-04,u2_1
2026-04-01,1.0,72.0,72.0,大馬勝光,d02 大馬式拉茶,飲食,2,LOW,0,2026-04-01,2026-04,u2_1
2026-04-02,1.0,35.0,35.0,美德耐台大卓越商場,金黃起司火腿蛋三明治,飲食,2,VERY_LOW,0,2026-04-02,2026-04,u2_1
2026-04-02,1.0,30.0,30.0,全聯實業永和成功,纖維+600ml,飲食,2,VERY_LOW,0,2026-04-02,2026-04,u2_5
2026-04-03,1.0,52.0,52.0,和德昌永和得和,麥香魚,飲食,2,LOW,0,2026-04-03,2026-04,u2_1
2026-04-03,2.0,66.0,132.0,和德昌永和得和,薯條-大,飲食,2,LOW,0,2026-04-03,2026-04,u2_1
2026-04-03,1.0,19.0,19.0,全聯實業永和成功,ex強氣泡水,飲食,2,VERY_LOW,0,2026-04-03,2026-04,u2_6
2026-04-03,1.0,55.0,55.0,三德商行,焦糖粉粿奶茶,飲食,2,LOW,0,2026-04-03,2026-04,u2_1
2026-04-03,1.0,43.12,43.12,台灣屈臣氏個人用品商店得和,義美生機甜心草莓12g,飲食,2,VERY_LOW,0,2026-04-03,2026-04,u2_1
2026-04-03,1.0,386.32,386.32,台灣屈臣氏個人用品商店得和,活沛多 gl雙效敏益菌30顆新升級,醫療健康,2,MID,5,2026-04-03,2026-04,u2_2
2026-04-03,1.0,48.0,48.0,全聯實業永和成功,泰山淨之水,飲食,2,VERY_LOW,0,2026-04-03,2026-04,u2_6
2026-04-03,1.0,139.0,139.0,和德昌永和得和,藜麥辣脆雞沙拉,飲食,2,LOW,0,2026-04-03,2026-04,u2_1
2026-04-04,1.0,28.0,28.0,統一超商新北市第九三三,御選肉鬆飯糰,飲食,2,VERY_LOW,0,2026-04-04,2026-04,u2_1
2026-04-04,1.0,15.0,15.0,統一超商新北市第九三三,統一麥香奶茶tp375,飲食,2,VERY_LOW,0,2026-04-04,2026-04,u2_1
2026-04-05,1.0,89.0,89.0,全家便利商店永和國艷,青花椒麻雞肉拌麵,飲食,2,LOW,0,2026-04-05,2026-04,u2_1
2026-04-05,1.0,25.0,25.0,全家便利商店永和國艷,大醇豆無加糖豆漿,飲食,2,VERY_LOW,0,2026-04-05,2026-04,u2_1
2026-04-05,1.0,19.0,19.0,全聯實業永和成功,ex強氣泡水,飲食,2,VERY_LOW,0,2026-04-05,2026-04,u2_6
2026-04-05,1.0,53.0,53.0,全聯實業永和成功,旺旺仙貝米果,飲食,2,LOW,0,2026-04-05,2026-04,u2_1
2026-04-05,1.0,28.0,28.0,全聯實業永和成功,家常起司口味,飲食,2,VERY_LOW,0,2026-04-05,2026-04,u2_1
2026-04-05,1.0,145.0,145.0,歐歐歐一號店,l-開心果抹茶-完美冰,飲食,2,LOW,0,2026-04-05,2026-04,u2_1
2026-04-05,1.0,120.0,120.0,歐歐歐一號店,gelato單球-杯裝,飲食,2,LOW,0,2026-04-05,2026-04,u2_1
2026-04-05,1.0,45.0,45.0,全家便利商店永和國艷,鮪魚起司溏心蛋三明治,飲食,2,VERY_LOW,0,2026-04-05,2026-04,u2_1
2026-04-06,1.0,82.0,82.0,金樂屋,小 手拍 小農蕃茄瑪,飲食,2,LOW,0,2026-04-06,2026-04,u2_1
2026-04-06,1.0,65.0,65.0,藏野捷運北車店,大列巴奶油夾心,飲食,2,LOW,0,2026-04-06,2026-04,u2_1
2026-04-06,1.0,60.0,60.0,誠品生活捷運南港線台北站第二,荃鴻krispy kreme 甜甜圈飲料 正價品,飲食,2,LOW,0,2026-04-06,2026-04,u2_1
2026-04-06,1.0,48.0,48.0,全聯實業永和成功,亨氏番茄醬,飲食,2,VERY_LOW,0,2026-04-06,2026-04,u2_1
2026-04-06,1.0,147.0,147.0,金樂屋,1 地瓜薯條,飲食,2,LOW,0,2026-04-06,2026-04,u2_1
2026-04-09,1.0,45.0,45.0,全家便利商店台大二活門市部,鮪魚起司溏心蛋三明治,飲食,2,VERY_LOW,0,2026-04-09,2026-04,u2_1
2026-04-10,2.0,50.0,100.0,台灣壽司郎台北公館店,50元盤子,飲食,2,LOW,0,2026-04-10,2026-04,u2_1
2026-04-10,12.0,40.0,480.0,台灣壽司郎台北公館店,40元盤子,飲食,2,MID,0,2026-04-10,2026-04,u2_1
2026-04-10,1.0,60.0,60.0,啾弟商行,冰火菠蘿油,飲食,2,LOW,0,2026-04-10,2026-04,u2_1
2026-04-10,1.0,50.0,50.0,啾弟商行,葡式蛋塔,飲食,2,LOW,0,2026-04-10,2026-04,u2_1
2026-04-10,1.0,55.0,55.0,三德商行,焦糖粉粿奶茶,飲食,2,LOW,0,2026-04-10,2026-04,u2_1
2026-04-11,1.0,10.0,10.0,全家便利商店台大二活門市部,a4彩色列印,教育,2,VERY_LOW,4,2026-04-11,2026-04,u2_0
2026-04-11,1.0,248.0,248.0,京站實業,食品,飲食,2,MID,0,2026-04-11,2026-04,u2_1
2026-04-11,1.0,48.0,48.0,全聯實業永和成功,泰山淨之水,飲食,2,VERY_LOW,0,2026-04-11,2026-04,u2_6
2026-04-11,1.0,60.0,60.0,微風場站開發,餐飲-麥當勞,飲食,2,LOW,0,2026-04-11,2026-04,u2_1
2026-04-12,1.0,69.0,69.0,全聯實業永和成功,愛可寧一般酒精,購物,2,LOW,2,2026-04-12,2026-04,u2_5
2026-04-12,1.0,48.0,48.0,全聯實業永和成功,泰山淨之水,飲食,2,VERY_LOW,0,2026-04-12,2026-04,u2_6
2026-04-12,1.0,55.0,55.0,全聯實業永和成功,安親抑菌濕巾,購物,2,LOW,2,2026-04-12,2026-04,u2_5
2026-04-13,1.0,42.0,42.0,全家便利商店台大二活門市部,瘋狂起司三明治,飲食,2,VERY_LOW,0,2026-04-13,2026-04,u2_1
2026-04-14,1.0,31.0,31.0,全聯實業永和成功,優意思藍莓優格,飲食,2,VERY_LOW,0,2026-04-14,2026-04,u2_1
2026-04-14,1.0,60.0,60.0,全聯實業永和成功,利口樂草本喉糖,飲食,2,LOW,0,2026-04-14,2026-04,u2_1
2026-04-15,1.0,75.0,75.0,統一超商新北市第九三三,易口舒無糖薄荷錠-清爽蜜桃,飲食,2,LOW,0,2026-04-15,2026-04,u2_1
2026-04-16,1.0,29.0,29.0,笑笑笑國際台北公館,wh-626智慧型修正帶黑,教育,2,VERY_LOW,4,2026-04-16,2026-04,u2_0
2026-04-16,1.0,25.0,25.0,笑笑笑國際台北公館,百樂038果汁筆黑,教育,2,VERY_LOW,4,2026-04-16,2026-04,u2_0
2026-04-16,1.0,44.0,44.0,笑笑笑國際台北公館,加新入袋a4單線簿白,教育,2,VERY_LOW,4,2026-04-16,2026-04,u2_0
2026-04-16,1.0,49.0,49.0,美德耐台大卓越商場,鮪魚洋芋溏心蛋三明治,飲食,2,VERY_LOW,0,2026-04-16,2026-04,u2_1
2026-04-16,1.0,25.0,25.0,笑笑笑國際台北公館,百樂038果汁筆藍,教育,2,VERY_LOW,4,2026-04-16,2026-04,u2_0
2026-04-18,1.0,48.0,48.0,全聯實業永和成功,泰山淨之水,飲食,2,VERY_LOW,0,2026-04-18,2026-04,u2_6
2026-04-18,1.0,169.0,169.0,全聯實業永和成功,無患子沐浴檸檬,購物,2,MID,2,2026-04-18,2026-04,u2_5
2026-04-18,1.0,99.0,99.0,全聯實業永和成功,紐西蘭紅奇異果,飲食,2,LOW,0,2026-04-18,2026-04,u2_1
2026-04-19,15.0,40.0,600.0,亞洲藏壽司台北館前店,壽司盤,飲食,2,HIGH,0,2026-04-19,2026-04,u2_1
2026-04-19,1.0,60.0,60.0,亞洲藏壽司台北館前店,茶碗蒸,飲食,2,LOW,0,2026-04-19,2026-04,u2_1
2026-04-19,1.0,36.0,36.0,笑笑笑國際台北公館,百樂g2 07鋼珠筆紅,教育,2,VERY_LOW,4,2026-04-19,2026-04,u2_0
2026-04-19,1.0,48.0,48.0,全聯實業永和成功,泰山淨之水,飲食,2,VERY_LOW,0,2026-04-19,2026-04,u2_6
2026-04-19,1.0,36.0,36.0,笑笑笑國際台北公館,百樂g2 07鋼珠筆黑,教育,2,VERY_LOW,4,2026-04-19,2026-04,u2_0
2026-04-19,1.0,36.0,36.0,笑笑笑國際台北公館,百樂g2 07鋼珠筆藍,教育,2,VERY_LOW,4,2026-04-19,2026-04,u2_0
2026-04-19,1.0,21.0,21.0,全聯實業永和成功,ex強氣泡水,飲食,2,VERY_LOW,0,2026-04-19,2026-04,u2_6
2026-04-21,1.0,45.0,45.0,全家便利商店台大二活門市部,鮪魚起司溏心蛋三明治,飲食,2,VERY_LOW,0,2026-04-21,2026-04,u2_1
2026-04-21,1.0,35.0,35.0,統一超商新北市第九三三,黑松c&c氣泡飲(葡萄)pet500,飲食,2,VERY_LOW,0,2026-04-21,2026-04,u2_1
2026-04-22,5.0,16.0,80.0,全聯實業永和成功,紐-加拉120,購物,2,LOW,2,2026-04-22,2026-04,u2_5
2026-04-22,5.0,16.0,80.0,全聯實業永和成功,紐-加拉120,購物,2,LOW,2,2026-04-22,2026-04,u2_5
2026-04-23,1.0,39.0,39.0,美德耐台大卓越商場,(區)雙倍起司火腿蛋三明治,飲食,2,VERY_LOW,0,2026-04-23,2026-04,u2_1
2026-04-23,1.0,13.0,13.0,松深食品,pkl330ml黑松蘋果c,飲食,2,VERY_LOW,0,2026-04-23,2026-04,u2_1
2026-04-24,1.0,60.0,60.0,啾弟商行,冰火菠蘿油,飲食,2,LOW,0,2026-04-24,2026-04,u2_1
2026-04-24,1.0,1.0,99.0,主富服裝公館二店,99,購物,2,LOW,2,2026-04-24,2026-04,u2_4
2026-04-24,1.0,30.0,30.0,啾弟商行,脆皮年糕,飲食,2,VERY_LOW,0,2026-04-24,2026-04,u2_1
2026-04-24,1.0,1.0,1599.0,主富服裝公館二店,1599,購物,2,VERY_HIGH,2,2026-04-24,2026-04,u2_4
2026-04-26,1.0,85.0,85.0,沐盛商行,黃金蕎麥鮮奶,飲食,2,LOW,0,2026-04-26,2026-04,u2_1
2026-04-27,1.0,35.0,35.0,全家便利商店台大二活門市部,火腿起司蛋三明治,飲食,2,VERY_LOW,0,2026-04-27,2026-04,u2_1
2026-04-28,1.0,48.0,48.0,全聯實業永和成功,泰山淨之水,飲食,2,VERY_LOW,0,2026-04-28,2026-04,u2_6
2026-04-28,1.0,23.0,23.0,全聯實業永和成功,麥香阿薩姆奶茶,飲食,2,VERY_LOW,0,2026-04-28,2026-04,u2_1
2026-04-28,1.0,159.0,159.0,全聯實業永和成功,scott3層抽取,購物,2,MID,2,2026-04-28,2026-04,u2_5
2026-04-28,1.0,91.0,91.0,和德昌民生東路,蕈菇嫩蛋焙果堡,飲食,2,LOW,0,2026-04-28,2026-04,u2_1
2026-04-30,1.0,110.0,110.0,詠觀國際,清爽沙拉飯,飲食,2,LOW,0,2026-04-30,2026-04,u2_1
2026-04-30,1.0,35.0,35.0,美德耐台大卓越商場,金黃起司火腿蛋三明治,飲食,2,VERY_LOW,0,2026-04-30,2026-04,u2_1
2026-04-30,2.0,249.0,498.0,微風場站開發,巧克力起司蛋糕,飲食,2,MID,0,2026-04-30,2026-04,u2_1
2026-04-30,1.0,1890.0,1890.0,華泰名品城企業,鞋履,購物,2,VERY_HIGH,2,2026-04-30,2026-04,u2_5
2026-04-30,1.0,45.0,45.0,詠觀國際,烤雞(熟),飲食,2,VERY_LOW,0,2026-04-30,2026-04,u2_1
2026-05-01,1.0,59.0,59.0,全聯實業台中新民,壹把蕉金,購物,2,LOW,2,2026-05-01,2026-05,u2_5
2026-05-01,1.0,570.0,570.0,漢神購物中心台中,餃子の王將,飲食,2,HIGH,0,2026-05-01,2026-05,u2_1
2026-05-01,1.0,70.0,70.0,漢神購物中心台中,mini one,飲食,2,LOW,0,2026-05-01,2026-05,u2_1
2026-05-01,1.0,26.0,26.0,全聯實業台中新民,愛之味分解茶秋,飲食,2,VERY_LOW,0,2026-05-01,2026-05,u2_1
2026-05-01,1.0,15.0,15.0,全聯實業台中新民,泰山純水 700ml,飲食,2,VERY_LOW,0,2026-05-01,2026-05,u2_6
2026-05-02,1.0,20.0,20.0,全家便利商店台中大進,泰山純水,飲食,2,VERY_LOW,0,2026-05-02,2026-05,u2_7
2026-05-02,1.0,20.0,20.0,全家便利商店台中市第七三二,泰山純水,飲食,2,VERY_LOW,0,2026-05-02,2026-05,u2_7
2026-05-04,1.0,59.0,59.0,全家便利商店台大二活門市部,好多蛋三明治,飲食,2,LOW,0,2026-05-04,2026-05,u2_1
2026-05-04,1.0,199.0,199.0,向禾餐飲,腰內豬排咖哩飯,飲食,2,MID,0,2026-05-04,2026-05,u2_1
2026-05-06,1.0,198.0,198.0,創新維新,花g,飲食,2,MID,0,2026-05-06,2026-05,u2_1
2026-05-06,1.0,84.0,84.0,全聯實業永和成功,古寶制菌洗手乳,購物,2,LOW,2,2026-05-06,2026-05,u2_5
2026-05-06,1.0,129.0,129.0,全聯實業永和成功,浴廁消臭劑皂香,購物,2,LOW,2,2026-05-06,2026-05,u2_5
2026-05-06,1.0,80.0,80.0,創新維新,炸餃子,飲食,2,LOW,0,2026-05-06,2026-05,u2_1
2026-05-07,1.0,35.0,35.0,美德耐台大卓越商場,金黃起司火腿蛋三明治,飲食,2,VERY_LOW,0,2026-05-07,2026-05,u2_1
2026-05-07,1.0,35.0,35.0,美德耐台大卓越商場,(e )光泉生乳米漿,飲食,2,VERY_LOW,0,2026-05-07,2026-05,u2_1
2026-05-08,1.0,29.0,29.0,笑笑笑國際台北公館,網品雙色spa沐浴球50g,購物,2,VERY_LOW,2,2026-05-08,2026-05,u2_5
2026-05-08,1.0,55.0,55.0,笑笑笑國際台北公館,衛浴馬桶刷1入,購物,2,LOW,2,2026-05-08,2026-05,u2_5
2026-05-09,1.0,50.0,50.0,和德昌永和得和,薯條-中,飲食,2,LOW,0,2026-05-09,2026-05,u2_1
2026-05-09,1.0,46.0,46.0,全聯實業永和成功,味丹多喝水,飲食,2,VERY_LOW,0,2026-05-09,2026-05,u2_7
2026-05-09,1.0,68.0,68.0,和德昌永和得和,六塊麥克雞塊,飲食,2,LOW,0,2026-05-09,2026-05,u2_1
2026-05-09,1.0,65.0,65.0,沐盛商行,焦糖粉粿奶茶,飲食,2,LOW,0,2026-05-09,2026-05,u2_1
2026-05-10,1.0,29.0,29.0,全家便利商店台北市第三五三門市部,fmc檸檬氣泡水,飲食,2,VERY_LOW,0,2026-05-10,2026-05,u2_1
2026-05-10,1.0,50.0,50.0,小品雅廚中原,高麗菜50,飲食,2,LOW,0,2026-05-10,2026-05,u2_1
2026-05-10,1.0,48.0,48.0,全聯實業永和成功,泰山淨之水,飲食,2,VERY_LOW,0,2026-05-10,2026-05,u2_6
2026-05-10,1.0,90.0,90.0,小品雅廚中原,辣子雞丁90,飲食,2,LOW,0,2026-05-10,2026-05,u2_1
2026-05-10,1.0,40.0,40.0,小品雅廚中原,麵筋40,飲食,2,VERY_LOW,0,2026-05-10,2026-05,u2_1
2026-05-10,1.0,70.0,70.0,小品雅廚中原,香菇肉70,飲食,2,LOW,0,2026-05-10,2026-05,u2_1
2026-05-10,1.0,80.0,80.0,小品雅廚中原,金沙杏鮑菇80,飲食,2,LOW,0,2026-05-10,2026-05,u2_1
2026-05-10,2.0,10.0,20.0,小品雅廚中原,粥一杯10,飲食,2,VERY_LOW,0,2026-05-10,2026-05,u2_1
2026-05-10,1.0,20.0,20.0,小品雅廚中原,白飯一杯20,飲食,2,VERY_LOW,0,2026-05-10,2026-05,u2_1
2026-05-10,1.0,60.0,60.0,小品雅廚中原,番茄炒蛋60,飲食,2,LOW,0,2026-05-10,2026-05,u2_1
2026-05-10,1.0,60.0,60.0,小品雅廚中原,季節青菜60,飲食,2,LOW,0,2026-05-10,2026-05,u2_1
2026-05-11,1.0,235.0,235.0,欣享食業公館店,套餐1,飲食,2,MID,0,2026-05-11,2026-05,u2_1
2026-05-13,2.0,39.0,78.0,魯山國際餐飲事業台大門市部,鴛鴦鍋,飲食,2,LOW,0,2026-05-13,2026-05,u2_1
2026-05-13,4.0,299.0,1196.0,魯山國際餐飲事業台大門市部,299成人,飲食,2,HIGH,0,2026-05-13,2026-05,u2_1
2026-05-14,1.0,35.0,35.0,全家便利商店新竹鐵道,經典爆汁熱狗,飲食,2,VERY_LOW,0,2026-05-14,2026-05,u2_1
2026-05-14,1.0,15.0,15.0,全家便利商店新竹鐵道,二配熱狗麵包,飲食,2,VERY_LOW,0,2026-05-14,2026-05,u2_1
2026-05-16,1.0,10.0,10.0,笑笑笑國際國寶園門市部,統一h2o純水600ml,飲食,2,VERY_LOW,0,2026-05-16,2026-05,u2_0
2026-05-16,1.0,140.0,140.0,永記虱目魚丸,綜合湯,飲食,2,LOW,0,2026-05-16,2026-05,u2_1
2026-05-18,1.0,20.0,20.0,全家便利商店台大二活門市部,香蕉單入,飲食,2,VERY_LOW,0,2026-05-18,2026-05,u2_1
2026-05-19,1.0,30.0,30.0,全家便利商店台大二活門市部,二配經典肉鬆飯糰,飲食,2,VERY_LOW,0,2026-05-19,2026-05,u2_1
2026-05-19,1.0,21.0,21.0,全聯實業永和成功,ex強氣泡水,飲食,2,VERY_LOW,0,2026-05-19,2026-05,u2_6
2026-05-19,1.0,69.0,69.0,全聯實業永和成功,嚴選紅龍果金,飲食,2,LOW,0,2026-05-19,2026-05,u2_1
2026-05-19,5.0,22.0,110.0,全聯實業永和成功,陽光金圓頭52,飲食,2,LOW,0,2026-05-19,2026-05,u2_5
2026-05-21,1.0,39.0,39.0,全家便利商店台大二活門市部,香蕉可可三明治,飲食,2,VERY_LOW,0,2026-05-21,2026-05,u2_1
2026-05-21,1.0,38.0,38.0,全家便利商店新北市第一一二,午后時光重乳奶茶,飲食,2,VERY_LOW,0,2026-05-21,2026-05,u2_1
2026-05-22,1.0,65.0,65.0,和德昌台中學士路,雙倍or冰炫風,飲食,2,LOW,0,2026-05-22,2026-05,u2_1
2026-05-23,1.0,330.0,330.0,勤美台中,星球工坊爆米花,飲食,2,MID,0,2026-05-23,2026-05,u2_1
2026-05-23,1.0,220.0,220.0,勤美台中,oasis馬琳糖輕食 正價品,飲食,2,MID,0,2026-05-23,2026-05,u2_1
